ISO-10303-21;
HEADER;
FILE_DESCRIPTION (( 'STEP AP214' ),
    '1' );
FILE_NAME ('Корпус.STEP',
    '2025-11-27T11:00:00',
    ( 'laa' ),
    ( '' ),
    'SwSTEP 2.0',
    'SolidWorks 2025',
    '' );
FILE_SCHEMA (( 'AUTOMOTIVE_DESIGN' ));
ENDSEC;

DATA;
#1 = EDGE_LOOP ( 'NONE', ( #3766, #2179, #3753, #3821 ) ) ;
#2 = VECTOR ( 'NONE', #1299, 1000.000000000000114 ) ;
#4 = CARTESIAN_POINT ( 'NONE',  ( -20.89999999999999858, 48.00000000000000000, -15.90000000000000036 ) ) ;
#3 = PRESENTATION_LAYER_ASSIGNMENT (  '', '', ( #965 ) ) ;
#5 = FILL_AREA_STYLE ('',( #3273 ) ) ;
#6 = FILL_AREA_STYLE_COLOUR ( '', #2413 ) ;
#7 = ORIENTED_EDGE ( 'NONE', *, *, #2379, .F. ) ;
#8 = PRESENTATION_LAYER_ASSIGNMENT (  '', '', ( #132 ) ) ;
#9 = CARTESIAN_POINT ( 'NONE',  ( -28.90999999999853642, 34.60000000000000142, 12.55799999999995009 ) ) ;
#10 = VERTEX_POINT ( 'NONE', #602 ) ;
#11 = DIRECTION ( 'NONE',  ( 0.000000000000000000, 0.000000000000000000, 1.000000000000000000 ) ) ;
#12 = PRESENTATION_STYLE_ASSIGNMENT (( #1273 ) ) ;
#13 = CARTESIAN_POINT ( 'NONE',  ( -42.49999999999999289, 3.329129092832149084, 7.283861643578839029 ) ) ;
#14 = FILL_AREA_STYLE_COLOUR ( '', #2841 ) ;
#15 = LINE ( 'NONE', #43, #756 ) ;
#16 = VECTOR ( 'NONE', #3813, 1000.000000000000000 ) ;
#17 = ORIENTED_EDGE ( 'NONE', *, *, #1221, .T. ) ;
#18 = VECTOR ( 'NONE', #1995, 1000.000000000000000 ) ;
#19 = FACE_OUTER_BOUND ( 'NONE', #1614, .T. ) ;
#20 = EDGE_LOOP ( 'NONE', ( #1547, #793, #1917, #2664 ) ) ;
#21 = VECTOR ( 'NONE', #3210, 1000.000000000000000 ) ;
#22 = FILL_AREA_STYLE ('',( #2700 ) ) ;
#23 = EDGE_CURVE ( 'NONE', #1710, #1098, #3053, .T. ) ;
#24 =( NAMED_UNIT ( * ) SI_UNIT ( $, .STERADIAN. ) SOLID_ANGLE_UNIT ( ) );
#25 = PRESENTATION_STYLE_ASSIGNMENT (( #3614 ) ) ;
#26 = LINE ( 'NONE', #970, #1925 ) ;
#27 = DIRECTION ( 'NONE',  ( 0.000000000000000000, 1.000000000000000000, 0.000000000000000000 ) ) ;
#28 = EDGE_LOOP ( 'NONE', ( #1953, #3048, #2310, #2715 ) ) ;
#29 = VECTOR ( 'NONE', #1613, 1000.000000000000000 ) ;
#30 = MECHANICAL_DESIGN_GEOMETRIC_PRESENTATION_REPRESENTATION (  '', ( #3585 ), #214 ) ;
#31 = DIRECTION ( 'NONE',  ( 1.000000000000000000, 0.000000000000000000, -0.000000000000000000 ) ) ;
#32 = STYLED_ITEM ( 'NONE', ( #3157 ), #1608 ) ;
#33 = ORIENTED_EDGE ( 'NONE', *, *, #791, .F. ) ;
#34 = SURFACE_SIDE_STYLE ('',( #1521 ) ) ;
#35 = CARTESIAN_POINT ( 'NONE',  ( -40.49999999999999289, 6.268728515410835200, -15.44475134594819288 ) ) ;
#36 = STYLED_ITEM ( 'NONE', ( #2675 ), #2515 ) ;
#37 = CARTESIAN_POINT ( 'NONE',  ( -11.90000000000007319, 29.50000000000000355, 10.00000000000000000 ) ) ;
#38 = EDGE_CURVE ( 'NONE', #2657, #3539, #583, .T. ) ;
#39 = DIRECTION ( 'NONE',  ( 1.000000000000000000, 1.982541115402065110E-16, 0.000000000000000000 ) ) ;
#40 = VECTOR ( 'NONE', #1619, 1000.000000000000000 ) ;
#41 =( NAMED_UNIT ( * ) PLANE_ANGLE_UNIT ( ) SI_UNIT ( $, .RADIAN. ) );
#42 = DIRECTION ( 'NONE',  ( 8.673617379884035472E-17, 1.468172396316442490E-32, -1.000000000000000000 ) ) ;
#43 = CARTESIAN_POINT ( 'NONE',  ( -42.49999999999999289, 0.000000000000000000, -6.600000000000001421 ) ) ;
#44 = VERTEX_POINT ( 'NONE', #3272 ) ;
#45 = PRESENTATION_LAYER_ASSIGNMENT (  '', '', ( #1190 ) ) ;
#46 = EDGE_CURVE ( 'NONE', #448, #1989, #773, .T. ) ;
#47 = CIRCLE ( 'NONE', #1059, 3.481099999999993866 ) ;
#48 = ORIENTED_EDGE ( 'NONE', *, *, #3293, .T. ) ;
#49 = CARTESIAN_POINT ( 'NONE',  ( -28.91000000000001791, 34.60000000000000142, -12.55799999999999628 ) ) ;
#50 = SURFACE_STYLE_FILL_AREA ( #2742 ) ;
#51 = CARTESIAN_POINT ( 'NONE',  ( 20.89999999999999858, 33.00000000000000711, 15.90000000000000036 ) ) ;
#53 = ORIENTED_EDGE ( 'NONE', *, *, #3082, .T. ) ;
#52 = AXIS2_PLACEMENT_3D ( 'NONE', #945, #2147, #364 ) ;
#54 = CARTESIAN_POINT ( 'NONE',  ( -14.50000000000018296, 29.50000000000000355, 1.000000000000001554 ) ) ;
#55 = EDGE_LOOP ( 'NONE', ( #2006, #1263 ) ) ;
#56 = FILL_AREA_STYLE_COLOUR ( '', #2132 ) ;
#57 = LINE ( 'NONE', #2119, #3674 ) ;
#58 = EDGE_CURVE ( 'NONE', #1624, #248, #2944, .T. ) ;
#59 = PRESENTATION_STYLE_ASSIGNMENT (( #2213 ) ) ;
#60 = FILL_AREA_STYLE ('',( #1311 ) ) ;
#61 = LINE ( 'NONE', #3572, #1724 ) ;
#62 = DIRECTION ( 'NONE',  ( -0.000000000000000000, 1.000000000000000000, -0.000000000000000000 ) ) ;
#63 = EDGE_CURVE ( 'NONE', #2782, #1278, #3577, .T. ) ;
#64 = ORIENTED_EDGE ( 'NONE', *, *, #829, .T. ) ;
#65 = CARTESIAN_POINT ( 'NONE',  ( -40.50000000000000000, 27.19999999999999929, 8.099999999999988987 ) ) ;
#66 = LINE ( 'NONE', #371, #2888 ) ;
#67 = DIRECTION ( 'NONE',  ( 0.000000000000000000, 0.000000000000000000, 1.000000000000000000 ) ) ;
#68 =( LENGTH_UNIT ( ) NAMED_UNIT ( * ) SI_UNIT ( .MILLI., .METRE. ) );
#69 =( NAMED_UNIT ( * ) SI_UNIT ( $, .STERADIAN. ) SOLID_ANGLE_UNIT ( ) );
#70 = AXIS2_PLACEMENT_3D ( 'NONE', #1893, #3419, #157 ) ;
#71 =( LENGTH_UNIT ( ) NAMED_UNIT ( * ) SI_UNIT ( .MILLI., .METRE. ) );
#72 = ORIENTED_EDGE ( 'NONE', *, *, #307, .T. ) ;
#73 = PRESENTATION_LAYER_ASSIGNMENT (  '', '', ( #130 ) ) ;
#74 = DIRECTION ( 'NONE',  ( -1.000000000000000000, -1.982541115402065110E-16, -0.000000000000000000 ) ) ;
#75 = ORIENTED_EDGE ( 'NONE', *, *, #1507, .T. ) ;
#76 = DIRECTION ( 'NONE',  ( -0.000000000000000000, 1.000000000000000000, -0.000000000000000000 ) ) ;
#77 = DIRECTION ( 'NONE',  ( 1.000000000000000000, 1.660022465049576262E-16, 0.000000000000000000 ) ) ;
#78 = PRESENTATION_STYLE_ASSIGNMENT (( #1327 ) ) ;
#79 = EDGE_CURVE ( 'NONE', #2906, #3834, #66, .T. ) ;
#80 = LINE ( 'NONE', #2485, #1572 ) ;
#81 = MECHANICAL_DESIGN_GEOMETRIC_PRESENTATION_REPRESENTATION (  '', ( #191 ), #3807 ) ;
#82 = ORIENTED_EDGE ( 'NONE', *, *, #1111, .T. ) ;
#83 = DIRECTION ( 'NONE',  ( 1.000000000000000000, 0.000000000000000000, 0.000000000000000000 ) ) ;
#84 = CARTESIAN_POINT ( 'NONE',  ( -40.90000000000000568, 27.19999999999999929, -8.200000000000013500 ) ) ;
#85 = CARTESIAN_POINT ( 'NONE',  ( -40.49999999999999289, 1.373899999999992572, 4.155000000000004690 ) ) ;
#86 =( NAMED_UNIT ( * ) SI_UNIT ( $, .STERADIAN. ) SOLID_ANGLE_UNIT ( ) );
#87 = CARTESIAN_POINT ( 'NONE',  ( 0.000000000000000000, 0.000000000000000000, 0.000000000000000000 ) ) ;
#88 = EDGE_LOOP ( 'NONE', ( #935, #1128, #3545, #3827 ) ) ;
#89 = VECTOR ( 'NONE', #77, 1000.000000000000000 ) ;
#90 = LINE ( 'NONE', #354, #1733 ) ;
#91 = ORIENTED_EDGE ( 'NONE', *, *, #739, .F. ) ;
#92 = CARTESIAN_POINT ( 'NONE',  ( 0.000000000000000000, 0.000000000000000000, -17.50000000000000000 ) ) ;
#93 = PRESENTATION_LAYER_ASSIGNMENT (  '', '', ( #3639 ) ) ;
#94 = CARTESIAN_POINT ( 'NONE',  ( -28.90999999999853642, 32.59999999999999432, 14.05799999999994476 ) ) ;
#95 = COLOUR_RGB ( '',1.000000000000000000, 1.000000000000000000, 1.000000000000000000 ) ;
#96 = LINE ( 'NONE', #2183, #2785 ) ;
#97 = CARTESIAN_POINT ( 'NONE',  ( -22.50000000000000000, 49.60000000000000142, 17.50000000000000000 ) ) ;
#98 = PRESENTATION_LAYER_ASSIGNMENT (  '', '', ( #604 ) ) ;
#99 = MECHANICAL_DESIGN_GEOMETRIC_PRESENTATION_REPRESENTATION (  '', ( #1737 ), #152 ) ;
#100 = EDGE_CURVE ( 'NONE', #2241, #814, #1576, .T. ) ;
#101 =( GEOMETRIC_REPRESENTATION_CONTEXT ( 3 ) GLOBAL_UNCERTAINTY_ASSIGNED_CONTEXT ( ( #2222 ) ) GLOBAL_UNIT_ASSIGNED_CONTEXT ( ( #3828, #2633, #528 ) ) REPRESENTATION_CONTEXT ( 'NONE', 'WORKASPACE' ) );
#102 = ORIENTED_EDGE ( 'NONE', *, *, #2452, .T. ) ;
#103 = VECTOR ( 'NONE', #2895, 1000.000000000000000 ) ;
#104 =( NAMED_UNIT ( * ) SI_UNIT ( $, .STERADIAN. ) SOLID_ANGLE_UNIT ( ) );
#105 = CARTESIAN_POINT ( 'NONE',  ( -42.49999999999999289, 3.768728515410833868, 11.11462432702595038 ) ) ;
#106 = SURFACE_SIDE_STYLE ('',( #1911 ) ) ;
#107 = EDGE_LOOP ( 'NONE', ( #3742, #2791, #3679, #3836 ) ) ;
#108 = MECHANICAL_DESIGN_GEOMETRIC_PRESENTATION_REPRESENTATION (  '', ( #3596 ), #1564 ) ;
#109 = ORIENTED_EDGE ( 'NONE', *, *, #722, .F. ) ;
#110 = PLANE ( 'NONE',  #3107 ) ;
#111 = COLOUR_RGB ( '',1.000000000000000000, 1.000000000000000000, 1.000000000000000000 ) ;
#112 = CYLINDRICAL_SURFACE ( 'NONE', #3436, 3.099999999999999645 ) ;
#113 = EDGE_CURVE ( 'NONE', #3226, #2148, #1533, .T. ) ;
#114 = VECTOR ( 'NONE', #1416, 1000.000000000000000 ) ;
#115 = DIRECTION ( 'NONE',  ( -1.000000000000000000, -1.982541115402065110E-16, -0.000000000000000000 ) ) ;
#116 = CARTESIAN_POINT ( 'NONE',  ( -42.49999999999999289, 6.268728515410837865, -9.671248654051934679 ) ) ;
#117 =( GEOMETRIC_REPRESENTATION_CONTEXT ( 3 ) GLOBAL_UNCERTAINTY_ASSIGNED_CONTEXT ( ( #916 ) ) GLOBAL_UNIT_ASSIGNED_CONTEXT ( ( #2776, #1631, #750 ) ) REPRESENTATION_CONTEXT ( 'NONE', 'WORKASPACE' ) );
#118 = ORIENTED_EDGE ( 'NONE', *, *, #2662, .T. ) ;
#119 = LINE ( 'NONE', #3067, #3460 ) ;
#120 = DIRECTION ( 'NONE',  ( -1.982541115402065356E-16, -1.000000000000000000, 0.000000000000000000 ) ) ;
#121 = UNCERTAINTY_MEASURE_WITH_UNIT (LENGTH_MEASURE( 1.000000000000000082E-05 ), #940, 'distance_accuracy_value', 'NONE');
#122 = ORIENTED_EDGE ( 'NONE', *, *, #558, .F. ) ;
#123 = CARTESIAN_POINT ( 'NONE',  ( 0.000000000000000000, 0.000000000000000000, -15.90000000000000036 ) ) ;
#124 = UNCERTAINTY_MEASURE_WITH_UNIT (LENGTH_MEASURE( 1.000000000000000082E-05 ), #572, 'distance_accuracy_value', 'NONE');
#125 = VERTEX_POINT ( 'NONE', #1280 ) ;
#126 = DIRECTION ( 'NONE',  ( -1.000000000000000000, -1.982541115402065110E-16, -0.000000000000000000 ) ) ;
#127 = PRESENTATION_LAYER_ASSIGNMENT (  '', '', ( #841 ) ) ;
#128 = LINE ( 'NONE', #1362, #2498 ) ;
#129 = PRESENTATION_STYLE_ASSIGNMENT (( #2523 ) ) ;
#130 = STYLED_ITEM ( 'NONE', ( #1256 ), #420 ) ;
#131 = EDGE_CURVE ( 'NONE', #2138, #413, #2331, .T. ) ;
#132 = STYLED_ITEM ( 'NONE', ( #2057 ), #615 ) ;
#133 =( LENGTH_UNIT ( ) NAMED_UNIT ( * ) SI_UNIT ( .MILLI., .METRE. ) );
#134 = ORIENTED_EDGE ( 'NONE', *, *, #1314, .F. ) ;
#135 = PLANE ( 'NONE',  #2428 ) ;
#136 = CARTESIAN_POINT ( 'NONE',  ( -40.90000000000000568, 38.08267792232906856, 8.696543600017427877 ) ) ;
#137 = FILL_AREA_STYLE ('',( #3458 ) ) ;
#138 = CARTESIAN_POINT ( 'NONE',  ( 0.000000000000000000, 0.000000000000000000, 0.000000000000000000 ) ) ;
#139 = VERTEX_POINT ( 'NONE', #2456 ) ;
#140 = ADVANCED_FACE ( 'NONE', ( #3598 ), #2153, .F. ) ;
#141 = SURFACE_STYLE_FILL_AREA ( #1322 ) ;
#142 = EDGE_LOOP ( 'NONE', ( #902, #2480, #874, #3025 ) ) ;
#143 = DIRECTION ( 'NONE',  ( -1.692687528183392866E-16, 1.000000000000000000, -0.000000000000000000 ) ) ;
#144 = DIRECTION ( 'NONE',  ( 1.000000000000000000, 0.000000000000000000, 0.000000000000000000 ) ) ;
#145 = COLOUR_RGB ( '',1.000000000000000000, 1.000000000000000000, 1.000000000000000000 ) ;
#146 = DIRECTION ( 'NONE',  ( 0.000000000000000000, 1.000000000000000000, -0.000000000000000000 ) ) ;
#147 =( NAMED_UNIT ( * ) PLANE_ANGLE_UNIT ( ) SI_UNIT ( $, .RADIAN. ) );
#148 = UNCERTAINTY_MEASURE_WITH_UNIT (LENGTH_MEASURE( 1.000000000000000082E-05 ), #2093, 'distance_accuracy_value', 'NONE');
#149 = AXIS2_PLACEMENT_3D ( 'NONE', #3128, #451, #3712 ) ;
#150 = EDGE_CURVE ( 'NONE', #3410, #10, #3294, .T. ) ;
#151 =( NAMED_UNIT ( * ) PLANE_ANGLE_UNIT ( ) SI_UNIT ( $, .RADIAN. ) );
#152 =( GEOMETRIC_REPRESENTATION_CONTEXT ( 3 ) GLOBAL_UNCERTAINTY_ASSIGNED_CONTEXT ( ( #3190 ) ) GLOBAL_UNIT_ASSIGNED_CONTEXT ( ( #2516, #2852, #500 ) ) REPRESENTATION_CONTEXT ( 'NONE', 'WORKASPACE' ) );
#153 = ORIENTED_EDGE ( 'NONE', *, *, #46, .F. ) ;
#154 = AXIS2_PLACEMENT_3D ( 'NONE', #65, #3028, #2432 ) ;
#155 = EDGE_CURVE ( 'NONE', #3774, #1295, #1349, .T. ) ;
#156 = CARTESIAN_POINT ( 'NONE',  ( -2.100000000000182609, 48.00000000000000000, 1.078520768856852078E-29 ) ) ;
#157 = DIRECTION ( 'NONE',  ( 0.000000000000000000, 0.000000000000000000, 1.000000000000000000 ) ) ;
#158 = CARTESIAN_POINT ( 'NONE',  ( 40.49999999999999289, 16.19999999999999929, 6.299999999999997158 ) ) ;
#159 = FILL_AREA_STYLE_COLOUR ( '', #2980 ) ;
#160 = ORIENTED_EDGE ( 'NONE', *, *, #883, .F. ) ;
#161 = AXIS2_PLACEMENT_3D ( 'NONE', #3841, #1209, #899 ) ;
#162 = ORIENTED_EDGE ( 'NONE', *, *, #2167, .F. ) ;
#163 = FILL_AREA_STYLE_COLOUR ( '', #3050 ) ;
#164 = FILL_AREA_STYLE ('',( #1415 ) ) ;
#165 = MECHANICAL_DESIGN_GEOMETRIC_PRESENTATION_REPRESENTATION (  '', ( #234 ), #2689 ) ;
#166 = FACE_OUTER_BOUND ( 'NONE', #3748, .T. ) ;
#167 = SURFACE_SIDE_STYLE ('',( #3749 ) ) ;
#168 = VECTOR ( 'NONE', #263, 1000.000000000000000 ) ;
#169 = FILL_AREA_STYLE ('',( #2308 ) ) ;
#170 = SURFACE_STYLE_USAGE ( .BOTH. , #3490 ) ;
#171 = EDGE_LOOP ( 'NONE', ( #2460, #1352, #1122, #2295 ) ) ;
#172 = SURFACE_STYLE_FILL_AREA ( #2873 ) ;
#173 = CARTESIAN_POINT ( 'NONE',  ( 42.49999999999999289, 7.399999999999990585, -6.600000000000001421 ) ) ;
#174 = CARTESIAN_POINT ( 'NONE',  ( -28.90999999999853642, 33.00000000000000000, 14.05799999999994476 ) ) ;
#175 = CARTESIAN_POINT ( 'NONE',  ( -17.10000000000028564, 48.00000000000000000, -10.00000000000000000 ) ) ;
#176 = PRODUCT_CONTEXT ( 'NONE', #1849, 'mechanical' ) ;
#177 = ORIENTED_EDGE ( 'NONE', *, *, #1530, .T. ) ;
#178 = ORIENTED_EDGE ( 'NONE', *, *, #2836, .T. ) ;
#179 = SURFACE_STYLE_FILL_AREA ( #3442 ) ;
#180 = LINE ( 'NONE', #776, #1403 ) ;
#181 = FILL_AREA_STYLE ('',( #226 ) ) ;
#182 = SURFACE_SIDE_STYLE ('',( #1697 ) ) ;
#183 =( LENGTH_UNIT ( ) NAMED_UNIT ( * ) SI_UNIT ( .MILLI., .METRE. ) );
#184 = DIRECTION ( 'NONE',  ( 0.000000000000000000, 1.000000000000000000, 0.000000000000000000 ) ) ;
#185 = CIRCLE ( 'NONE', #187, 1.000000000000000888 ) ;
#186 = ADVANCED_FACE ( 'NONE', ( #3699 ), #693, .F. ) ;
#187 = AXIS2_PLACEMENT_3D ( 'NONE', #2567, #498, #3496 ) ;
#188 = CARTESIAN_POINT ( 'NONE',  ( -17.10000000000007603, 29.50000000000000355, 10.00000000000000000 ) ) ;
#189 = ORIENTED_EDGE ( 'NONE', *, *, #2294, .F. ) ;
#190 = AXIS2_PLACEMENT_3D ( 'NONE', #1252, #3017, #1233 ) ;
#192 = DIRECTION ( 'NONE',  ( -0.000000000000000000, 1.000000000000000000, -0.000000000000000000 ) ) ;
#191 = STYLED_ITEM ( 'NONE', ( #880 ), #995 ) ;
#193 = CARTESIAN_POINT ( 'NONE',  ( -14.50000000000028777, 47.59999999999999432, -10.00000000000000000 ) ) ;
#194 = UNCERTAINTY_MEASURE_WITH_UNIT (LENGTH_MEASURE( 1.000000000000000082E-05 ), #1668, 'distance_accuracy_value', 'NONE');
#195 = VERTEX_POINT ( 'NONE', #3364 ) ;
#196 = EDGE_CURVE ( 'NONE', #1710, #1871, #1023, .T. ) ;
#197 = CARTESIAN_POINT ( 'NONE',  ( 40.89999999999999858, 0.000000000000000000, 15.90000000000000036 ) ) ;
#198 = ORIENTED_EDGE ( 'NONE', *, *, #3734, .F. ) ;
#199 = DIRECTION ( 'NONE',  ( -2.102695122396129176E-16, -1.000000000000000000, -1.577021341797097560E-16 ) ) ;
#200 = AXIS2_PLACEMENT_3D ( 'NONE', #1275, #2165, #3322 ) ;
#201 = CARTESIAN_POINT ( 'NONE',  ( -14.50000000000013145, 29.50000000000000355, 3.999999999999998224 ) ) ;
#202 = VECTOR ( 'NONE', #652, 1000.000000000000114 ) ;
#203 = CARTESIAN_POINT ( 'NONE',  ( 20.89999999999999858, 33.00000000000000711, -15.90000000000000036 ) ) ;
#204 = ORIENTED_EDGE ( 'NONE', *, *, #1495, .T. ) ;
#205 = DIRECTION ( 'NONE',  ( 1.982541115402065110E-16, -1.000000000000000000, 0.000000000000000000 ) ) ;
#206 = CARTESIAN_POINT ( 'NONE',  ( -42.49999999999999289, 3.329129092832146419, -7.283861643578813272 ) ) ;
#207 = PRESENTATION_LAYER_ASSIGNMENT (  '', '', ( #596 ) ) ;
#208 = SURFACE_STYLE_FILL_AREA ( #2384 ) ;
#209 = CARTESIAN_POINT ( 'NONE',  ( -42.49999999999999289, 13.19999999999999751, 8.099999999999988987 ) ) ;
#210 = CARTESIAN_POINT ( 'NONE',  ( -42.50000000000000000, 6.169129092832156047, -8.668861643578825493 ) ) ;
#211 = VECTOR ( 'NONE', #3636, 1000.000000000000114 ) ;
#212 = UNCERTAINTY_MEASURE_WITH_UNIT (LENGTH_MEASURE( 1.000000000000000082E-05 ), #1801, 'distance_accuracy_value', 'NONE');
#213 = ORIENTED_EDGE ( 'NONE', *, *, #1359, .T. ) ;
#214 =( GEOMETRIC_REPRESENTATION_CONTEXT ( 3 ) GLOBAL_UNCERTAINTY_ASSIGNED_CONTEXT ( ( #854 ) ) GLOBAL_UNIT_ASSIGNED_CONTEXT ( ( #3368, #2856, #1375 ) ) REPRESENTATION_CONTEXT ( 'NONE', 'WORKASPACE' ) );
#215 =( GEOMETRIC_REPRESENTATION_CONTEXT ( 3 ) GLOBAL_UNCERTAINTY_ASSIGNED_CONTEXT ( ( #3109 ) ) GLOBAL_UNIT_ASSIGNED_CONTEXT ( ( #3817, #578, #2525 ) ) REPRESENTATION_CONTEXT ( 'NONE', 'WORKASPACE' ) );
#216 = DIRECTION ( 'NONE',  ( 0.000000000000000000, 0.000000000000000000, 1.000000000000000000 ) ) ;
#217 = CARTESIAN_POINT ( 'NONE',  ( 40.90000000000000568, 0.000000000000000000, -6.600000000000001421 ) ) ;
#218 = DIRECTION ( 'NONE',  ( 0.000000000000000000, 0.000000000000000000, 1.000000000000000000 ) ) ;
#219 = ORIENTED_EDGE ( 'NONE', *, *, #1766, .T. ) ;
#220 = COLOUR_RGB ( '',1.000000000000000000, 1.000000000000000000, 1.000000000000000000 ) ;
#221 = ORIENTED_EDGE ( 'NONE', *, *, #1794, .F. ) ;
#222 =( NAMED_UNIT ( * ) PLANE_ANGLE_UNIT ( ) SI_UNIT ( $, .RADIAN. ) );
#223 = CARTESIAN_POINT ( 'NONE',  ( -20.89999999999999858, 48.00000000000000000, 15.90000000000000036 ) ) ;
#224 = APPLICATION_CONTEXT ( 'automotive_design' ) ;
#225 =( NAMED_UNIT ( * ) PLANE_ANGLE_UNIT ( ) SI_UNIT ( $, .RADIAN. ) );
#226 = FILL_AREA_STYLE_COLOUR ( '', #1632 ) ;
#227 = PRODUCT_RELATED_PRODUCT_CATEGORY ( 'part', '', ( #3125 ) ) ;
#228 =( GEOMETRIC_REPRESENTATION_CONTEXT ( 3 ) GLOBAL_UNCERTAINTY_ASSIGNED_CONTEXT ( ( #121 ) ) GLOBAL_UNIT_ASSIGNED_CONTEXT ( ( #940, #699, #2783 ) ) REPRESENTATION_CONTEXT ( 'NONE', 'WORKASPACE' ) );
#229 = CARTESIAN_POINT ( 'NONE',  ( -40.49999999999999289, 3.768728515410834312, -11.11462432702600012 ) ) ;
#230 = EDGE_LOOP ( 'NONE', ( #1401, #2314, #376, #1077, #7, #3621, #3523, #1084 ) ) ;
#231 = SURFACE_STYLE_FILL_AREA ( #3555 ) ;
#232 = AXIS2_PLACEMENT_3D ( 'NONE', #834, #1768, #67 ) ;
#233 = EDGE_CURVE ( 'NONE', #394, #44, #3131, .T. ) ;
#234 = STYLED_ITEM ( 'NONE', ( #1243 ), #3423 ) ;
#235 = SURFACE_SIDE_STYLE ('',( #3831 ) ) ;
#236 = ORIENTED_EDGE ( 'NONE', *, *, #3595, .T. ) ;
#237 = CARTESIAN_POINT ( 'NONE',  ( 37.50000000000145661, 32.59999999999999432, 12.50000000000007816 ) ) ;
#238 = FILL_AREA_STYLE_COLOUR ( '', #2509 ) ;
#239 = DIRECTION ( 'NONE',  ( -1.000000000000000000, 0.000000000000000000, 0.000000000000000000 ) ) ;
#240 = ORIENTED_EDGE ( 'NONE', *, *, #63, .T. ) ;
#241 = UNCERTAINTY_MEASURE_WITH_UNIT (LENGTH_MEASURE( 1.000000000000000082E-05 ), #3330, 'distance_accuracy_value', 'NONE');
#242 = CARTESIAN_POINT ( 'NONE',  ( -42.49999999999999289, 3.768728515410834312, -14.00137567297412922 ) ) ;
#243 = EDGE_CURVE ( 'NONE', #3268, #2697, #3399, .T. ) ;
#244 = ORIENTED_EDGE ( 'NONE', *, *, #626, .T. ) ;
#245 = CARTESIAN_POINT ( 'NONE',  ( 37.50000000000145661, 33.00000000000000711, 12.50000000000007816 ) ) ;
#246 = CARTESIAN_POINT ( 'NONE',  ( -42.50000000000000000, 34.60000000000000142, -17.50000000000000000 ) ) ;
#247 = PRODUCT_DEFINITION_CONTEXT ( 'detailed design', #642, 'design' ) ;
#248 = VERTEX_POINT ( 'NONE', #389 ) ;
#249 = DIRECTION ( 'NONE',  ( 0.000000000000000000, 0.000000000000000000, 1.000000000000000000 ) ) ;
#250 = CARTESIAN_POINT ( 'NONE',  ( -28.91000000000001791, 34.60000000000000142, -12.55799999999999628 ) ) ;
#251 = EDGE_CURVE ( 'NONE', #254, #2827, #708, .T. ) ;
#252 = STYLED_ITEM ( 'NONE', ( #460 ), #279 ) ;
#253 = PRESENTATION_STYLE_ASSIGNMENT (( #170 ) ) ;
#254 = VERTEX_POINT ( 'NONE', #84 ) ;
#255 = VECTOR ( 'NONE', #3750, 1000.000000000000000 ) ;
#256 = CARTESIAN_POINT ( 'NONE',  ( 0.9999999999998170352, 49.60000000000000142, 1.499999999999999556 ) ) ;
#257 = ORIENTED_EDGE ( 'NONE', *, *, #3376, .F. ) ;
#258 = CIRCLE ( 'NONE', #2470, 1.000000000000002665 ) ;
#259 =( NAMED_UNIT ( * ) SI_UNIT ( $, .STERADIAN. ) SOLID_ANGLE_UNIT ( ) );
#260 = EDGE_LOOP ( 'NONE', ( #2344, #2984 ) ) ;
#261 = DIRECTION ( 'NONE',  ( 0.000000000000000000, 1.000000000000000000, 0.000000000000000000 ) ) ;
#262 = CARTESIAN_POINT ( 'NONE',  ( -20.89999999999999858, 33.00000000000000000, 15.90000000000000036 ) ) ;
#263 = DIRECTION ( 'NONE',  ( 0.000000000000000000, -1.000000000000000000, 0.000000000000000000 ) ) ;
#264 = COLOUR_RGB ( '',1.000000000000000000, 1.000000000000000000, 1.000000000000000000 ) ;
#265 = EDGE_CURVE ( 'NONE', #2063, #3567, #2491, .T. ) ;
#266 = ORIENTED_EDGE ( 'NONE', *, *, #3562, .T. ) ;
#267 = PRESENTATION_STYLE_ASSIGNMENT (( #2324 ) ) ;
#268 = SURFACE_SIDE_STYLE ('',( #2671 ) ) ;
#269 = VECTOR ( 'NONE', #933, 1000.000000000000000 ) ;
#270 = DIRECTION ( 'NONE',  ( 0.000000000000000000, 0.000000000000000000, 1.000000000000000000 ) ) ;
#271 = FACE_OUTER_BOUND ( 'NONE', #964, .T. ) ;
#272 = PLANE ( 'NONE',  #3356 ) ;
#273 = EDGE_LOOP ( 'NONE', ( #635, #1947, #2612, #3574 ) ) ;
#274 = STYLED_ITEM ( 'NONE', ( #3041 ), #1899 ) ;
#275 = EDGE_CURVE ( 'NONE', #3379, #1367, #2825, .T. ) ;
#276 = AXIS2_PLACEMENT_3D ( 'NONE', #1838, #31, #1593 ) ;
#277 = DIRECTION ( 'NONE',  ( -1.692687528183392866E-16, 1.000000000000000000, -0.000000000000000000 ) ) ;
#278 = EDGE_LOOP ( 'NONE', ( #2870, #244 ) ) ;
#279 = ADVANCED_FACE ( 'NONE', ( #2221 ), #1317, .F. ) ;
#280 = PRESENTATION_STYLE_ASSIGNMENT (( #1892 ) ) ;
#281 = DIRECTION ( 'NONE',  ( 0.000000000000000000, 1.000000000000000000, 0.000000000000000000 ) ) ;
#282 = FACE_BOUND ( 'NONE', #421, .T. ) ;
#283 = AXIS2_PLACEMENT_3D ( 'NONE', #2626, #542, #2014 ) ;
#285 = SURFACE_STYLE_USAGE ( .BOTH. , #3784 ) ;
#284 = MECHANICAL_DESIGN_GEOMETRIC_PRESENTATION_REPRESENTATION (  '', ( #3643 ), #1603 ) ;
#286 = DIRECTION ( 'NONE',  ( 1.000000000000000000, 0.000000000000000000, 0.000000000000000000 ) ) ;
#287 = CARTESIAN_POINT ( 'NONE',  ( -40.90000000000000568, 8.768728515410835200, 17.50000000000000000 ) ) ;
#288 = AXIS2_PLACEMENT_3D ( 'NONE', #1331, #2850, #83 ) ;
#289 = PLANE ( 'NONE',  #2421 ) ;
#290 = ORIENTED_EDGE ( 'NONE', *, *, #251, .T. ) ;
#291 = LINE ( 'NONE', #1758, #454 ) ;
#292 = PRESENTATION_LAYER_ASSIGNMENT (  '', '', ( #3700 ) ) ;
#293 = VECTOR ( 'NONE', #1692, 1000.000000000000000 ) ;
#294 = DIRECTION ( 'NONE',  ( 0.000000000000000000, 0.000000000000000000, 1.000000000000000000 ) ) ;
#295 = FILL_AREA_STYLE_COLOUR ( '', #3697 ) ;
#296 = LINE ( 'NONE', #2750, #664 ) ;
#297 = FILL_AREA_STYLE_COLOUR ( '', #691 ) ;
#298 = EDGE_LOOP ( 'NONE', ( #322, #2204 ) ) ;
#299 = COLOUR_RGB ( '',1.000000000000000000, 1.000000000000000000, 1.000000000000000000 ) ;
#300 = VECTOR ( 'NONE', #2345, 1000.000000000000000 ) ;
#301 = EDGE_CURVE ( 'NONE', #2579, #2906, #2312, .T. ) ;
#302 = FILL_AREA_STYLE ('',( #3610 ) ) ;
#303 = ORIENTED_EDGE ( 'NONE', *, *, #3039, .F. ) ;
#304 = VECTOR ( 'NONE', #62, 1000.000000000000000 ) ;
#305 = DIRECTION ( 'NONE',  ( -0.000000000000000000, 0.8988140655479097685, 0.4383300988675517540 ) ) ;
#306 = SURFACE_STYLE_FILL_AREA ( #898 ) ;
#307 = EDGE_CURVE ( 'NONE', #832, #1450, #809, .T. ) ;
#308 = CARTESIAN_POINT ( 'NONE',  ( 40.89999999999999858, 0.000000000000000000, 17.50000000000000000 ) ) ;
#309 =( LENGTH_UNIT ( ) NAMED_UNIT ( * ) SI_UNIT ( .MILLI., .METRE. ) );
#310 = LINE ( 'NONE', #1479, #1378 ) ;
#311 = VERTEX_POINT ( 'NONE', #2292 ) ;
#312 = UNCERTAINTY_MEASURE_WITH_UNIT (LENGTH_MEASURE( 1.000000000000000082E-05 ), #594, 'distance_accuracy_value', 'NONE');
#313 = CARTESIAN_POINT ( 'NONE',  ( -40.90000000000000568, 33.00000000000000000, 17.50000000000000000 ) ) ;
#314 = ORIENTED_EDGE ( 'NONE', *, *, #2504, .T. ) ;
#315 = CYLINDRICAL_SURFACE ( 'NONE', #2530, 1.000000000000001776 ) ;
#316 = FACE_BOUND ( 'NONE', #278, .T. ) ;
#317 = CARTESIAN_POINT ( 'NONE',  ( -22.50000000000000000, 49.60000000000000142, 17.50000000000000000 ) ) ;
#318 = CARTESIAN_POINT ( 'NONE',  ( 37.50000000000148503, 33.00000000000000711, -14.00000000000001954 ) ) ;
#319 = EDGE_LOOP ( 'NONE', ( #340, #3110, #595, #1907 ) ) ;
#320 = ADVANCED_FACE ( 'NONE', ( #2065 ), #1429, .F. ) ;
#321 = PLANE ( 'NONE',  #2075 ) ;
#322 = ORIENTED_EDGE ( 'NONE', *, *, #2252, .F. ) ;
#323 = AXIS2_PLACEMENT_3D ( 'NONE', #3085, #746, #2258 ) ;
#325 = CARTESIAN_POINT ( 'NONE',  ( 40.49999999999999289, 7.399999999999990585, 6.599999999999997868 ) ) ;
#324 = COLOUR_RGB ( '',1.000000000000000000, 1.000000000000000000, 1.000000000000000000 ) ;
#326 = DIRECTION ( 'NONE',  ( 0.000000000000000000, -1.000000000000000000, 0.000000000000000000 ) ) ;
#327 = FILL_AREA_STYLE ('',( #1835 ) ) ;
#328 = DIRECTION ( 'NONE',  ( 0.000000000000000000, 1.502314598737160510E-16, 1.000000000000000000 ) ) ;
#329 = ORIENTED_EDGE ( 'NONE', *, *, #301, .F. ) ;
#330 = MECHANICAL_DESIGN_GEOMETRIC_PRESENTATION_REPRESENTATION (  '', ( #2037 ), #782 ) ;
#331 = EDGE_CURVE ( 'NONE', #1346, #654, #185, .T. ) ;
#332 =( NAMED_UNIT ( * ) SI_UNIT ( $, .STERADIAN. ) SOLID_ANGLE_UNIT ( ) );
#333 = ORIENTED_EDGE ( 'NONE', *, *, #1274, .F. ) ;
#334 =( NAMED_UNIT ( * ) PLANE_ANGLE_UNIT ( ) SI_UNIT ( $, .RADIAN. ) );
#335 = DIRECTION ( 'NONE',  ( -0.000000000000000000, 1.000000000000000000, -0.000000000000000000 ) ) ;
#336 = AXIS2_PLACEMENT_3D ( 'NONE', #3117, #437, #1645 ) ;
#337 = PLANE ( 'NONE',  #811 ) ;
#338 = LINE ( 'NONE', #2732, #2016 ) ;
#339 = MECHANICAL_DESIGN_GEOMETRIC_PRESENTATION_REPRESENTATION (  '', ( #404 ), #3088 ) ;
#340 = ORIENTED_EDGE ( 'NONE', *, *, #2568, .F. ) ;
#341 = VECTOR ( 'NONE', #2354, 1000.000000000000114 ) ;
#342 = DIRECTION ( 'NONE',  ( -1.000000000000000000, 0.000000000000000000, 0.000000000000000000 ) ) ;
#343 = EDGE_CURVE ( 'NONE', #2697, #1579, #2889, .T. ) ;
#344 = VERTEX_POINT ( 'NONE', #1986 ) ;
#345 = VECTOR ( 'NONE', #3751, 1000.000000000000000 ) ;
#346 = CYLINDRICAL_SURFACE ( 'NONE', #808, 2.599999999999998312 ) ;
#347 = CARTESIAN_POINT ( 'NONE',  ( 42.50000000000000000, 27.19999999999999929, -6.299999999999997158 ) ) ;
#348 = CARTESIAN_POINT ( 'NONE',  ( 42.49999999999999289, 0.000000000000000000, 17.50000000000000000 ) ) ;
#349 = LINE ( 'NONE', #1912, #3447 ) ;
#350 = DIRECTION ( 'NONE',  ( 9.912705577010332945E-17, -0.5000000000000004441, -0.8660254037844384856 ) ) ;
#351 = ORIENTED_EDGE ( 'NONE', *, *, #2004, .F. ) ;
#352 = STYLED_ITEM ( 'NONE', ( #3529 ), #1991 ) ;
#353 = MECHANICAL_DESIGN_GEOMETRIC_PRESENTATION_REPRESENTATION (  '', ( #3279 ), #3101 ) ;
#354 = CARTESIAN_POINT ( 'NONE',  ( -40.50000000000000000, 27.19999999999999929, 8.099999999999988987 ) ) ;
#355 = EDGE_LOOP ( 'NONE', ( #1880, #2326 ) ) ;
#356 = SURFACE_STYLE_FILL_AREA ( #2196 ) ;
#357 = COLOUR_RGB ( '',1.000000000000000000, 1.000000000000000000, 1.000000000000000000 ) ;
#358 =( NAMED_UNIT ( * ) PLANE_ANGLE_UNIT ( ) SI_UNIT ( $, .RADIAN. ) );
#359 = CARTESIAN_POINT ( 'NONE',  ( -14.50000000000023448, 47.59999999999999432, -6.000000000000001776 ) ) ;
#360 = CIRCLE ( 'NONE', #1364, 3.481100000000004524 ) ;
#361 = SURFACE_STYLE_FILL_AREA ( #60 ) ;
#362 = EDGE_CURVE ( 'NONE', #3071, #1983, #2623, .T. ) ;
#363 = LINE ( 'NONE', #2731, #1980 ) ;
#364 = DIRECTION ( 'NONE',  ( 0.000000000000000000, -0.8660254037844384856, 0.5000000000000002220 ) ) ;
#365 = MECHANICAL_DESIGN_GEOMETRIC_PRESENTATION_REPRESENTATION (  '', ( #2251 ), #3289 ) ;
#366 =( LENGTH_UNIT ( ) NAMED_UNIT ( * ) SI_UNIT ( .MILLI., .METRE. ) );
#367 = CIRCLE ( 'NONE', #887, 1.000000000000000888 ) ;
#368 = ORIENTED_EDGE ( 'NONE', *, *, #904, .F. ) ;
#369 = COLOUR_RGB ( '',1.000000000000000000, 1.000000000000000000, 1.000000000000000000 ) ;
#370 = SURFACE_STYLE_USAGE ( .BOTH. , #3839 ) ;
#371 = CARTESIAN_POINT ( 'NONE',  ( -40.49999999999999289, 11.17610000000000170, -5.540000000000013358 ) ) ;
#372 = FILL_AREA_STYLE ('',( #3650 ) ) ;
#373 = CARTESIAN_POINT ( 'NONE',  ( -42.50000000000000000, 34.60000000000000142, 17.50000000000000000 ) ) ;
#374 = DIRECTION ( 'NONE',  ( 1.000000000000000000, 0.000000000000000000, 0.000000000000000000 ) ) ;
#376 = ORIENTED_EDGE ( 'NONE', *, *, #2705, .F. ) ;
#375 = CIRCLE ( 'NONE', #1625, 2.600000000000001421 ) ;
#377 = EDGE_CURVE ( 'NONE', #3268, #2471, #1079, .T. ) ;
#378 = FACE_OUTER_BOUND ( 'NONE', #501, .T. ) ;
#379 = VERTEX_POINT ( 'NONE', #536 ) ;
#380 = FACE_OUTER_BOUND ( 'NONE', #1877, .T. ) ;
#381 = FILL_AREA_STYLE_COLOUR ( '', #1249 ) ;
#382 =( NAMED_UNIT ( * ) SI_UNIT ( $, .STERADIAN. ) SOLID_ANGLE_UNIT ( ) );
#383 = CARTESIAN_POINT ( 'NONE',  ( -40.90000000000000568, 1.373899999999997235, 17.50000000000000000 ) ) ;
#384 =( NAMED_UNIT ( * ) PLANE_ANGLE_UNIT ( ) SI_UNIT ( $, .RADIAN. ) );
#385 = EDGE_CURVE ( 'NONE', #311, #1526, #789, .T. ) ;
#386 = CARTESIAN_POINT ( 'NONE',  ( 0.9999999999998170352, 47.59999999999999432, 1.078520768856852078E-29 ) ) ;
#387 = EDGE_LOOP ( 'NONE', ( #1149, #645, #3740, #771 ) ) ;
#388 = CARTESIAN_POINT ( 'NONE',  ( -40.90000000000000568, 0.000000000000000000, -15.89999999999999680 ) ) ;
#389 = CARTESIAN_POINT ( 'NONE',  ( 0.9999999999998172573, 49.60000000000000142, -1.499999999999999556 ) ) ;
#390 = FILL_AREA_STYLE ('',( #1834 ) ) ;
#391 = CARTESIAN_POINT ( 'NONE',  ( -42.50000000000000000, 34.60000000000000142, 17.50000000000000000 ) ) ;
#392 = AXIS2_PLACEMENT_3D ( 'NONE', #237, #192, #216 ) ;
#393 = SHAPE_REPRESENTATION_RELATIONSHIP ( 'NONE' , 'NONE' ,  #477, #507 ) ;
#394 = VERTEX_POINT ( 'NONE', #1743 ) ;
#395 = CIRCLE ( 'NONE', #3196, 2.599999999999998312 ) ;
#396 = PLANE ( 'NONE',  #276 ) ;
#397 = EDGE_LOOP ( 'NONE', ( #2708, #680, #998, #2644 ) ) ;
#398 = CARTESIAN_POINT ( 'NONE',  ( 22.50000000000000000, 49.60000000000000142, 17.50000000000000000 ) ) ;
#399 = EDGE_CURVE ( 'NONE', #44, #394, #450, .T. ) ;
#400 = AXIS2_PLACEMENT_3D ( 'NONE', #999, #3604, #3656 ) ;
#401 = AXIS2_PLACEMENT_3D ( 'NONE', #245, #1476, #3549 ) ;
#402 = SURFACE_SIDE_STYLE ('',( #2043 ) ) ;
#403 = DIRECTION ( 'NONE',  ( 1.000000000000000000, -1.982541115402065110E-16, -0.000000000000000000 ) ) ;
#404 = STYLED_ITEM ( 'NONE', ( #253 ), #1154 ) ;
#405 = ORIENTED_EDGE ( 'NONE', *, *, #983, .F. ) ;
#406 = STYLED_ITEM ( 'NONE', ( #3482 ), #1388 ) ;
#407 =( NAMED_UNIT ( * ) SI_UNIT ( $, .STERADIAN. ) SOLID_ANGLE_UNIT ( ) );
#408 = CARTESIAN_POINT ( 'NONE',  ( -40.90000000000000568, 17.53496052517384385, -14.21170549350606827 ) ) ;
#409 = FILL_AREA_STYLE_COLOUR ( '', #3291 ) ;
#410 = ADVANCED_FACE ( 'NONE', ( #2909, #3776 ), #2928, .F. ) ;
#411 = ORIENTED_EDGE ( 'NONE', *, *, #2019, .F. ) ;
#412 = SURFACE_STYLE_USAGE ( .BOTH. , #1970 ) ;
#413 = VERTEX_POINT ( 'NONE', #686 ) ;
#414 = DIRECTION ( 'NONE',  ( 0.000000000000000000, 1.000000000000000000, 0.000000000000000000 ) ) ;
#415 = PRODUCT ( '\X2\041a043e0440043f04430441\X0\', '\X2\041a043e0440043f04430441\X0\', '', ( #992 ) ) ;
#416 = VECTOR ( 'NONE', #1030, 1000.000000000000114 ) ;
#417 = SURFACE_STYLE_FILL_AREA ( #1584 ) ;
#418 = COLOUR_RGB ( '',1.000000000000000000, 1.000000000000000000, 1.000000000000000000 ) ;
#419 = COLOUR_RGB ( '',1.000000000000000000, 1.000000000000000000, 1.000000000000000000 ) ;
#420 = ADVANCED_FACE ( 'NONE', ( #2713 ), #641, .F. ) ;
#421 = EDGE_LOOP ( 'NONE', ( #2544, #2209 ) ) ;
#422 = CIRCLE ( 'NONE', #3594, 1.499999999999999556 ) ;
#423 = CARTESIAN_POINT ( 'NONE',  ( 40.50000000000000000, 27.19999999999999929, 6.299999999999998934 ) ) ;
#424 = SURFACE_STYLE_FILL_AREA ( #3068 ) ;
#425 = PLANE ( 'NONE',  #931 ) ;
#426 = SURFACE_STYLE_FILL_AREA ( #3336 ) ;
#427 = VERTEX_POINT ( 'NONE', #13 ) ;
#428 = ADVANCED_FACE ( 'NONE', ( #2729 ), #3625, .F. ) ;
#429 = FILL_AREA_STYLE_COLOUR ( '', #95 ) ;
#430 = VERTEX_POINT ( 'NONE', #2844 ) ;
#431 = DIRECTION ( 'NONE',  ( 0.000000000000000000, 1.000000000000000000, 0.000000000000000000 ) ) ;
#432 = VECTOR ( 'NONE', #3034, 1000.000000000000000 ) ;
#433 = CARTESIAN_POINT ( 'NONE',  ( 0.9999999999998193667, 34.00000000000000000, 1.078520768856852078E-29 ) ) ;
#434 = PRESENTATION_STYLE_ASSIGNMENT (( #2284 ) ) ;
#435 =( NAMED_UNIT ( * ) SI_UNIT ( $, .STERADIAN. ) SOLID_ANGLE_UNIT ( ) );
#436 = AXIS2_PLACEMENT_3D ( 'NONE', #2459, #3617, #374 ) ;
#437 = DIRECTION ( 'NONE',  ( 1.000000000000000000, 1.660022465049576262E-16, 8.673617379884035472E-17 ) ) ;
#438 = ORIENTED_EDGE ( 'NONE', *, *, #1875, .F. ) ;
#439 = EDGE_CURVE ( 'NONE', #3474, #1856, #395, .T. ) ;
#440 = FILL_AREA_STYLE ('',( #1948 ) ) ;
#441 = SURFACE_SIDE_STYLE ('',( #2812 ) ) ;
#442 = DIRECTION ( 'NONE',  ( 0.000000000000000000, -1.000000000000000000, -1.577021341797097560E-16 ) ) ;
#443 = UNCERTAINTY_MEASURE_WITH_UNIT (LENGTH_MEASURE( 1.000000000000000082E-05 ), #1628, 'distance_accuracy_value', 'NONE');
#444 = DIRECTION ( 'NONE',  ( 0.000000000000000000, 0.000000000000000000, 1.000000000000000000 ) ) ;
#445 = ORIENTED_EDGE ( 'NONE', *, *, #2999, .T. ) ;
#446 = UNCERTAINTY_MEASURE_WITH_UNIT (LENGTH_MEASURE( 1.000000000000000082E-05 ), #3427, 'distance_accuracy_value', 'NONE');
#448 = VERTEX_POINT ( 'NONE', #1942 ) ;
#447 =( GEOMETRIC_REPRESENTATION_CONTEXT ( 3 ) GLOBAL_UNCERTAINTY_ASSIGNED_CONTEXT ( ( #1706 ) ) GLOBAL_UNIT_ASSIGNED_CONTEXT ( ( #3840, #2701, #24 ) ) REPRESENTATION_CONTEXT ( 'NONE', 'WORKASPACE' ) );
#449 = CARTESIAN_POINT ( 'NONE',  ( -17.10000000000006892, 29.50000000000000355, -10.00000000000000000 ) ) ;
#450 = CIRCLE ( 'NONE', #2643, 1.500000000000759393 ) ;
#451 = DIRECTION ( 'NONE',  ( -1.692687528183392866E-16, 1.000000000000000000, -0.000000000000000000 ) ) ;
#452 = CARTESIAN_POINT ( 'NONE',  ( -42.49999999999999289, 3.329129092832149084, -7.283861643578812384 ) ) ;
#453 = LINE ( 'NONE', #1036, #255 ) ;
#454 = VECTOR ( 'NONE', #3262, 1000.000000000000000 ) ;
#455 = ADVANCED_FACE ( 'NONE', ( #1644 ), #1621, .F. ) ;
#456 = SURFACE_STYLE_USAGE ( .BOTH. , #3731 ) ;
#457 = ORIENTED_EDGE ( 'NONE', *, *, #1277, .F. ) ;
#458 = MECHANICAL_DESIGN_GEOMETRIC_PRESENTATION_REPRESENTATION (  '', ( #2177 ), #2407 ) ;
#459 = CARTESIAN_POINT ( 'NONE',  ( 4.099999999999816680, 48.00000000000000000, 3.796405077356902400E-16 ) ) ;
#460 = PRESENTATION_STYLE_ASSIGNMENT (( #1949 ) ) ;
#461 = DIRECTION ( 'NONE',  ( -1.660022465049576262E-16, 1.000000000000000000, -0.000000000000000000 ) ) ;
#462 = DIRECTION ( 'NONE',  ( -1.000000000000000000, 0.000000000000000000, 0.000000000000000000 ) ) ;
#463 = CONTEXT_DEPENDENT_SHAPE_REPRESENTATION ( #1096, #571 ) ;
#464 = EDGE_LOOP ( 'NONE', ( #3575, #2105, #3081, #2195 ) ) ;
#465 =( GEOMETRIC_REPRESENTATION_CONTEXT ( 3 ) GLOBAL_UNCERTAINTY_ASSIGNED_CONTEXT ( ( #212 ) ) GLOBAL_UNIT_ASSIGNED_CONTEXT ( ( #1801, #3002, #3608 ) ) REPRESENTATION_CONTEXT ( 'NONE', 'WORKASPACE' ) );
#466 = LINE ( 'NONE', #3384, #29 ) ;
#467 = ORIENTED_EDGE ( 'NONE', *, *, #3080, .T. ) ;
#468 = DIRECTION ( 'NONE',  ( -1.000000000000000000, -1.982541115402065110E-16, -0.000000000000000000 ) ) ;
#469 = CARTESIAN_POINT ( 'NONE',  ( -42.49999999999999289, 1.373899999999997235, -4.154999999999993143 ) ) ;
#470 = DIRECTION ( 'NONE',  ( 0.000000000000000000, 1.000000000000000000, 0.000000000000000000 ) ) ;
#471 = UNCERTAINTY_MEASURE_WITH_UNIT (LENGTH_MEASURE( 1.000000000000000082E-05 ), #3569, 'distance_accuracy_value', 'NONE');
#472 = MECHANICAL_DESIGN_GEOMETRIC_PRESENTATION_REPRESENTATION (  '', ( #2789 ), #3343 ) ;
#473 = PRESENTATION_LAYER_ASSIGNMENT (  '', '', ( #1736 ) ) ;
#474 = VECTOR ( 'NONE', #1024, 1000.000000000000000 ) ;
#475 = CARTESIAN_POINT ( 'NONE',  ( -28.90999999999853642, 34.60000000000000142, 12.55799999999995009 ) ) ;
#476 = VERTEX_POINT ( 'NONE', #2576 ) ;
#477 = SHAPE_REPRESENTATION ( '\X2\0412043504400445043d044f044f\X0\ \X2\043a0440044b0448043a0430\X0\', ( #758 ), #632 ) ;
#478 = SURFACE_STYLE_FILL_AREA ( #3178 ) ;
#479 = DIRECTION ( 'NONE',  ( -0.000000000000000000, 1.000000000000000000, -0.000000000000000000 ) ) ;
#480 = CIRCLE ( 'NONE', #1617, 1.499999999999996225 ) ;
#481 = CARTESIAN_POINT ( 'NONE',  ( 0.000000000000000000, 0.000000000000000000, 15.90000000000000036 ) ) ;
#482 = ORIENTED_EDGE ( 'NONE', *, *, #1824, .T. ) ;
#483 = CIRCLE ( 'NONE', #2369, 1.000000000000002665 ) ;
#484 = DIRECTION ( 'NONE',  ( -1.000000000000000000, 0.000000000000000000, -0.000000000000000000 ) ) ;
#485 = ORIENTED_EDGE ( 'NONE', *, *, #936, .F. ) ;
#486 = LINE ( 'NONE', #2246, #3349 ) ;
#487 =( NAMED_UNIT ( * ) PLANE_ANGLE_UNIT ( ) SI_UNIT ( $, .RADIAN. ) );
#488 = DIRECTION ( 'NONE',  ( 3.469446951953614189E-16, 5.872689585265769961E-32, -1.000000000000000000 ) ) ;
#489 = MECHANICAL_DESIGN_GEOMETRIC_PRESENTATION_REPRESENTATION (  '', ( #1370 ), #2439 ) ;
#490 = EDGE_CURVE ( 'NONE', #599, #2241, #453, .T. ) ;
#491 = FILL_AREA_STYLE ('',( #3468 ) ) ;
#492 = FACE_OUTER_BOUND ( 'NONE', #1573, .T. ) ;
#493 = DIRECTION ( 'NONE',  ( -1.000000000000000000, 0.000000000000000000, 0.000000000000000000 ) ) ;
#494 = VECTOR ( 'NONE', #2971, 1000.000000000000000 ) ;
#495 = DIRECTION ( 'NONE',  ( -1.000000000000000000, -1.982541115402065110E-16, -0.000000000000000000 ) ) ;
#496 = ORIENTED_EDGE ( 'NONE', *, *, #3756, .T. ) ;
#497 = EDGE_CURVE ( 'NONE', #3091, #3441, #1363, .T. ) ;
#498 = DIRECTION ( 'NONE',  ( -1.692687528183392866E-16, 1.000000000000000000, -0.000000000000000000 ) ) ;
#499 = CARTESIAN_POINT ( 'NONE',  ( -14.50000000000012790, 29.50000000000000355, 4.999999999999999112 ) ) ;
#500 =( NAMED_UNIT ( * ) SI_UNIT ( $, .STERADIAN. ) SOLID_ANGLE_UNIT ( ) );
#501 = EDGE_LOOP ( 'NONE', ( #1199, #2107, #1611, #3687 ) ) ;
#502 = CARTESIAN_POINT ( 'NONE',  ( -42.49999999999999289, 6.268728515410834312, 9.671248654051884941 ) ) ;
#503 = ORIENTED_EDGE ( 'NONE', *, *, #3719, .F. ) ;
#504 = DIRECTION ( 'NONE',  ( -0.000000000000000000, -0.000000000000000000, -1.000000000000000000 ) ) ;
#505 = CARTESIAN_POINT ( 'NONE',  ( 40.89999999999999858, 1.766263902812749938E-15, 6.299999999999996270 ) ) ;
#506 = CYLINDRICAL_SURFACE ( 'NONE', #3061, 1.000000000000001554 ) ;
#507 = ADVANCED_BREP_SHAPE_REPRESENTATION ( '', ( #1421, #758 ), #632 ) ;
#508 = CARTESIAN_POINT ( 'NONE',  ( 4.099999999999819345, 34.00000000000000000, 3.796405077356904372E-16 ) ) ;
#509 = ORIENTED_EDGE ( 'NONE', *, *, #3026, .F. ) ;
#510 = ADVANCED_FACE ( 'NONE', ( #2232 ), #1092, .F. ) ;
#511 =( NAMED_UNIT ( * ) SI_UNIT ( $, .STERADIAN. ) SOLID_ANGLE_UNIT ( ) );
#512 = MECHANICAL_DESIGN_GEOMETRIC_PRESENTATION_REPRESENTATION (  '', ( #2466 ), #1527 ) ;
#513 = ORIENTED_EDGE ( 'NONE', *, *, #497, .T. ) ;
#514 = DIRECTION ( 'NONE',  ( 0.000000000000000000, 0.000000000000000000, 1.000000000000000000 ) ) ;
#515 = EDGE_CURVE ( 'NONE', #1453, #1717, #2000, .T. ) ;
#516 = DIRECTION ( 'NONE',  ( -0.000000000000000000, 1.000000000000000000, -0.000000000000000000 ) ) ;
#517 =( LENGTH_UNIT ( ) NAMED_UNIT ( * ) SI_UNIT ( .MILLI., .METRE. ) );
#518 = ORIENTED_EDGE ( 'NONE', *, *, #883, .T. ) ;
#519 = MECHANICAL_DESIGN_GEOMETRIC_PRESENTATION_REPRESENTATION (  '', ( #978 ), #3023 ) ;
#520 = DIRECTION ( 'NONE',  ( -1.000000000000000000, 0.000000000000000000, 0.000000000000000000 ) ) ;
#521 = ORIENTED_EDGE ( 'NONE', *, *, #2316, .T. ) ;
#522 = EDGE_CURVE ( 'NONE', #1356, #1163, #738, .T. ) ;
#523 = CARTESIAN_POINT ( 'NONE',  ( 42.50000000000000000, 34.60000000000000142, 17.50000000000000000 ) ) ;
#524 = STYLED_ITEM ( 'NONE', ( #3465 ), #1303 ) ;
#525 = PRESENTATION_STYLE_ASSIGNMENT (( #3204 ) ) ;
#526 = PRESENTATION_LAYER_ASSIGNMENT (  '', '', ( #1666 ) ) ;
#527 = VERTEX_POINT ( 'NONE', #1215 ) ;
#528 =( NAMED_UNIT ( * ) SI_UNIT ( $, .STERADIAN. ) SOLID_ANGLE_UNIT ( ) );
#529 = PRESENTATION_LAYER_ASSIGNMENT (  '', '', ( #274 ) ) ;
#530 = PRESENTATION_STYLE_ASSIGNMENT (( #842 ) ) ;
#531 = PRESENTATION_LAYER_ASSIGNMENT (  '', '', ( #2789 ) ) ;
#532 = UNCERTAINTY_MEASURE_WITH_UNIT (LENGTH_MEASURE( 1.000000000000000082E-05 ), #1895, 'distance_accuracy_value', 'NONE');
#533 = VERTEX_POINT ( 'NONE', #206 ) ;
#534 = ADVANCED_FACE ( 'NONE', ( #2614 ), #588, .F. ) ;
#535 = COLOUR_RGB ( '',1.000000000000000000, 1.000000000000000000, 1.000000000000000000 ) ;
#536 = CARTESIAN_POINT ( 'NONE',  ( -40.90000000000000568, 1.373899999999997679, -4.154999999999993143 ) ) ;
#537 = DIRECTION ( 'NONE',  ( -1.692687528183392866E-16, 1.000000000000000000, -0.000000000000000000 ) ) ;
#538 = FACE_OUTER_BOUND ( 'NONE', #3307, .T. ) ;
#539 = ORIENTED_EDGE ( 'NONE', *, *, #3676, .T. ) ;
#540 = PRESENTATION_LAYER_ASSIGNMENT (  '', '', ( #36 ) ) ;
#541 = COLOUR_RGB ( '',1.000000000000000000, 1.000000000000000000, 1.000000000000000000 ) ;
#542 = DIRECTION ( 'NONE',  ( -0.000000000000000000, 1.000000000000000000, -0.000000000000000000 ) ) ;
#543 = ORIENTED_EDGE ( 'NONE', *, *, #763, .F. ) ;
#544 = SURFACE_STYLE_USAGE ( .BOTH. , #3222 ) ;
#545 =( LENGTH_UNIT ( ) NAMED_UNIT ( * ) SI_UNIT ( .MILLI., .METRE. ) );
#546 = DIRECTION ( 'NONE',  ( -1.000000000000000000, 0.000000000000000000, 0.000000000000000000 ) ) ;
#547 = EDGE_CURVE ( 'NONE', #2148, #712, #291, .T. ) ;
#548 =( LENGTH_UNIT ( ) NAMED_UNIT ( * ) SI_UNIT ( .MILLI., .METRE. ) );
#549 = ORIENTED_EDGE ( 'NONE', *, *, #1583, .F. ) ;
#550 = FACE_BOUND ( 'NONE', #2703, .T. ) ;
#551 = AXIS2_PLACEMENT_3D ( 'NONE', #1300, #603, #694 ) ;
#552 = FILL_AREA_STYLE_COLOUR ( '', #324 ) ;
#553 = STYLED_ITEM ( 'NONE', ( #3538 ), #3434 ) ;
#554 = LINE ( 'NONE', #1760, #1984 ) ;
#555 = LINE ( 'NONE', #1142, #1689 ) ;
#556 =( GEOMETRIC_REPRESENTATION_CONTEXT ( 3 ) GLOBAL_UNCERTAINTY_ASSIGNED_CONTEXT ( ( #1815 ) ) GLOBAL_UNIT_ASSIGNED_CONTEXT ( ( #688, #384, #2425 ) ) REPRESENTATION_CONTEXT ( 'NONE', 'WORKASPACE' ) );
#557 = ORIENTED_EDGE ( 'NONE', *, *, #558, .T. ) ;
#558 = EDGE_CURVE ( 'NONE', #3355, #599, #888, .T. ) ;
#559 = SURFACE_STYLE_USAGE ( .BOTH. , #3544 ) ;
#560 = ORIENTED_EDGE ( 'NONE', *, *, #802, .T. ) ;
#561 = UNCERTAINTY_MEASURE_WITH_UNIT (LENGTH_MEASURE( 1.000000000000000082E-05 ), #3659, 'distance_accuracy_value', 'NONE');
#562 = ORIENTED_EDGE ( 'NONE', *, *, #2894, .T. ) ;
#563 = DIRECTION ( 'NONE',  ( 1.000000000000000000, 0.000000000000000000, 0.000000000000000000 ) ) ;
#564 = SURFACE_STYLE_USAGE ( .BOTH. , #2666 ) ;
#565 =( LENGTH_UNIT ( ) NAMED_UNIT ( * ) SI_UNIT ( .MILLI., .METRE. ) );
#566 = DIRECTION ( 'NONE',  ( -1.000000000000000000, 0.000000000000000000, 0.000000000000000000 ) ) ;
#567 = DIRECTION ( 'NONE',  ( 1.000000000000000000, 0.000000000000000000, 0.000000000000000000 ) ) ;
#568 = ORIENTED_EDGE ( 'NONE', *, *, #1075, .F. ) ;
#569 = CARTESIAN_POINT ( 'NONE',  ( -42.49999999999999289, 0.000000000000000000, 17.50000000000000000 ) ) ;
#570 = FILL_AREA_STYLE ('',( #2400 ) ) ;
#571 = PRODUCT_DEFINITION_SHAPE ( 'NONE', 'NONE',  #3855 ) ;
#572 =( LENGTH_UNIT ( ) NAMED_UNIT ( * ) SI_UNIT ( .MILLI., .METRE. ) );
#573 =( GEOMETRIC_REPRESENTATION_CONTEXT ( 3 ) GLOBAL_UNCERTAINTY_ASSIGNED_CONTEXT ( ( #813 ) ) GLOBAL_UNIT_ASSIGNED_CONTEXT ( ( #1372, #3380, #3138 ) ) REPRESENTATION_CONTEXT ( 'NONE', 'WORKASPACE' ) );
#574 = DIRECTION ( 'NONE',  ( -0.000000000000000000, -0.000000000000000000, -1.000000000000000000 ) ) ;
#575 = ORIENTED_EDGE ( 'NONE', *, *, #3254, .T. ) ;
#576 = MECHANICAL_DESIGN_GEOMETRIC_PRESENTATION_REPRESENTATION (  '', ( #3374 ), #843 ) ;
#577 = CARTESIAN_POINT ( 'NONE',  ( 37.50000000000148503, 33.00000000000000711, -12.50000000000002132 ) ) ;
#578 =( NAMED_UNIT ( * ) PLANE_ANGLE_UNIT ( ) SI_UNIT ( $, .RADIAN. ) );
#579 = CIRCLE ( 'NONE', #1465, 1.499999999999997780 ) ;
#580 = VERTEX_POINT ( 'NONE', #2652 ) ;
#581 = PRESENTATION_LAYER_ASSIGNMENT (  '', '', ( #1850 ) ) ;
#582 = DIRECTION ( 'NONE',  ( -9.912705577010321852E-17, 0.4999999999999997780, -0.8660254037844388186 ) ) ;
#583 = LINE ( 'NONE', #967, #3790 ) ;
#584 = FILL_AREA_STYLE_COLOUR ( '', #623 ) ;
#585 = LINE ( 'NONE', #3826, #2872 ) ;
#586 = UNCERTAINTY_MEASURE_WITH_UNIT (LENGTH_MEASURE( 1.000000000000000082E-05 ), #849, 'distance_accuracy_value', 'NONE');
#587 = ORIENTED_EDGE ( 'NONE', *, *, #922, .F. ) ;
#588 = PLANE ( 'NONE',  #2169 ) ;
#589 =( GEOMETRIC_REPRESENTATION_CONTEXT ( 3 ) GLOBAL_UNCERTAINTY_ASSIGNED_CONTEXT ( ( #2041 ) ) GLOBAL_UNIT_ASSIGNED_CONTEXT ( ( #1591, #2475, #86 ) ) REPRESENTATION_CONTEXT ( 'NONE', 'WORKASPACE' ) );
#590 = EDGE_CURVE ( 'NONE', #3353, #3318, #579, .T. ) ;
#591 = LINE ( 'NONE', #1464, #2118 ) ;
#592 = FILL_AREA_STYLE_COLOUR ( '', #2493 ) ;
#593 = SURFACE_STYLE_FILL_AREA ( #2124 ) ;
#594 =( LENGTH_UNIT ( ) NAMED_UNIT ( * ) SI_UNIT ( .MILLI., .METRE. ) );
#595 = ORIENTED_EDGE ( 'NONE', *, *, #701, .T. ) ;
#596 = STYLED_ITEM ( 'NONE', ( #434 ), #1954 ) ;
#597 = EDGE_CURVE ( 'NONE', #527, #2148, #3247, .T. ) ;
#598 = AXIS2_PLACEMENT_3D ( 'NONE', #313, #2178, #2461 ) ;
#599 = VERTEX_POINT ( 'NONE', #1798 ) ;
#600 = VECTOR ( 'NONE', #305, 1000.000000000000114 ) ;
#601 =( NAMED_UNIT ( * ) PLANE_ANGLE_UNIT ( ) SI_UNIT ( $, .RADIAN. ) );
#602 = CARTESIAN_POINT ( 'NONE',  ( 42.50000000000000000, 27.19999999999999929, -6.299999999999997158 ) ) ;
#603 = DIRECTION ( 'NONE',  ( -1.660022465049576262E-16, 1.000000000000000000, -0.000000000000000000 ) ) ;
#604 = STYLED_ITEM ( 'NONE', ( #1060 ), #2401 ) ;
#605 =( NAMED_UNIT ( * ) PLANE_ANGLE_UNIT ( ) SI_UNIT ( $, .RADIAN. ) );
#606 = FILL_AREA_STYLE ('',( #3274 ) ) ;
#607 = CARTESIAN_POINT ( 'NONE',  ( -40.90000000000000568, 4.855000000000009308, -4.154999999999986926 ) ) ;
#608 = ORIENTED_EDGE ( 'NONE', *, *, #1804, .T. ) ;
#609 = VECTOR ( 'NONE', #717, 1000.000000000000000 ) ;
#610 =( LENGTH_UNIT ( ) NAMED_UNIT ( * ) SI_UNIT ( .MILLI., .METRE. ) );
#611 = ORIENTED_EDGE ( 'NONE', *, *, #2919, .F. ) ;
#612 = DIRECTION ( 'NONE',  ( 0.000000000000000000, 0.8660254037844387076, -0.4999999999999997224 ) ) ;
#613 = DIRECTION ( 'NONE',  ( 1.692687528183392866E-16, -1.000000000000000000, 0.000000000000000000 ) ) ;
#614 = AXIS2_PLACEMENT_3D ( 'NONE', #398, #3655, #2481 ) ;
#615 = ADVANCED_FACE ( 'NONE', ( #3788, #864, #2339 ), #3769, .F. ) ;
#616 = VECTOR ( 'NONE', #989, 1000.000000000000000 ) ;
#617 = CARTESIAN_POINT ( 'NONE',  ( 20.89999999999999858, 33.00000000000000711, 17.50000000000000000 ) ) ;
#618 = FACE_OUTER_BOUND ( 'NONE', #319, .T. ) ;
#619 =( NAMED_UNIT ( * ) SI_UNIT ( $, .STERADIAN. ) SOLID_ANGLE_UNIT ( ) );
#620 = LINE ( 'NONE', #3852, #3629 ) ;
#621 = DIRECTION ( 'NONE',  ( -0.000000000000000000, -0.000000000000000000, -1.000000000000000000 ) ) ;
#622 = VERTEX_POINT ( 'NONE', #2502 ) ;
#623 = COLOUR_RGB ( '',1.000000000000000000, 1.000000000000000000, 1.000000000000000000 ) ;
#624 = MECHANICAL_DESIGN_GEOMETRIC_PRESENTATION_REPRESENTATION (  '', ( #3711 ), #1135 ) ;
#625 = SURFACE_STYLE_FILL_AREA ( #2168 ) ;
#626 = EDGE_CURVE ( 'NONE', #1633, #3469, #1657, .T. ) ;
#627 = EDGE_LOOP ( 'NONE', ( #3459, #908, #2236, #956, #17, #993 ) ) ;
#628 = AXIS2_PLACEMENT_3D ( 'NONE', #1196, #2095, #653 ) ;
#629 = CARTESIAN_POINT ( 'NONE',  ( -42.49999999999999289, 6.169129092832155159, 8.668861643578832599 ) ) ;
#630 = DIRECTION ( 'NONE',  ( -1.000000000000000000, -1.982541115402065110E-16, -0.000000000000000000 ) ) ;
#631 = CYLINDRICAL_SURFACE ( 'NONE', #551, 2.600000000000001421 ) ;
#632 =( GEOMETRIC_REPRESENTATION_CONTEXT ( 3 ) GLOBAL_UNCERTAINTY_ASSIGNED_CONTEXT ( ( #1500 ) ) GLOBAL_UNIT_ASSIGNED_CONTEXT ( ( #934, #1952, #2517 ) ) REPRESENTATION_CONTEXT ( 'NONE', 'WORKASPACE' ) );
#633 = DIRECTION ( 'NONE',  ( -1.000000000000000000, -1.982541115402065110E-16, -0.000000000000000000 ) ) ;
#634 = DIRECTION ( 'NONE',  ( 0.000000000000000000, 1.000000000000000000, 0.000000000000000000 ) ) ;
#635 = ORIENTED_EDGE ( 'NONE', *, *, #904, .T. ) ;
#636 = SURFACE_STYLE_FILL_AREA ( #2137 ) ;
#637 = ORIENTED_EDGE ( 'NONE', *, *, #3494, .T. ) ;
#638 = CARTESIAN_POINT ( 'NONE',  ( -14.50000000000023448, 47.59999999999999432, -3.999999999999998224 ) ) ;
#639 = DIRECTION ( 'NONE',  ( 1.692687528183392866E-16, -1.000000000000000000, 0.000000000000000000 ) ) ;
#640 = EDGE_CURVE ( 'NONE', #3201, #1313, #2445, .T. ) ;
#641 = CYLINDRICAL_SURFACE ( 'NONE', #3316, 1.000000000000001554 ) ;
#642 = APPLICATION_CONTEXT ( 'automotive_design' ) ;
#643 = ORIENTED_EDGE ( 'NONE', *, *, #3103, .F. ) ;
#644 =( LENGTH_UNIT ( ) NAMED_UNIT ( * ) SI_UNIT ( .MILLI., .METRE. ) );
#645 = ORIENTED_EDGE ( 'NONE', *, *, #3524, .T. ) ;
#646 = STYLED_ITEM ( 'NONE', ( #3661 ), #186 ) ;
#647 = SURFACE_STYLE_FILL_AREA ( #2753 ) ;
#649 = CARTESIAN_POINT ( 'NONE',  ( -14.50000000000007816, 48.00000000000000000, 10.00000000000000000 ) ) ;
#648 = PRESENTATION_LAYER_ASSIGNMENT (  '', '', ( #2528 ) ) ;
#650 = DIRECTION ( 'NONE',  ( -1.000000000000000000, -1.982541115402065110E-16, -0.000000000000000000 ) ) ;
#651 = SURFACE_STYLE_FILL_AREA ( #327 ) ;
#652 = DIRECTION ( 'NONE',  ( 0.000000000000000000, -0.8660254037844383745, 0.5000000000000003331 ) ) ;
#653 = DIRECTION ( 'NONE',  ( 0.000000000000000000, 1.000000000000000000, 0.000000000000000000 ) ) ;
#654 = VERTEX_POINT ( 'NONE', #3638 ) ;
#655 = COLOUR_RGB ( '',1.000000000000000000, 1.000000000000000000, 1.000000000000000000 ) ;
#656 = EDGE_CURVE ( 'NONE', #1594, #885, #3799, .T. ) ;
#657 = DIRECTION ( 'NONE',  ( 0.000000000000000000, 0.000000000000000000, 1.000000000000000000 ) ) ;
#658 = ORIENTED_EDGE ( 'NONE', *, *, #3265, .T. ) ;
#659 = DIRECTION ( 'NONE',  ( -0.000000000000000000, 1.000000000000000000, -0.000000000000000000 ) ) ;
#660 = VECTOR ( 'NONE', #3124, 1000.000000000000000 ) ;
#661 = PRESENTATION_LAYER_ASSIGNMENT (  '', '', ( #978 ) ) ;
#662 = SURFACE_STYLE_FILL_AREA ( #2144 ) ;
#663 = CARTESIAN_POINT ( 'NONE',  ( -42.49999999999999289, 13.19999999999999751, -8.200000000000013500 ) ) ;
#664 = VECTOR ( 'NONE', #2467, 1000.000000000000227 ) ;
#665 = ORIENTED_EDGE ( 'NONE', *, *, #2048, .F. ) ;
#666 = VECTOR ( 'NONE', #3033, 1000.000000000000000 ) ;
#667 = DIRECTION ( 'NONE',  ( 0.000000000000000000, 0.000000000000000000, 1.000000000000000000 ) ) ;
#668 = ORIENTED_EDGE ( 'NONE', *, *, #113, .F. ) ;
#669 =( GEOMETRIC_REPRESENTATION_CONTEXT ( 3 ) GLOBAL_UNCERTAINTY_ASSIGNED_CONTEXT ( ( #1956 ) ) GLOBAL_UNIT_ASSIGNED_CONTEXT ( ( #942, #358, #1310 ) ) REPRESENTATION_CONTEXT ( 'NONE', 'WORKASPACE' ) );
#670 = ORIENTED_EDGE ( 'NONE', *, *, #1685, .F. ) ;
#671 = CARTESIAN_POINT ( 'NONE',  ( -14.50000000000018296, 49.60000000000000142, 0.000000000000000000 ) ) ;
#672 =( NAMED_UNIT ( * ) SI_UNIT ( $, .STERADIAN. ) SOLID_ANGLE_UNIT ( ) );
#673 = LINE ( 'NONE', #373, #666 ) ;
#674 = CARTESIAN_POINT ( 'NONE',  ( 0.000000000000000000, 0.000000000000000000, 0.000000000000000000 ) ) ;
#675 = ORIENTED_EDGE ( 'NONE', *, *, #766, .T. ) ;
#676 = STYLED_ITEM ( 'NONE', ( #3014 ), #2076 ) ;
#677 = COLOUR_RGB ( '',1.000000000000000000, 1.000000000000000000, 1.000000000000000000 ) ;
#678 = CARTESIAN_POINT ( 'NONE',  ( 0.9999999999998193667, 34.00000000000000000, 1.078520768856852078E-29 ) ) ;
#679 = PRESENTATION_LAYER_ASSIGNMENT (  '', '', ( #1869 ) ) ;
#680 = ORIENTED_EDGE ( 'NONE', *, *, #3265, .F. ) ;
#681 = SURFACE_SIDE_STYLE ('',( #2197 ) ) ;
#682 = EDGE_CURVE ( 'NONE', #3182, #1191, #3797, .T. ) ;
#683 = CARTESIAN_POINT ( 'NONE',  ( -42.49999999999999289, 6.268728515410833424, 15.44475134594813959 ) ) ;
#684 = DIRECTION ( 'NONE',  ( 0.000000000000000000, 0.000000000000000000, -1.000000000000000000 ) ) ;
#685 =( GEOMETRIC_REPRESENTATION_CONTEXT ( 3 ) GLOBAL_UNCERTAINTY_ASSIGNED_CONTEXT ( ( #1350 ) ) GLOBAL_UNIT_ASSIGNED_CONTEXT ( ( #1290, #2821, #3449 ) ) REPRESENTATION_CONTEXT ( 'NONE', 'WORKASPACE' ) );
#686 = CARTESIAN_POINT ( 'NONE',  ( -28.91000000000001791, 34.60000000000000142, -14.05800000000075478 ) ) ;
#687 = LINE ( 'NONE', #383, #1531 ) ;
#688 =( LENGTH_UNIT ( ) NAMED_UNIT ( * ) SI_UNIT ( .MILLI., .METRE. ) );
#689 = COLOUR_RGB ( '',1.000000000000000000, 1.000000000000000000, 1.000000000000000000 ) ;
#690 = EDGE_LOOP ( 'NONE', ( #445, #3486, #1670, #2045 ) ) ;
#691 = COLOUR_RGB ( '',1.000000000000000000, 1.000000000000000000, 1.000000000000000000 ) ;
#692 = EDGE_CURVE ( 'NONE', #125, #2719, #1528, .T. ) ;
#693 = PLANE ( 'NONE',  #323 ) ;
#694 = DIRECTION ( 'NONE',  ( -1.000000000000000000, 0.000000000000000000, 0.000000000000000000 ) ) ;
#695 = SURFACE_SIDE_STYLE ('',( #3070 ) ) ;
#696 = ORIENTED_EDGE ( 'NONE', *, *, #3446, .F. ) ;
#697 = AXIS2_PLACEMENT_3D ( 'NONE', #674, #2495, #2223 ) ;
#698 = VERTEX_POINT ( 'NONE', #2762 ) ;
#699 =( NAMED_UNIT ( * ) PLANE_ANGLE_UNIT ( ) SI_UNIT ( $, .RADIAN. ) );
#700 = CARTESIAN_POINT ( 'NONE',  ( 22.50000000000000000, 34.60000000000000142, 17.50000000000000000 ) ) ;
#701 = EDGE_CURVE ( 'NONE', #3469, #2815, #2141, .T. ) ;
#702 = DIRECTION ( 'NONE',  ( 1.982541115402065110E-16, -1.000000000000000000, 1.502314598737160510E-16 ) ) ;
#703 = PRESENTATION_STYLE_ASSIGNMENT (( #3360 ) ) ;
#704 = SURFACE_STYLE_FILL_AREA ( #1525 ) ;
#705 = EDGE_CURVE ( 'NONE', #10, #139, #3589, .T. ) ;
#706 =( LENGTH_UNIT ( ) NAMED_UNIT ( * ) SI_UNIT ( .MILLI., .METRE. ) );
#707 = VERTEX_POINT ( 'NONE', #3074 ) ;
#708 = LINE ( 'NONE', #2774, #1458 ) ;
#709 = DIRECTION ( 'NONE',  ( -0.000000000000000000, -0.000000000000000000, -1.000000000000000000 ) ) ;
#710 = DIRECTION ( 'NONE',  ( 0.000000000000000000, -1.000000000000000000, 0.000000000000000000 ) ) ;
#711 = AXIS2_PLACEMENT_3D ( 'NONE', #649, #1810, #1833 ) ;
#712 = VERTEX_POINT ( 'NONE', #1542 ) ;
#713 = SURFACE_SIDE_STYLE ('',( #141 ) ) ;
#714 = ORIENTED_EDGE ( 'NONE', *, *, #778, .T. ) ;
#715 = PLANE ( 'NONE',  #2799 ) ;
#716 = PRESENTATION_STYLE_ASSIGNMENT (( #3689 ) ) ;
#717 = DIRECTION ( 'NONE',  ( 0.000000000000000000, -1.000000000000000000, 0.000000000000000000 ) ) ;
#718 =( NAMED_UNIT ( * ) PLANE_ANGLE_UNIT ( ) SI_UNIT ( $, .RADIAN. ) );
#719 = STYLED_ITEM ( 'NONE', ( #1226 ), #1037 ) ;
#720 = DIRECTION ( 'NONE',  ( 0.000000000000000000, 1.000000000000000000, 1.577021341797097560E-16 ) ) ;
#721 = ORIENTED_EDGE ( 'NONE', *, *, #3794, .F. ) ;
#722 = EDGE_CURVE ( 'NONE', #3329, #1492, #2420, .T. ) ;
#723 = VECTOR ( 'NONE', #3744, 1000.000000000000000 ) ;
#724 = FILL_AREA_STYLE_COLOUR ( '', #1965 ) ;
#725 = PRESENTATION_STYLE_ASSIGNMENT (( #1318 ) ) ;
#726 = UNCERTAINTY_MEASURE_WITH_UNIT (LENGTH_MEASURE( 1.000000000000000082E-05 ), #2935, 'distance_accuracy_value', 'NONE');
#727 = PLANE ( 'NONE',  #2361 ) ;
#728 = ORIENTED_EDGE ( 'NONE', *, *, #2939, .T. ) ;
#729 = DIRECTION ( 'NONE',  ( -0.000000000000000000, 1.000000000000000000, -0.000000000000000000 ) ) ;
#730 = UNCERTAINTY_MEASURE_WITH_UNIT (LENGTH_MEASURE( 1.000000000000000082E-05 ), #517, 'distance_accuracy_value', 'NONE');
#731 = ORIENTED_EDGE ( 'NONE', *, *, #2048, .T. ) ;
#732 = SURFACE_STYLE_USAGE ( .BOTH. , #1032 ) ;
#733 = CIRCLE ( 'NONE', #3276, 1.499999999999996225 ) ;
#734 = DIRECTION ( 'NONE',  ( 0.000000000000000000, 0.000000000000000000, 1.000000000000000000 ) ) ;
#735 = COLOUR_RGB ( '',1.000000000000000000, 1.000000000000000000, 1.000000000000000000 ) ;
#736 = AXIS2_PLACEMENT_3D ( 'NONE', #2903, #495, #784 ) ;
#737 = FILL_AREA_STYLE_COLOUR ( '', #3402 ) ;
#738 = LINE ( 'NONE', #3556, #2335 ) ;
#739 = EDGE_CURVE ( 'NONE', #3182, #3353, #57, .T. ) ;
#740 = MECHANICAL_DESIGN_GEOMETRIC_PRESENTATION_REPRESENTATION (  '', ( #2610 ), #1497 ) ;
#741 = STYLED_ITEM ( 'NONE', ( #267 ), #2777 ) ;
#742 = FACE_OUTER_BOUND ( 'NONE', #2511, .T. ) ;
#743 = VERTEX_POINT ( 'NONE', #2747 ) ;
#744 = MECHANICAL_DESIGN_GEOMETRIC_PRESENTATION_REPRESENTATION (  '', ( #1190 ), #228 ) ;
#745 = VECTOR ( 'NONE', #326, 1000.000000000000000 ) ;
#746 = DIRECTION ( 'NONE',  ( -1.982541115402065110E-16, 1.000000000000000000, 0.000000000000000000 ) ) ;
#747 = ADVANCED_FACE ( 'NONE', ( #380 ), #315, .F. ) ;
#748 = SURFACE_SIDE_STYLE ('',( #1373 ) ) ;
#749 = PRESENTATION_STYLE_ASSIGNMENT (( #2548 ) ) ;
#750 =( NAMED_UNIT ( * ) SI_UNIT ( $, .STERADIAN. ) SOLID_ANGLE_UNIT ( ) );
#751 = EDGE_LOOP ( 'NONE', ( #2033, #2537 ) ) ;
#752 = CIRCLE ( 'NONE', #1260, 1.499999999999997780 ) ;
#753 = LINE ( 'NONE', #2519, #2607 ) ;
#754 = ORIENTED_EDGE ( 'NONE', *, *, #385, .F. ) ;
#755 = DIRECTION ( 'NONE',  ( -0.000000000000000000, -0.000000000000000000, -1.000000000000000000 ) ) ;
#756 = VECTOR ( 'NONE', #3375, 1000.000000000000000 ) ;
#757 =( NAMED_UNIT ( * ) SI_UNIT ( $, .STERADIAN. ) SOLID_ANGLE_UNIT ( ) );
#758 = AXIS2_PLACEMENT_3D ( 'NONE', #87, #3121, #971 ) ;
#759 = CYLINDRICAL_SURFACE ( 'NONE', #1296, 1.000000000000002665 ) ;
#760 = DIRECTION ( 'NONE',  ( -0.000000000000000000, 1.565634906116249487E-16, -1.000000000000000000 ) ) ;
#761 = FILL_AREA_STYLE_COLOUR ( '', #1336 ) ;
#762 = UNCERTAINTY_MEASURE_WITH_UNIT (LENGTH_MEASURE( 1.000000000000000082E-05 ), #3428, 'distance_accuracy_value', 'NONE');
#763 = EDGE_CURVE ( 'NONE', #622, #476, #3341, .T. ) ;
#764 = PLANE ( 'NONE',  #2106 ) ;
#765 = ORIENTED_EDGE ( 'NONE', *, *, #3361, .T. ) ;
#766 = EDGE_CURVE ( 'NONE', #3292, #430, #1840, .T. ) ;
#767 = SURFACE_STYLE_USAGE ( .BOTH. , #1606 ) ;
#768 = CARTESIAN_POINT ( 'NONE',  ( -40.90000000000000568, 0.000000000000000000, 15.90000000000000036 ) ) ;
#769 =( NAMED_UNIT ( * ) SI_UNIT ( $, .STERADIAN. ) SOLID_ANGLE_UNIT ( ) );
#770 = SURFACE_SIDE_STYLE ('',( #3421 ) ) ;
#771 = ORIENTED_EDGE ( 'NONE', *, *, #3541, .F. ) ;
#772 = DIRECTION ( 'NONE',  ( -1.000000000000000000, -1.982541115402065110E-16, -0.000000000000000000 ) ) ;
#774 = ORIENTED_EDGE ( 'NONE', *, *, #2524, .F. ) ;
#773 = CIRCLE ( 'NONE', #711, 2.600000000000001421 ) ;
#775 = CARTESIAN_POINT ( 'NONE',  ( -40.90000000000000568, 11.17610000000000170, -5.540000000000013358 ) ) ;
#776 = CARTESIAN_POINT ( 'NONE',  ( 42.49999999999999289, 0.000000000000000000, 17.50000000000000000 ) ) ;
#777 = SURFACE_SIDE_STYLE ('',( #2573 ) ) ;
#778 = EDGE_CURVE ( 'NONE', #2462, #2255, #1532, .T. ) ;
#779 = CARTESIAN_POINT ( 'NONE',  ( 20.89999999999999858, 33.00000000000000711, 15.90000000000000036 ) ) ;
#780 = CARTESIAN_POINT ( 'NONE',  ( 40.90000000000000568, 0.000000000000000000, 6.599999999999997868 ) ) ;
#781 = CARTESIAN_POINT ( 'NONE',  ( -40.90000000000000568, 33.00000000000000000, 8.099999999999988987 ) ) ;
#782 =( GEOMETRIC_REPRESENTATION_CONTEXT ( 3 ) GLOBAL_UNCERTAINTY_ASSIGNED_CONTEXT ( ( #3430 ) ) GLOBAL_UNIT_ASSIGNED_CONTEXT ( ( #3038, #1819, #1595 ) ) REPRESENTATION_CONTEXT ( 'NONE', 'WORKASPACE' ) );
#783 = COLOUR_RGB ( '',1.000000000000000000, 1.000000000000000000, 1.000000000000000000 ) ;
#784 = DIRECTION ( 'NONE',  ( 0.000000000000000000, -1.000000000000000000, 0.000000000000000000 ) ) ;
#785 = CARTESIAN_POINT ( 'NONE',  ( 22.50000000000000000, 49.60000000000000142, -17.50000000000000000 ) ) ;
#786 = STYLED_ITEM ( 'NONE', ( #3351 ), #1063 ) ;
#787 = ORIENTED_EDGE ( 'NONE', *, *, #131, .T. ) ;
#788 = COLOUR_RGB ( '',1.000000000000000000, 1.000000000000000000, 1.000000000000000000 ) ;
#789 = LINE ( 'NONE', #173, #3432 ) ;
#790 = CARTESIAN_POINT ( 'NONE',  ( 37.50000000000145661, 32.59999999999999432, 11.00000000000008349 ) ) ;
#791 = EDGE_CURVE ( 'NONE', #1561, #430, #2556, .T. ) ;
#792 = SURFACE_STYLE_FILL_AREA ( #137 ) ;
#793 = ORIENTED_EDGE ( 'NONE', *, *, #3734, .T. ) ;
#794 = ORIENTED_EDGE ( 'NONE', *, *, #2455, .T. ) ;
#795 = CARTESIAN_POINT ( 'NONE',  ( 40.50000000000000000, 27.19999999999999929, -6.299999999999997158 ) ) ;
#796 = SURFACE_STYLE_FILL_AREA ( #2521 ) ;
#797 = FILL_AREA_STYLE_COLOUR ( '', #3747 ) ;
#798 = CARTESIAN_POINT ( 'NONE',  ( 40.89999999999999858, 0.000000000000000000, -15.89999999999999680 ) ) ;
#799 = LINE ( 'NONE', #779, #3271 ) ;
#800 = CARTESIAN_POINT ( 'NONE',  ( -40.90000000000000568, 33.00000000000000000, 15.90000000000000036 ) ) ;
#801 = CARTESIAN_POINT ( 'NONE',  ( -14.50000000000013145, 47.59999999999999432, 4.999999999999999112 ) ) ;
#802 = EDGE_CURVE ( 'NONE', #3201, #622, #3805, .T. ) ;
#803 = PLANE ( 'NONE',  #3516 ) ;
#804 = AXIS2_PLACEMENT_3D ( 'NONE', #3181, #2027, #3500 ) ;
#805 = VECTOR ( 'NONE', #633, 1000.000000000000000 ) ;
#806 = DIRECTION ( 'NONE',  ( 0.000000000000000000, 1.000000000000000000, 0.000000000000000000 ) ) ;
#807 = EDGE_LOOP ( 'NONE', ( #2022, #2427, #643, #3299 ) ) ;
#808 = AXIS2_PLACEMENT_3D ( 'NONE', #1590, #1348, #2220 ) ;
#809 = LINE ( 'NONE', #3437, #2526 ) ;
#810 =( LENGTH_UNIT ( ) NAMED_UNIT ( * ) SI_UNIT ( .MILLI., .METRE. ) );
#811 = AXIS2_PLACEMENT_3D ( 'NONE', #2465, #702, #39 ) ;
#812 = DIRECTION ( 'NONE',  ( 0.000000000000000000, -1.502314598737159031E-16, 1.000000000000000000 ) ) ;
#813 = UNCERTAINTY_MEASURE_WITH_UNIT (LENGTH_MEASURE( 1.000000000000000082E-05 ), #1372, 'distance_accuracy_value', 'NONE');
#814 = VERTEX_POINT ( 'NONE', #3388 ) ;
#815 = AXIS2_PLACEMENT_3D ( 'NONE', #2839, #2571, #3463 ) ;
#816 = ADVANCED_FACE ( 'NONE', ( #1656 ), #112, .T. ) ;
#817 = ORIENTED_EDGE ( 'NONE', *, *, #233, .F. ) ;
#818 = FACE_OUTER_BOUND ( 'NONE', #3036, .T. ) ;
#819 =( NAMED_UNIT ( * ) PLANE_ANGLE_UNIT ( ) SI_UNIT ( $, .RADIAN. ) );
#820 = PRESENTATION_STYLE_ASSIGNMENT (( #3466 ) ) ;
#821 = PRESENTATION_LAYER_ASSIGNMENT (  '', '', ( #2372 ) ) ;
#822 = DIRECTION ( 'NONE',  ( -4.956352788505163268E-16, 1.000000000000000000, -0.000000000000000000 ) ) ;
#823 = ORIENTED_EDGE ( 'NONE', *, *, #1293, .T. ) ;
#824 = DIRECTION ( 'NONE',  ( 0.000000000000000000, -0.8988140655479097685, -0.4383300988675517540 ) ) ;
#825 = VECTOR ( 'NONE', #27, 1000.000000000000000 ) ;
#826 = CARTESIAN_POINT ( 'NONE',  ( -14.50000000000028422, 29.50000000000000355, -10.00000000000000000 ) ) ;
#827 = MECHANICAL_DESIGN_GEOMETRIC_PRESENTATION_REPRESENTATION (  '', ( #1264 ), #117 ) ;
#828 = ORIENTED_EDGE ( 'NONE', *, *, #936, .T. ) ;
#829 = EDGE_CURVE ( 'NONE', #344, #743, #2653, .T. ) ;
#830 = DIRECTION ( 'NONE',  ( -0.000000000000000000, -0.000000000000000000, -1.000000000000000000 ) ) ;
#831 = PRESENTATION_STYLE_ASSIGNMENT (( #2313 ) ) ;
#832 = VERTEX_POINT ( 'NONE', #1050 ) ;
#833 = ORIENTED_EDGE ( 'NONE', *, *, #3818, .F. ) ;
#834 = CARTESIAN_POINT ( 'NONE',  ( -20.89999999999999858, 33.00000000000000000, 17.50000000000000000 ) ) ;
#835 = DIRECTION ( 'NONE',  ( -0.000000000000000000, -0.000000000000000000, -1.000000000000000000 ) ) ;
#836 = SURFACE_SIDE_STYLE ('',( #2702 ) ) ;
#837 = FILL_AREA_STYLE ('',( #2355 ) ) ;
#838 = ORIENTED_EDGE ( 'NONE', *, *, #2206, .T. ) ;
#839 = FACE_BOUND ( 'NONE', #260, .T. ) ;
#840 = SURFACE_STYLE_USAGE ( .BOTH. , #268 ) ;
#841 = STYLED_ITEM ( 'NONE', ( #3754 ), #320 ) ;
#842 = SURFACE_STYLE_USAGE ( .BOTH. , #1424 ) ;
#843 =( GEOMETRIC_REPRESENTATION_CONTEXT ( 3 ) GLOBAL_UNCERTAINTY_ASSIGNED_CONTEXT ( ( #1074 ) ) GLOBAL_UNIT_ASSIGNED_CONTEXT ( ( #1599, #1885, #3096 ) ) REPRESENTATION_CONTEXT ( 'NONE', 'WORKASPACE' ) );
#844 =( NAMED_UNIT ( * ) PLANE_ANGLE_UNIT ( ) SI_UNIT ( $, .RADIAN. ) );
#845 =( LENGTH_UNIT ( ) NAMED_UNIT ( * ) SI_UNIT ( .MILLI., .METRE. ) );
#846 = ORIENTED_EDGE ( 'NONE', *, *, #656, .T. ) ;
#847 = PRESENTATION_LAYER_ASSIGNMENT (  '', '', ( #2037 ) ) ;
#848 = FILL_AREA_STYLE ('',( #2581 ) ) ;
#849 =( LENGTH_UNIT ( ) NAMED_UNIT ( * ) SI_UNIT ( .MILLI., .METRE. ) );
#850 = DIRECTION ( 'NONE',  ( 0.000000000000000000, -1.000000000000000000, 0.000000000000000000 ) ) ;
#851 = APPLICATION_PROTOCOL_DEFINITION ( 'draft international standard', 'automotive_design', 1998, #1574 ) ;
#852 = EDGE_CURVE ( 'NONE', #3808, #2462, #2282, .T. ) ;
#853 = ORIENTED_EDGE ( 'NONE', *, *, #1921, .F. ) ;
#854 = UNCERTAINTY_MEASURE_WITH_UNIT (LENGTH_MEASURE( 1.000000000000000082E-05 ), #3368, 'distance_accuracy_value', 'NONE');
#855 = SURFACE_SIDE_STYLE ('',( #2317 ) ) ;
#856 = ORIENTED_EDGE ( 'NONE', *, *, #1283, .F. ) ;
#857 = LINE ( 'NONE', #2092, #2739 ) ;
#858 = PLANE ( 'NONE',  #2230 ) ;
#859 = COLOUR_RGB ( '',1.000000000000000000, 1.000000000000000000, 1.000000000000000000 ) ;
#860 = CARTESIAN_POINT ( 'NONE',  ( -40.90000000000000568, 3.329129092832149972, -7.283861643578807943 ) ) ;
#861 = LINE ( 'NONE', #2397, #3693 ) ;
#862 = ORIENTED_EDGE ( 'NONE', *, *, #1931, .T. ) ;
#863 = DIRECTION ( 'NONE',  ( -0.000000000000000000, 1.000000000000000000, -0.000000000000000000 ) ) ;
#864 = FACE_BOUND ( 'NONE', #3236, .T. ) ;
#865 = MECHANICAL_DESIGN_GEOMETRIC_PRESENTATION_REPRESENTATION (  '', ( #274 ), #669 ) ;
#866 = EDGE_CURVE ( 'NONE', #3337, #1624, #3708, .T. ) ;
#867 = CARTESIAN_POINT ( 'NONE',  ( -42.49999999999999289, 11.17609999999999992, 5.540000000000004476 ) ) ;
#868 = CARTESIAN_POINT ( 'NONE',  ( 0.9999999999998193667, 34.00000000000000000, 1.078520768856852078E-29 ) ) ;
#869 = MECHANICAL_DESIGN_GEOMETRIC_PRESENTATION_REPRESENTATION (  '', ( #2053 ), #1673 ) ;
#870 = UNCERTAINTY_MEASURE_WITH_UNIT (LENGTH_MEASURE( 1.000000000000000082E-05 ), #565, 'distance_accuracy_value', 'NONE');
#871 = ORIENTED_EDGE ( 'NONE', *, *, #2894, .F. ) ;
#872 = COLOUR_RGB ( '',1.000000000000000000, 1.000000000000000000, 1.000000000000000000 ) ;
#873 = CARTESIAN_POINT ( 'NONE',  ( 0.9999999999998193667, 34.00000000000000000, 1.078520768856852078E-29 ) ) ;
#874 = ORIENTED_EDGE ( 'NONE', *, *, #866, .T. ) ;
#875 = PRESENTATION_LAYER_ASSIGNMENT (  '', '', ( #2610 ) ) ;
#876 =( GEOMETRIC_REPRESENTATION_CONTEXT ( 3 ) GLOBAL_UNCERTAINTY_ASSIGNED_CONTEXT ( ( #3105 ) ) GLOBAL_UNIT_ASSIGNED_CONTEXT ( ( #183, #1341, #3509 ) ) REPRESENTATION_CONTEXT ( 'NONE', 'WORKASPACE' ) );
#877 = DIRECTION ( 'NONE',  ( 0.000000000000000000, 0.000000000000000000, 1.000000000000000000 ) ) ;
#878 = ORIENTED_EDGE ( 'NONE', *, *, #301, .T. ) ;
#879 = CARTESIAN_POINT ( 'NONE',  ( -5.800868684210879727E-15, 34.00000000000000000, 0.000000000000000000 ) ) ;
#880 = PRESENTATION_STYLE_ASSIGNMENT (( #564 ) ) ;
#881 = CARTESIAN_POINT ( 'NONE',  ( -42.49999999999999289, 0.000000000000000000, 17.50000000000000000 ) ) ;
#882 =( GEOMETRIC_REPRESENTATION_CONTEXT ( 3 ) GLOBAL_UNCERTAINTY_ASSIGNED_CONTEXT ( ( #2532 ) ) GLOBAL_UNIT_ASSIGNED_CONTEXT ( ( #2501, #1286, #1016 ) ) REPRESENTATION_CONTEXT ( 'NONE', 'WORKASPACE' ) );
#883 = EDGE_CURVE ( 'NONE', #1323, #2079, #3137, .T. ) ;
#884 = DIRECTION ( 'NONE',  ( 0.000000000000000000, 1.000000000000000000, 0.000000000000000000 ) ) ;
#885 = VERTEX_POINT ( 'NONE', #1358 ) ;
#886 = FACE_BOUND ( 'NONE', #2085, .T. ) ;
#887 = AXIS2_PLACEMENT_3D ( 'NONE', #499, #537, #2890 ) ;
#888 = LINE ( 'NONE', #1420, #1093 ) ;
#889 = MECHANICAL_DESIGN_GEOMETRIC_PRESENTATION_REPRESENTATION (  '', ( #553 ), #3542 ) ;
#890 = DIRECTION ( 'NONE',  ( -1.000000000000000000, 0.000000000000000000, 0.000000000000000000 ) ) ;
#891 = SURFACE_STYLE_FILL_AREA ( #2123 ) ;
#892 = CARTESIAN_POINT ( 'NONE',  ( -42.49999999999999289, 1.373899999999992128, 4.155000000000004690 ) ) ;
#893 = VECTOR ( 'NONE', #3297, 1000.000000000000000 ) ;
#894 = EDGE_LOOP ( 'NONE', ( #2772, #109, #2227, #963, #2593, #568, #503, #2987 ) ) ;
#895 = ORIENTED_EDGE ( 'NONE', *, *, #3367, .F. ) ;
#896 = EDGE_CURVE ( 'NONE', #3087, #1390, #2716, .T. ) ;
#897 =( NAMED_UNIT ( * ) PLANE_ANGLE_UNIT ( ) SI_UNIT ( $, .RADIAN. ) );
#898 = FILL_AREA_STYLE ('',( #952 ) ) ;
#899 = DIRECTION ( 'NONE',  ( 0.000000000000000000, 0.000000000000000000, 1.000000000000000000 ) ) ;
#900 = DIRECTION ( 'NONE',  ( -1.982541115402065110E-16, 1.000000000000000000, 1.565634906116249487E-16 ) ) ;
#901 = SURFACE_STYLE_FILL_AREA ( #3550 ) ;
#902 = ORIENTED_EDGE ( 'NONE', *, *, #2199, .F. ) ;
#903 = FILL_AREA_STYLE ('',( #552 ) ) ;
#904 = EDGE_CURVE ( 'NONE', #3238, #3774, #1068, .T. ) ;
#905 = CARTESIAN_POINT ( 'NONE',  ( 40.90000000000000568, 33.00000000000000711, 15.90000000000000036 ) ) ;
#906 = DIRECTION ( 'NONE',  ( 0.000000000000000000, 0.000000000000000000, 1.000000000000000000 ) ) ;
#907 = FILL_AREA_STYLE ('',( #2618 ) ) ;
#908 = ORIENTED_EDGE ( 'NONE', *, *, #3541, .T. ) ;
#909 = CARTESIAN_POINT ( 'NONE',  ( -40.90000000000000568, 6.268728515410834312, 9.671248654051884941 ) ) ;
#910 = VECTOR ( 'NONE', #2482, 1000.000000000000000 ) ;
#911 = ORIENTED_EDGE ( 'NONE', *, *, #1719, .T. ) ;
#912 = EDGE_CURVE ( 'NONE', #2471, #1579, #1616, .T. ) ;
#913 = LINE ( 'NONE', #2071, #2311 ) ;
#914 = CARTESIAN_POINT ( 'NONE',  ( 37.50000000000145661, 34.60000000000000142, 14.00000000000007461 ) ) ;
#915 = LINE ( 'NONE', #3010, #2446 ) ;
#916 = UNCERTAINTY_MEASURE_WITH_UNIT (LENGTH_MEASURE( 1.000000000000000082E-05 ), #2776, 'distance_accuracy_value', 'NONE');
#917 = STYLED_ITEM ( 'NONE', ( #2217 ), #1083 ) ;
#918 = ORIENTED_EDGE ( 'NONE', *, *, #3082, .F. ) ;
#919 = CARTESIAN_POINT ( 'NONE',  ( -14.50000000000023448, 49.60000000000000142, -3.999999999999998224 ) ) ;
#920 =( NAMED_UNIT ( * ) PLANE_ANGLE_UNIT ( ) SI_UNIT ( $, .RADIAN. ) );
#921 = CYLINDRICAL_SURFACE ( 'NONE', #2600, 1.499999999999997780 ) ;
#922 = EDGE_CURVE ( 'NONE', #2241, #2744, #1033, .T. ) ;
#923 = FACE_OUTER_BOUND ( 'NONE', #2518, .T. ) ;
#924 = ORIENTED_EDGE ( 'NONE', *, *, #3065, .T. ) ;
#925 = COLOUR_RGB ( '',1.000000000000000000, 1.000000000000000000, 1.000000000000000000 ) ;
#926 = AXIS2_PLACEMENT_3D ( 'NONE', #678, #2115, #1879 ) ;
#927 = ORIENTED_EDGE ( 'NONE', *, *, #547, .F. ) ;
#928 = PRESENTATION_STYLE_ASSIGNMENT (( #370 ) ) ;
#929 =( LENGTH_UNIT ( ) NAMED_UNIT ( * ) SI_UNIT ( .MILLI., .METRE. ) );
#930 = PRESENTATION_LAYER_ASSIGNMENT (  '', '', ( #1679 ) ) ;
#932 = FACE_OUTER_BOUND ( 'NONE', #2527, .T. ) ;
#931 = AXIS2_PLACEMENT_3D ( 'NONE', #1630, #1351, #3701 ) ;
#933 = DIRECTION ( 'NONE',  ( -1.000000000000000000, -1.982541115402065110E-16, -0.000000000000000000 ) ) ;
#934 =( LENGTH_UNIT ( ) NAMED_UNIT ( * ) SI_UNIT ( .MILLI., .METRE. ) );
#935 = ORIENTED_EDGE ( 'NONE', *, *, #1566, .T. ) ;
#936 = EDGE_CURVE ( 'NONE', #3100, #3071, #180, .T. ) ;
#937 = VECTOR ( 'NONE', #2250, 1000.000000000000000 ) ;
#938 = FACE_BOUND ( 'NONE', #627, .T. ) ;
#939 = ORIENTED_EDGE ( 'NONE', *, *, #597, .F. ) ;
#940 =( LENGTH_UNIT ( ) NAMED_UNIT ( * ) SI_UNIT ( .MILLI., .METRE. ) );
#941 = CARTESIAN_POINT ( 'NONE',  ( 42.50000000000000000, 27.19999999999999929, 6.299999999999998934 ) ) ;
#942 =( LENGTH_UNIT ( ) NAMED_UNIT ( * ) SI_UNIT ( .MILLI., .METRE. ) );
#943 = SURFACE_STYLE_USAGE ( .BOTH. , #402 ) ;
#944 = LINE ( 'NONE', #1489, #2596 ) ;
#945 = CARTESIAN_POINT ( 'NONE',  ( -40.49999999999999289, 6.268728515410837865, -9.671248654051934679 ) ) ;
#946 = ORIENTED_EDGE ( 'NONE', *, *, #1383, .T. ) ;
#947 = PRODUCT_RELATED_PRODUCT_CATEGORY ( 'part', '', ( #415 ) ) ;
#948 =( GEOMETRIC_REPRESENTATION_CONTEXT ( 3 ) GLOBAL_UNCERTAINTY_ASSIGNED_CONTEXT ( ( #2096 ) ) GLOBAL_UNIT_ASSIGNED_CONTEXT ( ( #1731, #2631, #1088 ) ) REPRESENTATION_CONTEXT ( 'NONE', 'WORKASPACE' ) );
#949 =( NAMED_UNIT ( * ) PLANE_ANGLE_UNIT ( ) SI_UNIT ( $, .RADIAN. ) );
#950 = VERTEX_POINT ( 'NONE', #3145 ) ;
#951 = SURFACE_SIDE_STYLE ('',( #988 ) ) ;
#952 = FILL_AREA_STYLE_COLOUR ( '', #1155 ) ;
#953 = DIRECTION ( 'NONE',  ( -1.000000000000000000, 0.000000000000000000, 0.000000000000000000 ) ) ;
#954 = LINE ( 'NONE', #287, #1070 ) ;
#955 = EDGE_LOOP ( 'NONE', ( #3618, #575, #1665, #2620 ) ) ;
#956 = ORIENTED_EDGE ( 'NONE', *, *, #3846, .T. ) ;
#957 = PLANE ( 'NONE',  #3407 ) ;
#958 = CARTESIAN_POINT ( 'NONE',  ( -42.49999999999999289, 0.000000000000000000, -17.50000000000000000 ) ) ;
#959 = FACE_BOUND ( 'NONE', #2636, .T. ) ;
#960 = CARTESIAN_POINT ( 'NONE',  ( -40.90000000000000568, 3.768728515410834756, -14.00137567297412922 ) ) ;
#961 = EDGE_CURVE ( 'NONE', #1852, #3152, #258, .T. ) ;
#962 = DIRECTION ( 'NONE',  ( 0.000000000000000000, 0.000000000000000000, -1.000000000000000000 ) ) ;
#963 = ORIENTED_EDGE ( 'NONE', *, *, #3338, .F. ) ;
#964 = EDGE_LOOP ( 'NONE', ( #3232, #911, #1868, #2418 ) ) ;
#965 = STYLED_ITEM ( 'NONE', ( #129 ), #455 ) ;
#966 = SURFACE_STYLE_FILL_AREA ( #22 ) ;
#967 = CARTESIAN_POINT ( 'NONE',  ( 40.90000000000000568, 33.00000000000000711, -15.90000000000000036 ) ) ;
#968 = EDGE_CURVE ( 'NONE', #3355, #3539, #2896, .T. ) ;
#969 = DIRECTION ( 'NONE',  ( 1.000000000000000000, -2.102695122396129176E-16, 0.000000000000000000 ) ) ;
#970 = CARTESIAN_POINT ( 'NONE',  ( 40.49999999999999289, 16.19999999999999929, 6.299999999999997158 ) ) ;
#971 = DIRECTION ( 'NONE',  ( 1.000000000000000000, 0.000000000000000000, 0.000000000000000000 ) ) ;
#972 = ORIENTED_EDGE ( 'NONE', *, *, #983, .T. ) ;
#973 = FACE_BOUND ( 'NONE', #1436, .T. ) ;
#974 = ORIENTED_EDGE ( 'NONE', *, *, #2658, .F. ) ;
#975 =( NAMED_UNIT ( * ) SI_UNIT ( $, .STERADIAN. ) SOLID_ANGLE_UNIT ( ) );
#976 = DIRECTION ( 'NONE',  ( -0.000000000000000000, 1.000000000000000000, -0.000000000000000000 ) ) ;
#977 = AXIS2_PLACEMENT_3D ( 'NONE', #308, #969, #3055 ) ;
#978 = STYLED_ITEM ( 'NONE', ( #3566 ), #1028 ) ;
#979 = LINE ( 'NONE', #700, #2847 ) ;
#980 = LINE ( 'NONE', #1861, #40 ) ;
#981 =( NAMED_UNIT ( * ) SI_UNIT ( $, .STERADIAN. ) SOLID_ANGLE_UNIT ( ) );
#982 = SURFACE_STYLE_USAGE ( .BOTH. , #3286 ) ;
#983 = EDGE_CURVE ( 'NONE', #1065, #3779, #3736, .T. ) ;
#984 = AXIS2_PLACEMENT_3D ( 'NONE', #3346, #1109, #2609 ) ;
#985 = FILL_AREA_STYLE_COLOUR ( '', #2622 ) ;
#986 = VERTEX_POINT ( 'NONE', #223 ) ;
#987 = PRESENTATION_LAYER_ASSIGNMENT (  '', '', ( #1486 ) ) ;
#988 = SURFACE_STYLE_FILL_AREA ( #3631 ) ;
#989 = DIRECTION ( 'NONE',  ( -1.000000000000000000, -1.982541115402065110E-16, -0.000000000000000000 ) ) ;
#990 = CYLINDRICAL_SURFACE ( 'NONE', #3206, 1.499999999999996225 ) ;
#991 =( LENGTH_UNIT ( ) NAMED_UNIT ( * ) SI_UNIT ( .MILLI., .METRE. ) );
#992 = PRODUCT_CONTEXT ( 'NONE', #224, 'mechanical' ) ;
#993 = ORIENTED_EDGE ( 'NONE', *, *, #2127, .T. ) ;
#994 =( GEOMETRIC_REPRESENTATION_CONTEXT ( 3 ) GLOBAL_UNCERTAINTY_ASSIGNED_CONTEXT ( ( #3705 ) ) GLOBAL_UNIT_ASSIGNED_CONTEXT ( ( #2780, #2724, #332 ) ) REPRESENTATION_CONTEXT ( 'NONE', 'WORKASPACE' ) );
#995 = ADVANCED_FACE ( 'NONE', ( #818 ), #858, .F. ) ;
#996 = VECTOR ( 'NONE', #520, 1000.000000000000000 ) ;
#997 = SURFACE_STYLE_FILL_AREA ( #1304 ) ;
#998 = ORIENTED_EDGE ( 'NONE', *, *, #2679, .F. ) ;
#999 = CARTESIAN_POINT ( 'NONE',  ( -14.50000000000013145, 49.60000000000000142, 4.999999999999999112 ) ) ;
#1000 = VECTOR ( 'NONE', #2749, 1000.000000000000000 ) ;
#1001 = EDGE_CURVE ( 'NONE', #986, #3226, #2948, .T. ) ;
#1002 = CARTESIAN_POINT ( 'NONE',  ( -14.50000000000007816, 49.60000000000000142, 11.00000000000000355 ) ) ;
#1003 = CARTESIAN_POINT ( 'NONE',  ( -28.90999999999853642, 33.00000000000000000, 12.55799999999995009 ) ) ;
#1004 = VECTOR ( 'NONE', #3345, 1000.000000000000000 ) ;
#1005 = MECHANICAL_DESIGN_GEOMETRIC_PRESENTATION_REPRESENTATION (  '', ( #1501 ), #882 ) ;
#1006 = DIRECTION ( 'NONE',  ( -1.000000000000000000, 0.000000000000000000, 0.000000000000000000 ) ) ;
#1007 = AXIS2_PLACEMENT_3D ( 'NONE', #3578, #2154, #2134 ) ;
#1008 = EDGE_LOOP ( 'NONE', ( #290, #2752, #1845, #3515 ) ) ;
#1009 = SURFACE_STYLE_USAGE ( .BOTH. , #1648 ) ;
#1010 = FILL_AREA_STYLE_COLOUR ( '', #3429 ) ;
#1011 =( NAMED_UNIT ( * ) SI_UNIT ( $, .STERADIAN. ) SOLID_ANGLE_UNIT ( ) );
#1012 = PRESENTATION_STYLE_ASSIGNMENT (( #3335 ) ) ;
#1014 = ORIENTED_EDGE ( 'NONE', *, *, #2423, .T. ) ;
#1013 = COLOUR_RGB ( '',1.000000000000000000, 1.000000000000000000, 1.000000000000000000 ) ;
#1015 = VERTEX_POINT ( 'NONE', #2917 ) ;
#1016 =( NAMED_UNIT ( * ) SI_UNIT ( $, .STERADIAN. ) SOLID_ANGLE_UNIT ( ) );
#1017 = CARTESIAN_POINT ( 'NONE',  ( -40.49999999999999289, 3.768728515410834312, 11.11462432702595038 ) ) ;
#1018 = ADVANCED_FACE ( 'NONE', ( #3803 ), #3240, .F. ) ;
#1019 = LINE ( 'NONE', #359, #1000 ) ;
#1020 = EDGE_CURVE ( 'NONE', #2932, #3761, #3464, .T. ) ;
#1021 = CARTESIAN_POINT ( 'NONE',  ( -17.10000000000006892, 29.50000000000000355, -10.00000000000000000 ) ) ;
#1022 = EDGE_LOOP ( 'NONE', ( #257, #2280, #1132, #91 ) ) ;
#1023 = LINE ( 'NONE', #136, #2 ) ;
#1024 = DIRECTION ( 'NONE',  ( 4.956352788505163268E-16, -1.000000000000000000, 0.000000000000000000 ) ) ;
#1025 = VECTOR ( 'NONE', #1555, 1000.000000000000000 ) ;
#1026 = APPLICATION_PROTOCOL_DEFINITION ( 'draft international standard', 'automotive_design', 1998, #642 ) ;
#1027 = ORIENTED_EDGE ( 'NONE', *, *, #3714, .T. ) ;
#1028 = ADVANCED_FACE ( 'NONE', ( #1414, #3762 ), #1812, .F. ) ;
#1029 = MECHANICAL_DESIGN_GEOMETRIC_PRESENTATION_REPRESENTATION (  '', ( #130 ), #3078 ) ;
#1030 = DIRECTION ( 'NONE',  ( 0.000000000000000000, -0.8660254037844387076, 0.4999999999999997224 ) ) ;
#1031 = ORIENTED_EDGE ( 'NONE', *, *, #3103, .T. ) ;
#1032 = SURFACE_SIDE_STYLE ('',( #2802 ) ) ;
#1033 = LINE ( 'NONE', #1379, #1975 ) ;
#1034 =( GEOMETRIC_REPRESENTATION_CONTEXT ( 3 ) GLOBAL_UNCERTAINTY_ASSIGNED_CONTEXT ( ( #471 ) ) GLOBAL_UNIT_ASSIGNED_CONTEXT ( ( #3569, #2081, #1484 ) ) REPRESENTATION_CONTEXT ( 'NONE', 'WORKASPACE' ) );
#1035 = VECTOR ( 'NONE', #1325, 1000.000000000000000 ) ;
#1036 = CARTESIAN_POINT ( 'NONE',  ( 40.89999999999999858, 7.399999999999990585, 17.50000000000000000 ) ) ;
#1037 = ADVANCED_FACE ( 'NONE', ( #2991 ), #990, .F. ) ;
#1038 = SURFACE_STYLE_FILL_AREA ( #169 ) ;
#1039 = AXIS2_PLACEMENT_3D ( 'NONE', #475, #806, #1425 ) ;
#1040 = EDGE_LOOP ( 'NONE', ( #1284, #204, #856, #2801 ) ) ;
#1041 = CARTESIAN_POINT ( 'NONE',  ( -40.49999999999999289, 8.768728515410835200, 14.00137567297407770 ) ) ;
#1042 = UNCERTAINTY_MEASURE_WITH_UNIT (LENGTH_MEASURE( 1.000000000000000082E-05 ), #3016, 'distance_accuracy_value', 'NONE');
#1043 = ORIENTED_EDGE ( 'NONE', *, *, #1571, .F. ) ;
#1044 = MECHANICAL_DESIGN_GEOMETRIC_PRESENTATION_REPRESENTATION (  '', ( #2908 ), #3215 ) ;
#1045 = CARTESIAN_POINT ( 'NONE',  ( -14.50000000000023448, 49.60000000000000142, -5.000000000000000000 ) ) ;
#1046 = UNCERTAINTY_MEASURE_WITH_UNIT (LENGTH_MEASURE( 1.000000000000000082E-05 ), #3320, 'distance_accuracy_value', 'NONE');
#1047 = ORIENTED_EDGE ( 'NONE', *, *, #1020, .F. ) ;
#1048 = DIRECTION ( 'NONE',  ( 0.000000000000000000, 0.8660254037844384856, -0.5000000000000002220 ) ) ;
#1049 = AXIS2_PLACEMENT_3D ( 'NONE', #1502, #884, #2381 ) ;
#1050 = CARTESIAN_POINT ( 'NONE',  ( -40.90000000000000568, 8.768728515410835200, -11.11462432702600189 ) ) ;
#1051 = EDGE_CURVE ( 'NONE', #1856, #885, #1266, .T. ) ;
#1052 = COLOUR_RGB ( '',1.000000000000000000, 1.000000000000000000, 1.000000000000000000 ) ;
#1053 = PLANE ( 'NONE',  #3634 ) ;
#1054 = LINE ( 'NONE', #2575, #937 ) ;
#1055 =( LENGTH_UNIT ( ) NAMED_UNIT ( * ) SI_UNIT ( .MILLI., .METRE. ) );
#1056 = MECHANICAL_DESIGN_GEOMETRIC_PRESENTATION_REPRESENTATION (  '', ( #3700 ), #685 ) ;
#1057 = ORIENTED_EDGE ( 'NONE', *, *, #1583, .T. ) ;
#1058 = VECTOR ( 'NONE', #3783, 1000.000000000000000 ) ;
#1059 = AXIS2_PLACEMENT_3D ( 'NONE', #3235, #1101, #1783 ) ;
#1060 = PRESENTATION_STYLE_ASSIGNMENT (( #767 ) ) ;
#1061 = PLANE ( 'NONE',  #3169 ) ;
#1062 = PLANE ( 'NONE',  #1552 ) ;
#1063 = ADVANCED_FACE ( 'NONE', ( #932 ), #764, .F. ) ;
#1064 = VERTEX_POINT ( 'NONE', #785 ) ;
#1065 = VERTEX_POINT ( 'NONE', #1366 ) ;
#1066 = FILL_AREA_STYLE_COLOUR ( '', #2503 ) ;
#1067 = VECTOR ( 'NONE', #1499, 1000.000000000000000 ) ;
#1068 = LINE ( 'NONE', #1017, #3624 ) ;
#1069 = PRESENTATION_STYLE_ASSIGNMENT (( #2589 ) ) ;
#1070 = VECTOR ( 'NONE', #2393, 1000.000000000000000 ) ;
#1071 = CARTESIAN_POINT ( 'NONE',  ( 42.50000000000000000, 34.60000000000000142, -17.50000000000000000 ) ) ;
#1072 = PLANE ( 'NONE',  #2923 ) ;
#1073 =( NAMED_UNIT ( * ) PLANE_ANGLE_UNIT ( ) SI_UNIT ( $, .RADIAN. ) );
#1074 = UNCERTAINTY_MEASURE_WITH_UNIT (LENGTH_MEASURE( 1.000000000000000082E-05 ), #1599, 'distance_accuracy_value', 'NONE');
#1075 = EDGE_CURVE ( 'NONE', #1064, #1992, #2563, .T. ) ;
#1076 = PLANE ( 'NONE',  #336 ) ;
#1077 = ORIENTED_EDGE ( 'NONE', *, *, #2800, .F. ) ;
#1078 = CARTESIAN_POINT ( 'NONE',  ( 22.50000000000000000, 34.60000000000000142, 17.50000000000000000 ) ) ;
#1079 = LINE ( 'NONE', #3517, #1279 ) ;
#1080 = DIRECTION ( 'NONE',  ( -1.000000000000000000, -1.982541115402065110E-16, 0.000000000000000000 ) ) ;
#1081 = CARTESIAN_POINT ( 'NONE',  ( -40.90000000000000568, 3.768728515410831204, 17.49999999999999645 ) ) ;
#1082 = ORIENTED_EDGE ( 'NONE', *, *, #590, .T. ) ;
#1083 = ADVANCED_FACE ( 'NONE', ( #742 ), #1076, .T. ) ;
#1084 = ORIENTED_EDGE ( 'NONE', *, *, #3197, .F. ) ;
#1085 = LINE ( 'NONE', #3707, #293 ) ;
#1086 = DIRECTION ( 'NONE',  ( 0.000000000000000000, 0.000000000000000000, 1.000000000000000000 ) ) ;
#1087 = CARTESIAN_POINT ( 'NONE',  ( -42.50000000000000000, 27.19999999999999929, -8.200000000000013500 ) ) ;
#1088 =( NAMED_UNIT ( * ) SI_UNIT ( $, .STERADIAN. ) SOLID_ANGLE_UNIT ( ) );
#1089 = COLOUR_RGB ( '',1.000000000000000000, 1.000000000000000000, 1.000000000000000000 ) ;
#1090 = SURFACE_STYLE_FILL_AREA ( #1361 ) ;
#1091 = CARTESIAN_POINT ( 'NONE',  ( -14.50000000000013145, 49.60000000000000142, 6.000000000000000000 ) ) ;
#1092 = CYLINDRICAL_SURFACE ( 'NONE', #2032, 1.000000000000000888 ) ;
#1093 = VECTOR ( 'NONE', #2383, 1000.000000000000000 ) ;
#1094 = AXIS2_PLACEMENT_3D ( 'NONE', #2539, #1959, #1086 ) ;
#1095 = SURFACE_STYLE_USAGE ( .BOTH. , #1384 ) ;
#1096 =( REPRESENTATION_RELATIONSHIP ('NONE','NONE', #1825, #477 ) REPRESENTATION_RELATIONSHIP_WITH_TRANSFORMATION ( #1102 )SHAPE_REPRESENTATION_RELATIONSHIP( ) );
#1097 =( NAMED_UNIT ( * ) SI_UNIT ( $, .STERADIAN. ) SOLID_ANGLE_UNIT ( ) );
#1098 = VERTEX_POINT ( 'NONE', #2826 ) ;
#1099 = EDGE_CURVE ( 'NONE', #3498, #3226, #2655, .T. ) ;
#1100 =( LENGTH_UNIT ( ) NAMED_UNIT ( * ) SI_UNIT ( .MILLI., .METRE. ) );
#1101 = DIRECTION ( 'NONE',  ( -1.000000000000000000, -1.982541115402065110E-16, 0.000000000000000000 ) ) ;
#1102 = ITEM_DEFINED_TRANSFORMATION ( 'NONE', 'NONE', #697,  #758 ) ;
#1103 = EDGE_LOOP ( 'NONE', ( #3056, #3563 ) ) ;
#1104 = MECHANICAL_DESIGN_GEOMETRIC_PRESENTATION_REPRESENTATION (  '', ( #1666 ), #2479 ) ;
#1105 = FACE_OUTER_BOUND ( 'NONE', #1022, .T. ) ;
#1106 = ORIENTED_EDGE ( 'NONE', *, *, #2363, .F. ) ;
#1107 =( NAMED_UNIT ( * ) PLANE_ANGLE_UNIT ( ) SI_UNIT ( $, .RADIAN. ) );
#1108 = DIRECTION ( 'NONE',  ( -1.000000000000000000, -1.982541115402065110E-16, 0.000000000000000000 ) ) ;
#1109 = DIRECTION ( 'NONE',  ( 0.000000000000000000, 1.000000000000000000, 0.000000000000000000 ) ) ;
#1110 = MECHANICAL_DESIGN_GEOMETRIC_PRESENTATION_REPRESENTATION (  '', ( #596 ), #1483 ) ;
#1111 = EDGE_CURVE ( 'NONE', #139, #1901, #2341, .T. ) ;
#1112 = VECTOR ( 'NONE', #822, 1000.000000000000000 ) ;
#1113 = LINE ( 'NONE', #3148, #1866 ) ;
#1114 = ORIENTED_EDGE ( 'NONE', *, *, #113, .T. ) ;
#1115 = SURFACE_STYLE_FILL_AREA ( #1718 ) ;
#1116 = SURFACE_STYLE_USAGE ( .BOTH. , #2269 ) ;
#1117 = EDGE_CURVE ( 'NONE', #1529, #1989, #3472, .T. ) ;
#1118 = COLOUR_RGB ( '',1.000000000000000000, 1.000000000000000000, 1.000000000000000000 ) ;
#1119 = LINE ( 'NONE', #1681, #2190 ) ;
#1120 = COLOUR_RGB ( '',1.000000000000000000, 1.000000000000000000, 1.000000000000000000 ) ;
#1121 = PRESENTATION_LAYER_ASSIGNMENT (  '', '', ( #1737 ) ) ;
#1122 = ORIENTED_EDGE ( 'NONE', *, *, #3484, .F. ) ;
#1123 = STYLED_ITEM ( 'NONE', ( #2882 ), #2763 ) ;
#1124 = DIRECTION ( 'NONE',  ( 0.000000000000000000, 1.565634906116249487E-16, -1.000000000000000000 ) ) ;
#1125 = LINE ( 'NONE', #2910, #3473 ) ;
#1126 = PRESENTATION_LAYER_ASSIGNMENT (  '', '', ( #1620 ) ) ;
#1127 = FILL_AREA_STYLE_COLOUR ( '', #872 ) ;
#1128 = ORIENTED_EDGE ( 'NONE', *, *, #2730, .T. ) ;
#1129 = STYLED_ITEM ( 'NONE', ( #725 ), #3188 ) ;
#1130 = LINE ( 'NONE', #197, #996 ) ;
#1131 = EDGE_CURVE ( 'NONE', #2906, #2063, #1540, .T. ) ;
#1132 = ORIENTED_EDGE ( 'NONE', *, *, #1369, .T. ) ;
#1133 = DIRECTION ( 'NONE',  ( 1.660022465049576262E-16, -1.000000000000000000, -0.000000000000000000 ) ) ;
#1134 = MECHANICAL_DESIGN_GEOMETRIC_PRESENTATION_REPRESENTATION (  '', ( #2807 ), #3237 ) ;
#1135 =( GEOMETRIC_REPRESENTATION_CONTEXT ( 3 ) GLOBAL_UNCERTAINTY_ASSIGNED_CONTEXT ( ( #1197 ) ) GLOBAL_UNIT_ASSIGNED_CONTEXT ( ( #644, #3854, #2469 ) ) REPRESENTATION_CONTEXT ( 'NONE', 'WORKASPACE' ) );
#1136 =( NAMED_UNIT ( * ) PLANE_ANGLE_UNIT ( ) SI_UNIT ( $, .RADIAN. ) );
#1137 = ORIENTED_EDGE ( 'NONE', *, *, #3846, .F. ) ;
#1138 = CARTESIAN_POINT ( 'NONE',  ( -40.49999999999999289, 6.268728515410835200, 15.44475134594814136 ) ) ;
#1139 = VECTOR ( 'NONE', #403, 1000.000000000000000 ) ;
#1140 = DIRECTION ( 'NONE',  ( 0.000000000000000000, 0.000000000000000000, 1.000000000000000000 ) ) ;
#1141 =( LENGTH_UNIT ( ) NAMED_UNIT ( * ) SI_UNIT ( .MILLI., .METRE. ) );
#1142 = CARTESIAN_POINT ( 'NONE',  ( -22.50000000000000000, 34.60000000000000142, 17.50000000000000000 ) ) ;
#1143 = UNCERTAINTY_MEASURE_WITH_UNIT (LENGTH_MEASURE( 1.000000000000000082E-05 ), #991, 'distance_accuracy_value', 'NONE');
#1144 = ORIENTED_EDGE ( 'NONE', *, *, #705, .F. ) ;
#1145 = PRESENTATION_STYLE_ASSIGNMENT (( #3777 ) ) ;
#1146 =( LENGTH_UNIT ( ) NAMED_UNIT ( * ) SI_UNIT ( .MILLI., .METRE. ) );
#1147 = ORIENTED_EDGE ( 'NONE', *, *, #547, .T. ) ;
#1148 = CYLINDRICAL_SURFACE ( 'NONE', #1997, 1.499999999999996225 ) ;
#1149 = ORIENTED_EDGE ( 'NONE', *, *, #2266, .T. ) ;
#1150 =( NAMED_UNIT ( * ) SI_UNIT ( $, .STERADIAN. ) SOLID_ANGLE_UNIT ( ) );
#1151 = SURFACE_STYLE_FILL_AREA ( #3526 ) ;
#1152 = CARTESIAN_POINT ( 'NONE',  ( -42.49999999999999289, 6.268728515410838753, -9.671248654051941784 ) ) ;
#1153 = DIRECTION ( 'NONE',  ( 1.692687528183392866E-16, -1.000000000000000000, 0.000000000000000000 ) ) ;
#1154 = ADVANCED_FACE ( 'NONE', ( #1761 ), #3537, .F. ) ;
#1155 = COLOUR_RGB ( '',1.000000000000000000, 1.000000000000000000, 1.000000000000000000 ) ;
#1156 = ORIENTED_EDGE ( 'NONE', *, *, #3524, .F. ) ;
#1157 = DIRECTION ( 'NONE',  ( -1.000000000000000000, -1.982541115402065110E-16, 0.000000000000000000 ) ) ;
#1158 =( NAMED_UNIT ( * ) SI_UNIT ( $, .STERADIAN. ) SOLID_ANGLE_UNIT ( ) );
#1159 = PRESENTATION_LAYER_ASSIGNMENT (  '', '', ( #3495 ) ) ;
#1160 = DIRECTION ( 'NONE',  ( -2.102695122396129176E-16, -1.000000000000000000, -0.000000000000000000 ) ) ;
#1161 = PRESENTATION_LAYER_ASSIGNMENT (  '', '', ( #2466 ) ) ;
#1162 = SURFACE_SIDE_STYLE ('',( #3791 ) ) ;
#1163 = VERTEX_POINT ( 'NONE', #892 ) ;
#1164 = SURFACE_STYLE_USAGE ( .BOTH. , #1387 ) ;
#1165 = DIRECTION ( 'NONE',  ( -1.000000000000000000, 0.000000000000000000, 0.000000000000000000 ) ) ;
#1166 = SURFACE_STYLE_USAGE ( .BOTH. , #2088 ) ;
#1167 = VERTEX_POINT ( 'NONE', #209 ) ;
#1168 = EDGE_CURVE ( 'NONE', #476, #1313, #3444, .T. ) ;
#1169 = UNCERTAINTY_MEASURE_WITH_UNIT (LENGTH_MEASURE( 1.000000000000000082E-05 ), #2257, 'distance_accuracy_value', 'NONE');
#1170 = PRESENTATION_STYLE_ASSIGNMENT (( #2933 ) ) ;
#1171 = ORIENTED_EDGE ( 'NONE', *, *, #3810, .T. ) ;
#1172 = DIRECTION ( 'NONE',  ( -1.000000000000000000, -1.982541115402065110E-16, -0.000000000000000000 ) ) ;
#1173 = STYLED_ITEM ( 'NONE', ( #3306 ), #1261 ) ;
#1174 = CARTESIAN_POINT ( 'NONE',  ( -40.90000000000000568, 25.42723335610137170, 4.383583418904714257 ) ) ;
#1175 = DIRECTION ( 'NONE',  ( 0.000000000000000000, 0.8660254037844384856, 0.5000000000000002220 ) ) ;
#1176 = CARTESIAN_POINT ( 'NONE',  ( -14.50000000000007816, 29.50000000000000355, 11.00000000000000355 ) ) ;
#1177 = VERTEX_POINT ( 'NONE', #867 ) ;
#1178 = FACE_BOUND ( 'NONE', #2691, .T. ) ;
#1179 = CARTESIAN_POINT ( 'NONE',  ( 37.50000000000148503, 34.60000000000000142, -12.50000000000002132 ) ) ;
#1180 = AXIS2_PLACEMENT_3D ( 'NONE', #3691, #470, #2303 ) ;
#1181 = LINE ( 'NONE', #617, #21 ) ;
#1182 = ADVANCED_FACE ( 'NONE', ( #3772 ), #2062, .F. ) ;
#1183 = ORIENTED_EDGE ( 'NONE', *, *, #3013, .F. ) ;
#1184 = PRESENTATION_LAYER_ASSIGNMENT (  '', '', ( #3585 ) ) ;
#1185 =( GEOMETRIC_REPRESENTATION_CONTEXT ( 3 ) GLOBAL_UNCERTAINTY_ASSIGNED_CONTEXT ( ( #1637 ) ) GLOBAL_UNIT_ASSIGNED_CONTEXT ( ( #133, #151, #511 ) ) REPRESENTATION_CONTEXT ( 'NONE', 'WORKASPACE' ) );
#1186 = PRODUCT_DEFINITION ( 'UNKNOWN', '', #3417, #247 ) ;
#1187 = DIRECTION ( 'NONE',  ( 0.000000000000000000, 0.000000000000000000, 1.000000000000000000 ) ) ;
#1188 = VERTEX_POINT ( 'NONE', #1826 ) ;
#1189 = MECHANICAL_DESIGN_GEOMETRIC_PRESENTATION_REPRESENTATION (  '', ( #36 ), #1309 ) ;
#1190 = STYLED_ITEM ( 'NONE', ( #3370 ), #2846 ) ;
#1191 = VERTEX_POINT ( 'NONE', #318 ) ;
#1192 = EDGE_CURVE ( 'NONE', #527, #3683, #944, .T. ) ;
#1193 = LINE ( 'NONE', #2376, #1058 ) ;
#1194 = FILL_AREA_STYLE ('',( #2629 ) ) ;
#1195 = PLANE ( 'NONE',  #2845 ) ;
#1196 = CARTESIAN_POINT ( 'NONE',  ( -42.49999999999999289, 4.854999999999997762, 4.155000000000004690 ) ) ;
#1197 = UNCERTAINTY_MEASURE_WITH_UNIT (LENGTH_MEASURE( 1.000000000000000082E-05 ), #644, 'distance_accuracy_value', 'NONE');
#1198 = VECTOR ( 'NONE', #3111, 1000.000000000000000 ) ;
#1199 = ORIENTED_EDGE ( 'NONE', *, *, #243, .F. ) ;
#1200 = PRESENTATION_LAYER_ASSIGNMENT (  '', '', ( #3596 ) ) ;
#1201 = PLANE ( 'NONE',  #1797 ) ;
#1202 =( NAMED_UNIT ( * ) SI_UNIT ( $, .STERADIAN. ) SOLID_ANGLE_UNIT ( ) );
#1203 = FILL_AREA_STYLE ('',( #2959 ) ) ;
#1204 = FACE_OUTER_BOUND ( 'NONE', #3801, .T. ) ;
#1205 = ORIENTED_EDGE ( 'NONE', *, *, #3513, .T. ) ;
#1206 = EDGE_CURVE ( 'NONE', #2015, #1858, #3027, .T. ) ;
#1207 =( NAMED_UNIT ( * ) SI_UNIT ( $, .STERADIAN. ) SOLID_ANGLE_UNIT ( ) );
#1208 = ORIENTED_EDGE ( 'NONE', *, *, #362, .F. ) ;
#1209 = DIRECTION ( 'NONE',  ( -1.000000000000000000, 0.000000000000000000, 0.000000000000000000 ) ) ;
#1210 = SURFACE_STYLE_USAGE ( .BOTH. , #836 ) ;
#1211 = LINE ( 'NONE', #1771, #432 ) ;
#1212 = SURFACE_STYLE_USAGE ( .BOTH. , #2975 ) ;
#1213 = ORIENTED_EDGE ( 'NONE', *, *, #2951, .F. ) ;
#1214 = CARTESIAN_POINT ( 'NONE',  ( -40.90000000000000568, 13.19999999999999929, -8.200000000000013500 ) ) ;
#1215 = CARTESIAN_POINT ( 'NONE',  ( 20.89999999999999858, 48.00000000000000711, 15.90000000000000036 ) ) ;
#1216 = DIRECTION ( 'NONE',  ( 0.000000000000000000, 1.000000000000000000, 0.000000000000000000 ) ) ;
#1217 = AXIS2_PLACEMENT_3D ( 'NONE', #49, #281, #1513 ) ;
#1218 =( NAMED_UNIT ( * ) SI_UNIT ( $, .STERADIAN. ) SOLID_ANGLE_UNIT ( ) );
#1219 = ORIENTED_EDGE ( 'NONE', *, *, #3361, .F. ) ;
#1220 = DIRECTION ( 'NONE',  ( 0.000000000000000000, 0.8988140655479097685, 0.4383300988675517540 ) ) ;
#1221 = EDGE_CURVE ( 'NONE', #2976, #3397, #296, .T. ) ;
#1222 = COLOUR_RGB ( '',1.000000000000000000, 1.000000000000000000, 1.000000000000000000 ) ;
#1223 = ORIENTED_EDGE ( 'NONE', *, *, #1297, .T. ) ;
#1224 =( LENGTH_UNIT ( ) NAMED_UNIT ( * ) SI_UNIT ( .MILLI., .METRE. ) );
#1225 = CARTESIAN_POINT ( 'NONE',  ( -40.49999999999999289, 3.768728515410834756, -14.00137567297412922 ) ) ;
#1226 = PRESENTATION_STYLE_ASSIGNMENT (( #1535 ) ) ;
#1227 = CARTESIAN_POINT ( 'NONE',  ( -42.49999999999999289, 8.768728515410835200, -14.00137567297412922 ) ) ;
#1228 = CARTESIAN_POINT ( 'NONE',  ( 42.50000000000000000, 34.60000000000000142, -17.50000000000000000 ) ) ;
#1229 = ORIENTED_EDGE ( 'NONE', *, *, #3039, .T. ) ;
#1230 = VECTOR ( 'NONE', #962, 1000.000000000000000 ) ;
#1231 = EDGE_LOOP ( 'NONE', ( #3134, #3798 ) ) ;
#1232 = SURFACE_STYLE_USAGE ( .BOTH. , #34 ) ;
#1233 = DIRECTION ( 'NONE',  ( 1.000000000000000000, 0.000000000000000000, 0.000000000000000000 ) ) ;
#1234 =( GEOMETRIC_REPRESENTATION_CONTEXT ( 3 ) GLOBAL_UNCERTAINTY_ASSIGNED_CONTEXT ( ( #870 ) ) GLOBAL_UNIT_ASSIGNED_CONTEXT ( ( #565, #3203, #3527 ) ) REPRESENTATION_CONTEXT ( 'NONE', 'WORKASPACE' ) );
#1235 =( NAMED_UNIT ( * ) PLANE_ANGLE_UNIT ( ) SI_UNIT ( $, .RADIAN. ) );
#1236 = LINE ( 'NONE', #3536, #2302 ) ;
#1237 = SURFACE_SIDE_STYLE ('',( #361 ) ) ;
#1238 = EDGE_CURVE ( 'NONE', #3106, #195, #1844, .T. ) ;
#1239 = SURFACE_SIDE_STYLE ('',( #704 ) ) ;
#1240 = ORIENTED_EDGE ( 'NONE', *, *, #2142, .T. ) ;
#1241 = CIRCLE ( 'NONE', #1548, 1.000000000000002665 ) ;
#1242 = AXIS2_PLACEMENT_3D ( 'NONE', #3186, #3244, #3847 ) ;
#1243 = PRESENTATION_STYLE_ASSIGNMENT (( #2736 ) ) ;
#1244 = ORIENTED_EDGE ( 'NONE', *, *, #2676, .T. ) ;
#1245 = SURFACE_SIDE_STYLE ('',( #1534 ) ) ;
#1246 =( GEOMETRIC_REPRESENTATION_CONTEXT ( 3 ) GLOBAL_UNCERTAINTY_ASSIGNED_CONTEXT ( ( #3219 ) ) GLOBAL_UNIT_ASSIGNED_CONTEXT ( ( #1553, #601, #407 ) ) REPRESENTATION_CONTEXT ( 'NONE', 'WORKASPACE' ) );
#1247 = CARTESIAN_POINT ( 'NONE',  ( 40.90000000000000568, 27.19999999999999929, 17.50000000000000000 ) ) ;
#1248 = ORIENTED_EDGE ( 'NONE', *, *, #3367, .T. ) ;
#1249 = COLOUR_RGB ( '',1.000000000000000000, 1.000000000000000000, 1.000000000000000000 ) ;
#1250 =( NAMED_UNIT ( * ) PLANE_ANGLE_UNIT ( ) SI_UNIT ( $, .RADIAN. ) );
#1251 = ORIENTED_EDGE ( 'NONE', *, *, #497, .F. ) ;
#1252 = CARTESIAN_POINT ( 'NONE',  ( -14.50000000000023093, 29.50000000000000355, -5.000000000000000000 ) ) ;
#1253 = MECHANICAL_DESIGN_GEOMETRIC_PRESENTATION_REPRESENTATION (  '', ( #1620 ), #1368 ) ;
#1254 = FACE_BOUND ( 'NONE', #1103, .T. ) ;
#1255 = LINE ( 'NONE', #2787, #2002 ) ;
#1256 = PRESENTATION_STYLE_ASSIGNMENT (( #2788 ) ) ;
#1257 = CARTESIAN_POINT ( 'NONE',  ( -42.49999999999999289, 3.768728515410834312, 14.00137567297407593 ) ) ;
#1258 = FILL_AREA_STYLE_COLOUR ( '', #3657 ) ;
#1259 = ORIENTED_EDGE ( 'NONE', *, *, #1238, .F. ) ;
#1260 = AXIS2_PLACEMENT_3D ( 'NONE', #577, #1407, #1725 ) ;
#1261 = ADVANCED_FACE ( 'NONE', ( #271 ), #2677, .F. ) ;
#1262 = CIRCLE ( 'NONE', #628, 3.481100000000005412 ) ;
#1263 = ORIENTED_EDGE ( 'NONE', *, *, #1369, .F. ) ;
#1264 = STYLED_ITEM ( 'NONE', ( #1897 ), #507 ) ;
#1265 = SURFACE_SIDE_STYLE ('',( #966 ) ) ;
#1266 = LINE ( 'NONE', #2155, #2900 ) ;
#1267 = SURFACE_SIDE_STYLE ('',( #50 ) ) ;
#1268 = DIRECTION ( 'NONE',  ( 0.000000000000000000, -0.8660254037844387076, 0.4999999999999997224 ) ) ;
#1269 = ORIENTED_EDGE ( 'NONE', *, *, #1661, .T. ) ;
#1270 = PLANE ( 'NONE',  #598 ) ;
#1271 = EDGE_LOOP ( 'NONE', ( #513, #118, #3207, #1496 ) ) ;
#1272 = FACE_OUTER_BOUND ( 'NONE', #894, .T. ) ;
#1273 = SURFACE_STYLE_USAGE ( .BOTH. , #681 ) ;
#1274 = EDGE_CURVE ( 'NONE', #1346, #125, #3043, .T. ) ;
#1275 = CARTESIAN_POINT ( 'NONE',  ( 40.49999999999999289, 7.399999999999990585, 6.599999999999997868 ) ) ;
#1276 = VECTOR ( 'NONE', #2968, 1000.000000000000000 ) ;
#1277 = EDGE_CURVE ( 'NONE', #2387, #2255, #620, .T. ) ;
#1278 = VERTEX_POINT ( 'NONE', #663 ) ;
#1279 = VECTOR ( 'NONE', #830, 1000.000000000000000 ) ;
#1280 = CARTESIAN_POINT ( 'NONE',  ( -14.50000000000013145, 49.60000000000000142, 3.999999999999998224 ) ) ;
#1281 = DIRECTION ( 'NONE',  ( -1.660022465049576262E-16, 1.000000000000000000, -0.000000000000000000 ) ) ;
#1282 = CARTESIAN_POINT ( 'NONE',  ( 42.50000000000000000, 34.60000000000000142, 17.50000000000000000 ) ) ;
#1283 = EDGE_CURVE ( 'NONE', #1450, #1561, #363, .T. ) ;
#1284 = ORIENTED_EDGE ( 'NONE', *, *, #2951, .T. ) ;
#1285 = ORIENTED_EDGE ( 'NONE', *, *, #3197, .T. ) ;
#1286 =( NAMED_UNIT ( * ) PLANE_ANGLE_UNIT ( ) SI_UNIT ( $, .RADIAN. ) );
#1287 = CARTESIAN_POINT ( 'NONE',  ( 37.50000000000148503, 33.00000000000000711, -12.50000000000002132 ) ) ;
#1288 =( GEOMETRIC_REPRESENTATION_CONTEXT ( 3 ) GLOBAL_UNCERTAINTY_ASSIGNED_CONTEXT ( ( #2253 ) ) GLOBAL_UNIT_ASSIGNED_CONTEXT ( ( #68, #2412, #672 ) ) REPRESENTATION_CONTEXT ( 'NONE', 'WORKASPACE' ) );
#1289 = PRESENTATION_LAYER_ASSIGNMENT (  '', '', ( #524 ) ) ;
#1290 =( LENGTH_UNIT ( ) NAMED_UNIT ( * ) SI_UNIT ( .MILLI., .METRE. ) );
#1291 = DIRECTION ( 'NONE',  ( -0.000000000000000000, 1.000000000000000000, -0.000000000000000000 ) ) ;
#1292 = DIRECTION ( 'NONE',  ( -0.000000000000000000, 1.000000000000000000, -0.000000000000000000 ) ) ;
#1293 = EDGE_CURVE ( 'NONE', #1898, #1856, #3267, .T. ) ;
#1294 = AXIS2_PLACEMENT_3D ( 'NONE', #1506, #1216, #270 ) ;
#1295 = VERTEX_POINT ( 'NONE', #1257 ) ;
#1296 = AXIS2_PLACEMENT_3D ( 'NONE', #1381, #1941, #1961 ) ;
#1297 = EDGE_CURVE ( 'NONE', #2442, #2657, #61, .T. ) ;
#1298 =( NAMED_UNIT ( * ) PLANE_ANGLE_UNIT ( ) SI_UNIT ( $, .RADIAN. ) );
#1299 = DIRECTION ( 'NONE',  ( 0.000000000000000000, 0.8660254037844388186, 0.4999999999999997224 ) ) ;
#1300 = CARTESIAN_POINT ( 'NONE',  ( -14.50000000000007461, 29.50000000000000355, 10.00000000000000000 ) ) ;
#1301 = DIRECTION ( 'NONE',  ( 1.000000000000000000, 0.000000000000000000, 0.000000000000000000 ) ) ;
#1302 = ORIENTED_EDGE ( 'NONE', *, *, #196, .F. ) ;
#1303 = ADVANCED_FACE ( 'NONE', ( #923 ), #1780, .F. ) ;
#1304 = FILL_AREA_STYLE ('',( #3620 ) ) ;
#1305 = MECHANICAL_DESIGN_GEOMETRIC_PRESENTATION_REPRESENTATION (  '', ( #3160 ), #215 ) ;
#1306 = ORIENTED_EDGE ( 'NONE', *, *, #3080, .F. ) ;
#1307 = FACE_OUTER_BOUND ( 'NONE', #2089, .T. ) ;
#1308 = DIRECTION ( 'NONE',  ( 1.000000000000000000, 0.000000000000000000, 0.000000000000000000 ) ) ;
#1309 =( GEOMETRIC_REPRESENTATION_CONTEXT ( 3 ) GLOBAL_UNCERTAINTY_ASSIGNED_CONTEXT ( ( #2945 ) ) GLOBAL_UNIT_ASSIGNED_CONTEXT ( ( #1100, #1522, #3250 ) ) REPRESENTATION_CONTEXT ( 'NONE', 'WORKASPACE' ) );
#1310 =( NAMED_UNIT ( * ) SI_UNIT ( $, .STERADIAN. ) SOLID_ANGLE_UNIT ( ) );
#1311 = FILL_AREA_STYLE_COLOUR ( '', #1777 ) ;
#1312 = FILL_AREA_STYLE_COLOUR ( '', #2592 ) ;
#1313 = VERTEX_POINT ( 'NONE', #2859 ) ;
#1314 = EDGE_CURVE ( 'NONE', #3474, #1594, #1713, .T. ) ;
#1315 = AXIS2_PLACEMENT_3D ( 'NONE', #868, #1490, #2905 ) ;
#1316 = LINE ( 'NONE', #423, #2192 ) ;
#1317 = CYLINDRICAL_SURFACE ( 'NONE', #392, 1.499999999999996225 ) ;
#1318 = SURFACE_STYLE_USAGE ( .BOTH. , #106 ) ;
#1319 = SURFACE_SIDE_STYLE ('',( #3682 ) ) ;
#1321 = ORIENTED_EDGE ( 'NONE', *, *, #1794, .T. ) ;
#1320 = PRESENTATION_LAYER_ASSIGNMENT (  '', '', ( #3775 ) ) ;
#1322 = FILL_AREA_STYLE ('',( #429 ) ) ;
#1323 = VERTEX_POINT ( 'NONE', #2897 ) ;
#1324 = CARTESIAN_POINT ( 'NONE',  ( -14.50000000000017941, 29.50000000000000355, 0.000000000000000000 ) ) ;
#1325 = DIRECTION ( 'NONE',  ( 0.000000000000000000, 1.000000000000000000, 0.000000000000000000 ) ) ;
#1326 = ADVANCED_FACE ( 'NONE', ( #3709 ), #1974, .F. ) ;
#1327 = SURFACE_STYLE_USAGE ( .BOTH. , #2766 ) ;
#1328 = SURFACE_SIDE_STYLE ('',( #2865 ) ) ;
#1329 =( LENGTH_UNIT ( ) NAMED_UNIT ( * ) SI_UNIT ( .MILLI., .METRE. ) );
#1330 = EDGE_LOOP ( 'NONE', ( #2682, #2126, #2489, #774 ) ) ;
#1331 = CARTESIAN_POINT ( 'NONE',  ( 0.9999999999998193667, 34.00000000000000000, 1.078520768856852078E-29 ) ) ;
#1332 = DIRECTION ( 'NONE',  ( 0.000000000000000000, 1.502314598737160510E-16, 1.000000000000000000 ) ) ;
#1333 = PRESENTATION_STYLE_ASSIGNMENT (( #1987 ) ) ;
#1334 = AXIS2_PLACEMENT_3D ( 'NONE', #1607, #1967, #2795 ) ;
#1335 = ORIENTED_EDGE ( 'NONE', *, *, #439, .T. ) ;
#1336 = COLOUR_RGB ( '',1.000000000000000000, 1.000000000000000000, 1.000000000000000000 ) ;
#1337 = PLANE ( 'NONE',  #3642 ) ;
#1338 = ORIENTED_EDGE ( 'NONE', *, *, #2423, .F. ) ;
#1339 = SURFACE_STYLE_USAGE ( .BOTH. , #1395 ) ;
#1340 = CARTESIAN_POINT ( 'NONE',  ( -40.49999999999999289, 13.19999999999999751, 8.099999999999988987 ) ) ;
#1341 =( NAMED_UNIT ( * ) PLANE_ANGLE_UNIT ( ) SI_UNIT ( $, .RADIAN. ) );
#1342 = DIRECTION ( 'NONE',  ( 1.692687528183392866E-16, -1.000000000000000000, 0.000000000000000000 ) ) ;
#1343 = UNCERTAINTY_MEASURE_WITH_UNIT (LENGTH_MEASURE( 1.000000000000000082E-05 ), #2508, 'distance_accuracy_value', 'NONE');
#1344 = PRESENTATION_STYLE_ASSIGNMENT (( #1095 ) ) ;
#1345 = EDGE_CURVE ( 'NONE', #3567, #533, #2017, .T. ) ;
#1346 = VERTEX_POINT ( 'NONE', #201 ) ;
#1347 = STYLED_ITEM ( 'NONE', ( #1012 ), #1554 ) ;
#1348 = DIRECTION ( 'NONE',  ( -1.660022465049576262E-16, 1.000000000000000000, -0.000000000000000000 ) ) ;
#1349 = LINE ( 'NONE', #105, #2162 ) ;
#1350 = UNCERTAINTY_MEASURE_WITH_UNIT (LENGTH_MEASURE( 1.000000000000000082E-05 ), #1290, 'distance_accuracy_value', 'NONE');
#1351 = DIRECTION ( 'NONE',  ( -1.982541115402065110E-16, 1.000000000000000000, 0.000000000000000000 ) ) ;
#1352 = ORIENTED_EDGE ( 'NONE', *, *, #2167, .T. ) ;
#1353 = PRESENTATION_LAYER_ASSIGNMENT (  '', '', ( #2908 ) ) ;
#1354 = LINE ( 'NONE', #2263, #416 ) ;
#1355 = UNCERTAINTY_MEASURE_WITH_UNIT (LENGTH_MEASURE( 1.000000000000000082E-05 ), #2078, 'distance_accuracy_value', 'NONE');
#1356 = VERTEX_POINT ( 'NONE', #469 ) ;
#1357 = CARTESIAN_POINT ( 'NONE',  ( -40.90000000000000568, 8.768728515410835200, 11.11462432702595038 ) ) ;
#1358 = CARTESIAN_POINT ( 'NONE',  ( -11.90000000000007141, 48.00000000000000000, -9.999999999999998224 ) ) ;
#1359 = EDGE_CURVE ( 'NONE', #1441, #2827, #1675, .T. ) ;
#1360 =( GEOMETRIC_REPRESENTATION_CONTEXT ( 3 ) GLOBAL_UNCERTAINTY_ASSIGNED_CONTEXT ( ( #2264 ) ) GLOBAL_UNIT_ASSIGNED_CONTEXT ( ( #1146, #3497, #1746 ) ) REPRESENTATION_CONTEXT ( 'NONE', 'WORKASPACE' ) );
#1361 = FILL_AREA_STYLE ('',( #2574 ) ) ;
#1362 = CARTESIAN_POINT ( 'NONE',  ( -42.49999999999999289, 11.17610000000000170, -5.540000000000013358 ) ) ;
#1363 = LINE ( 'NONE', #781, #1846 ) ;
#1364 = AXIS2_PLACEMENT_3D ( 'NONE', #2399, #1157, #2358 ) ;
#1365 =( LENGTH_UNIT ( ) NAMED_UNIT ( * ) SI_UNIT ( .MILLI., .METRE. ) );
#1366 = CARTESIAN_POINT ( 'NONE',  ( 37.50000000000145661, 33.00000000000000711, 14.00000000000007461 ) ) ;
#1367 = VERTEX_POINT ( 'NONE', #3185 ) ;
#1368 =( GEOMETRIC_REPRESENTATION_CONTEXT ( 3 ) GLOBAL_UNCERTAINTY_ASSIGNED_CONTEXT ( ( #1042 ) ) GLOBAL_UNIT_ASSIGNED_CONTEXT ( ( #3016, #334, #975 ) ) REPRESENTATION_CONTEXT ( 'NONE', 'WORKASPACE' ) );
#1369 = EDGE_CURVE ( 'NONE', #3318, #3353, #2182, .T. ) ;
#1370 = STYLED_ITEM ( 'NONE', ( #1752 ), #3097 ) ;
#1371 = LINE ( 'NONE', #1041, #1556 ) ;
#1372 =( LENGTH_UNIT ( ) NAMED_UNIT ( * ) SI_UNIT ( .MILLI., .METRE. ) );
#1373 = SURFACE_STYLE_FILL_AREA ( #1609 ) ;
#1374 = ORIENTED_EDGE ( 'NONE', *, *, #2142, .F. ) ;
#1375 =( NAMED_UNIT ( * ) SI_UNIT ( $, .STERADIAN. ) SOLID_ANGLE_UNIT ( ) );
#1376 = EDGE_LOOP ( 'NONE', ( #2735, #754, #1321, #3366, #1208, #485, #2746, #1219 ) ) ;
#1377 = CARTESIAN_POINT ( 'NONE',  ( -28.91000000000001791, 32.59999999999999432, -11.05799999999923600 ) ) ;
#1378 = VECTOR ( 'NONE', #2437, 1000.000000000000000 ) ;
#1379 = CARTESIAN_POINT ( 'NONE',  ( 40.89999999999999858, 1.243976809519841009E-15, 6.599999999999997868 ) ) ;
#1380 = CARTESIAN_POINT ( 'NONE',  ( -40.49999999999999289, 3.329129092832146863, -7.283861643578813272 ) ) ;
#1381 = CARTESIAN_POINT ( 'NONE',  ( -14.50000000000007816, 47.59999999999999432, 10.00000000000000000 ) ) ;
#1382 = FACE_OUTER_BOUND ( 'NONE', #1774, .T. ) ;
#1383 = EDGE_CURVE ( 'NONE', #379, #3379, #687, .T. ) ;
#1384 = SURFACE_SIDE_STYLE ('',( #3694 ) ) ;
#1385 = ORIENTED_EDGE ( 'NONE', *, *, #2087, .T. ) ;
#1386 = SURFACE_STYLE_USAGE ( .BOTH. , #3177 ) ;
#1387 = SURFACE_SIDE_STYLE ('',( #478 ) ) ;
#1388 = ADVANCED_FACE ( 'NONE', ( #1585 ), #3445, .F. ) ;
#1389 = FACE_OUTER_BOUND ( 'NONE', #171, .T. ) ;
#1390 = VERTEX_POINT ( 'NONE', #914 ) ;
#1391 = FILL_AREA_STYLE_COLOUR ( '', #735 ) ;
#1393 = CLOSED_SHELL ( 'NONE', ( #816, #279, #2347, #1037, #1303, #1154, #747, #3584, #510, #1976, #3423, #2121, #3097, #455, #1954, #2871, #615, #1028, #410, #1809, #1622, #2846, #2076, #1634, #1469, #1641, #1671, #2861, #2216, #1600, #3175, #995, #1650, #428, #1554, #3405, #2961, #534, #1388, #2390, #2718, #2686, #1991, #140, #2763, #2279, #1608, #3511, #1018, #2599, #3671, #1261, #186, #3471, #3434, #320, #1182, #2401, #1063, #3188, #3211, #2373, #2543, #2497, #420, #2515, #3342, #2036, #2777, #1707, #2327, #1326, #2395, #1083, #3115, #1899, #3389, #2978 ) ) ;
#1392 = ORIENTED_EDGE ( 'NONE', *, *, #3293, .F. ) ;
#1394 = EDGE_CURVE ( 'NONE', #2697, #3122, #3843, .T. ) ;
#1395 = SURFACE_SIDE_STYLE ('',( #179 ) ) ;
#1396 = DIRECTION ( 'NONE',  ( -1.000000000000000000, 0.000000000000000000, 0.000000000000000000 ) ) ;
#1397 = DIRECTION ( 'NONE',  ( 3.469446951953614189E-16, 0.000000000000000000, -1.000000000000000000 ) ) ;
#1398 = SURFACE_SIDE_STYLE ('',( #1439 ) ) ;
#1399 = AXIS2_PLACEMENT_3D ( 'NONE', #2305, #493, #1699 ) ;
#1400 = SURFACE_STYLE_USAGE ( .BOTH. , #182 ) ;
#1401 = ORIENTED_EDGE ( 'NONE', *, *, #2730, .F. ) ;
#1402 = SURFACE_STYLE_USAGE ( .BOTH. , #167 ) ;
#1403 = VECTOR ( 'NONE', #1973, 1000.000000000000000 ) ;
#1404 = CARTESIAN_POINT ( 'NONE',  ( 42.50000000000000000, 27.19999999999999929, 6.299999999999998934 ) ) ;
#1405 = ORIENTED_EDGE ( 'NONE', *, *, #1277, .T. ) ;
#1406 = CARTESIAN_POINT ( 'NONE',  ( -14.50000000000013145, 47.59999999999999432, 4.999999999999999112 ) ) ;
#1407 = DIRECTION ( 'NONE',  ( 0.000000000000000000, 1.000000000000000000, -0.000000000000000000 ) ) ;
#1408 = FACE_BOUND ( 'NONE', #751, .T. ) ;
#1409 = ORIENTED_EDGE ( 'NONE', *, *, #3326, .F. ) ;
#1410 = VECTOR ( 'NONE', #953, 1000.000000000000000 ) ;
#1411 = FACE_OUTER_BOUND ( 'NONE', #2678, .T. ) ;
#1412 = ORIENTED_EDGE ( 'NONE', *, *, #2884, .T. ) ;
#1413 = LINE ( 'NONE', #2628, #2307 ) ;
#1414 = FACE_BOUND ( 'NONE', #20, .T. ) ;
#1415 = FILL_AREA_STYLE_COLOUR ( '', #2721 ) ;
#1416 = DIRECTION ( 'NONE',  ( -1.000000000000000000, -1.982541115402065110E-16, -0.000000000000000000 ) ) ;
#1417 = CARTESIAN_POINT ( 'NONE',  ( -40.90000000000000568, 6.169129092832155159, -8.668861643578827270 ) ) ;
#1418 = ORIENTED_EDGE ( 'NONE', *, *, #3746, .T. ) ;
#1419 = CARTESIAN_POINT ( 'NONE',  ( 37.50000000000145661, 33.00000000000000711, 12.50000000000007816 ) ) ;
#1420 = CARTESIAN_POINT ( 'NONE',  ( 40.89999999999999858, 2.750444138479647531E-15, -6.600000000000001421 ) ) ;
#1421 = MANIFOLD_SOLID_BREP ( '\X2\0411043e0431044b0448043a0430\X0\-\X2\0412044b0442044f043d04430442044c\X0\4', #1393 ) ;
#1422 =( GEOMETRIC_REPRESENTATION_CONTEXT ( 3 ) GLOBAL_UNCERTAINTY_ASSIGNED_CONTEXT ( ( #1435 ) ) GLOBAL_UNIT_ASSIGNED_CONTEXT ( ( #2046, #897, #3800 ) ) REPRESENTATION_CONTEXT ( 'NONE', 'WORKASPACE' ) );
#1423 = MECHANICAL_DESIGN_GEOMETRIC_PRESENTATION_REPRESENTATION (  '', ( #1869 ), #1185 ) ;
#1424 = SURFACE_SIDE_STYLE ('',( #208 ) ) ;
#1425 = DIRECTION ( 'NONE',  ( 0.000000000000000000, 0.000000000000000000, 1.000000000000000000 ) ) ;
#1426 = PRESENTATION_STYLE_ASSIGNMENT (( #2104 ) ) ;
#1427 = EDGE_LOOP ( 'NONE', ( #3815, #3665, #1963, #3422 ) ) ;
#1428 = MECHANICAL_DESIGN_GEOMETRIC_PRESENTATION_REPRESENTATION (  '', ( #741 ), #101 ) ;
#1429 = PLANE ( 'NONE',  #1906 ) ;
#1430 = CYLINDRICAL_SURFACE ( 'NONE', #3173, 3.099999999999999645 ) ;
#1431 = EDGE_CURVE ( 'NONE', #3122, #986, #2918, .T. ) ;
#1432 =( NAMED_UNIT ( * ) SI_UNIT ( $, .STERADIAN. ) SOLID_ANGLE_UNIT ( ) );
#1433 = ORIENTED_EDGE ( 'NONE', *, *, #38, .T. ) ;
#1434 = VECTOR ( 'NONE', #461, 1000.000000000000000 ) ;
#1435 = UNCERTAINTY_MEASURE_WITH_UNIT (LENGTH_MEASURE( 1.000000000000000082E-05 ), #2046, 'distance_accuracy_value', 'NONE');
#1436 = EDGE_LOOP ( 'NONE', ( #1057, #1460, #1412, #72, #1808, #2913 ) ) ;
#1437 = CARTESIAN_POINT ( 'NONE',  ( 40.89999999999999858, 0.000000000000000000, 17.50000000000000000 ) ) ;
#1438 = DIRECTION ( 'NONE',  ( 0.000000000000000000, 1.000000000000000000, 0.000000000000000000 ) ) ;
#1439 = SURFACE_STYLE_FILL_AREA ( #181 ) ;
#1440 = CARTESIAN_POINT ( 'NONE',  ( -17.10000000000007958, 48.00000000000000000, 10.00000000000000000 ) ) ;
#1441 = VERTEX_POINT ( 'NONE', #2630 ) ;
#1442 = CARTESIAN_POINT ( 'NONE',  ( 37.50000000000145661, 32.59999999999999432, 14.00000000000007461 ) ) ;
#1443 = CARTESIAN_POINT ( 'NONE',  ( -40.49999999999999289, 3.329129092832149528, -7.283861643578812384 ) ) ;
#1444 = FILL_AREA_STYLE_COLOUR ( '', #3690 ) ;
#1445 = UNCERTAINTY_MEASURE_WITH_UNIT (LENGTH_MEASURE( 1.000000000000000082E-05 ), #309, 'distance_accuracy_value', 'NONE');
#1446 = EDGE_LOOP ( 'NONE', ( #878, #3493, #3418, #2382, #946, #3630, #3793, #2351 ) ) ;
#1447 = CARTESIAN_POINT ( 'NONE',  ( 40.49999999999999289, 7.399999999999990585, -6.600000000000001421 ) ) ;
#1448 = LINE ( 'NONE', #3252, #2869 ) ;
#1449 = FILL_AREA_STYLE_COLOUR ( '', #535 ) ;
#1450 = VERTEX_POINT ( 'NONE', #2936 ) ;
#1451 = EDGE_CURVE ( 'NONE', #580, #2405, #3825, .T. ) ;
#1452 = CARTESIAN_POINT ( 'NONE',  ( 42.49999999999999289, 7.399999999999990585, 6.599999999999997868 ) ) ;
#1453 = VERTEX_POINT ( 'NONE', #1152 ) ;
#1454 =( NAMED_UNIT ( * ) SI_UNIT ( $, .STERADIAN. ) SOLID_ANGLE_UNIT ( ) );
#1455 = DIRECTION ( 'NONE',  ( 0.000000000000000000, 0.000000000000000000, 1.000000000000000000 ) ) ;
#1456 = SURFACE_STYLE_FILL_AREA ( #3504 ) ;
#1457 = CARTESIAN_POINT ( 'NONE',  ( -14.50000000000007461, 29.50000000000000355, 10.00000000000000000 ) ) ;
#1458 = VECTOR ( 'NONE', #1910, 1000.000000000000000 ) ;
#1459 = SURFACE_STYLE_FILL_AREA ( #2649 ) ;
#1460 = ORIENTED_EDGE ( 'NONE', *, *, #196, .T. ) ;
#1461 = FACE_OUTER_BOUND ( 'NONE', #2891, .T. ) ;
#1462 = DIRECTION ( 'NONE',  ( 8.690074431231842503E-17, -0.4383300988675570831, -0.8988140655479072150 ) ) ;
#1463 =( GEOMETRIC_REPRESENTATION_CONTEXT ( 3 ) GLOBAL_UNCERTAINTY_ASSIGNED_CONTEXT ( ( #3132 ) ) GLOBAL_UNIT_ASSIGNED_CONTEXT ( ( #1545, #41, #981 ) ) REPRESENTATION_CONTEXT ( 'NONE', 'WORKASPACE' ) );
#1464 = CARTESIAN_POINT ( 'NONE',  ( -42.50000000000000000, 34.60000000000000142, 17.50000000000000000 ) ) ;
#1465 = AXIS2_PLACEMENT_3D ( 'NONE', #1179, #1735, #2035 ) ;
#1466 = DIRECTION ( 'NONE',  ( -0.000000000000000000, 1.000000000000000000, -0.000000000000000000 ) ) ;
#1467 = ORIENTED_EDGE ( 'NONE', *, *, #79, .F. ) ;
#1468 = AXIS2_PLACEMENT_3D ( 'NONE', #1674, #2588, #734 ) ;
#1469 = ADVANCED_FACE ( 'NONE', ( #2073, #3241, #1770, #2949, #1478 ), #1195, .F. ) ;
#1470 = CARTESIAN_POINT ( 'NONE',  ( -40.90000000000000568, 6.268728515410835200, -15.44475134594819288 ) ) ;
#1471 = PLANE ( 'NONE',  #3759 ) ;
#1472 = EDGE_LOOP ( 'NONE', ( #1937, #1652, #3424, #1082 ) ) ;
#1473 = AXIS2_PLACEMENT_3D ( 'NONE', #1524, #2696, #3021 ) ;
#1474 = EDGE_LOOP ( 'NONE', ( #3582, #1831, #2042, #1302 ) ) ;
#1475 = CARTESIAN_POINT ( 'NONE',  ( -14.50000000000018296, 47.59999999999999432, 1.000000000000001554 ) ) ;
#1476 = DIRECTION ( 'NONE',  ( 0.000000000000000000, 1.000000000000000000, -0.000000000000000000 ) ) ;
#1477 =( GEOMETRIC_REPRESENTATION_CONTEXT ( 3 ) GLOBAL_UNCERTAINTY_ASSIGNED_CONTEXT ( ( #3792 ) ) GLOBAL_UNIT_ASSIGNED_CONTEXT ( ( #1141, #844, #1739 ) ) REPRESENTATION_CONTEXT ( 'NONE', 'WORKASPACE' ) );
#1478 = FACE_OUTER_BOUND ( 'NONE', #690, .T. ) ;
#1479 = CARTESIAN_POINT ( 'NONE',  ( 42.49999999999999289, 0.000000000000000000, -17.50000000000000000 ) ) ;
#1480 = PRODUCT_DEFINITION_CONTEXT ( 'detailed design', #1574, 'design' ) ;
#1481 = CARTESIAN_POINT ( 'NONE',  ( -22.50000000000000000, 49.60000000000000142, -17.50000000000000000 ) ) ;
#1482 = EDGE_LOOP ( 'NONE', ( #3331, #817, #2029, #787 ) ) ;
#1483 =( GEOMETRIC_REPRESENTATION_CONTEXT ( 3 ) GLOBAL_UNCERTAINTY_ASSIGNED_CONTEXT ( ( #3409 ) ) GLOBAL_UNIT_ASSIGNED_CONTEXT ( ( #2249, #3448, #3729 ) ) REPRESENTATION_CONTEXT ( 'NONE', 'WORKASPACE' ) );
#1484 =( NAMED_UNIT ( * ) SI_UNIT ( $, .STERADIAN. ) SOLID_ANGLE_UNIT ( ) );
#1485 = EDGE_CURVE ( 'NONE', #3761, #1901, #26, .T. ) ;
#1486 = STYLED_ITEM ( 'NONE', ( #530 ), #1809 ) ;
#1487 = FACE_BOUND ( 'NONE', #2500, .T. ) ;
#1488 = CYLINDRICAL_SURFACE ( 'NONE', #2979, 1.000000000000001776 ) ;
#1489 = CARTESIAN_POINT ( 'NONE',  ( 20.89999999999999858, 48.00000000000000711, 15.90000000000000036 ) ) ;
#1490 = DIRECTION ( 'NONE',  ( 1.692687528183392866E-16, -1.000000000000000000, 0.000000000000000000 ) ) ;
#1491 = COLOUR_RGB ( '',1.000000000000000000, 1.000000000000000000, 1.000000000000000000 ) ;
#1492 = VERTEX_POINT ( 'NONE', #1610 ) ;
#1493 = PRESENTATION_LAYER_ASSIGNMENT (  '', '', ( #3643 ) ) ;
#1494 = FILL_AREA_STYLE ('',( #238 ) ) ;
#1495 = EDGE_CURVE ( 'NONE', #1717, #1561, #349, .T. ) ;
#1496 = ORIENTED_EDGE ( 'NONE', *, *, #1728, .T. ) ;
#1497 =( GEOMETRIC_REPRESENTATION_CONTEXT ( 3 ) GLOBAL_UNCERTAINTY_ASSIGNED_CONTEXT ( ( #1749 ) ) GLOBAL_UNIT_ASSIGNED_CONTEXT ( ( #2829, #1822, #1703 ) ) REPRESENTATION_CONTEXT ( 'NONE', 'WORKASPACE' ) );
#1498 = CIRCLE ( 'NONE', #2738, 1.499999999999996225 ) ;
#1499 = DIRECTION ( 'NONE',  ( 1.000000000000000000, 0.000000000000000000, 0.000000000000000000 ) ) ;
#1500 = UNCERTAINTY_MEASURE_WITH_UNIT (LENGTH_MEASURE( 1.000000000000000082E-05 ), #934, 'distance_accuracy_value', 'NONE');
#1501 = STYLED_ITEM ( 'NONE', ( #3073 ), #2861 ) ;
#1502 = CARTESIAN_POINT ( 'NONE',  ( 37.50000000000145661, 34.60000000000000142, 12.50000000000007816 ) ) ;
#1503 = EDGE_LOOP ( 'NONE', ( #1014, #82, #2737, #1047 ) ) ;
#1504 = CARTESIAN_POINT ( 'NONE',  ( -40.49999999999999289, 6.268728515410835200, -15.44475134594819288 ) ) ;
#1505 = CIRCLE ( 'NONE', #1818, 3.481100000000010297 ) ;
#1506 = CARTESIAN_POINT ( 'NONE',  ( -14.50000000000028777, 49.60000000000000142, -10.00000000000000000 ) ) ;
#1507 = EDGE_CURVE ( 'NONE', #3071, #2398, #2436, .T. ) ;
#1508 = SURFACE_SIDE_STYLE ('',( #3491 ) ) ;
#1509 = MECHANICAL_DESIGN_GEOMETRIC_PRESENTATION_REPRESENTATION (  '', ( #3775 ), #556 ) ;
#1510 = ORIENTED_EDGE ( 'NONE', *, *, #2939, .F. ) ;
#1511 = EDGE_LOOP ( 'NONE', ( #1518, #3406, #1338, #198 ) ) ;
#1512 =( NAMED_UNIT ( * ) SI_UNIT ( $, .STERADIAN. ) SOLID_ANGLE_UNIT ( ) );
#1513 = DIRECTION ( 'NONE',  ( 0.000000000000000000, 0.000000000000000000, 1.000000000000000000 ) ) ;
#1514 =( NAMED_UNIT ( * ) SI_UNIT ( $, .STERADIAN. ) SOLID_ANGLE_UNIT ( ) );
#1515 = SURFACE_STYLE_FILL_AREA ( #5 ) ;
#1516 = CARTESIAN_POINT ( 'NONE',  ( -40.50000000000000000, 27.19999999999999929, -8.200000000000013500 ) ) ;
#1517 = CARTESIAN_POINT ( 'NONE',  ( -22.50000000000000000, 49.60000000000000142, -17.50000000000000000 ) ) ;
#1518 = ORIENTED_EDGE ( 'NONE', *, *, #2919, .T. ) ;
#1519 = CARTESIAN_POINT ( 'NONE',  ( -28.91000000000001791, 34.60000000000000142, -11.05799999999923600 ) ) ;
#1520 = EDGE_LOOP ( 'NONE', ( #2554, #1581, #665, #927, #668, #3198, #3174, #2670 ) ) ;
#1521 = SURFACE_STYLE_FILL_AREA ( #3092 ) ;
#1522 =( NAMED_UNIT ( * ) PLANE_ANGLE_UNIT ( ) SI_UNIT ( $, .RADIAN. ) );
#1523 = DIRECTION ( 'NONE',  ( -2.005460665869141288E-16, -1.000000000000000000, 0.000000000000000000 ) ) ;
#1524 = CARTESIAN_POINT ( 'NONE',  ( -40.49999999999999289, 8.768728515410835200, 11.11462432702595038 ) ) ;
#1525 = FILL_AREA_STYLE ('',( #1258 ) ) ;
#1526 = VERTEX_POINT ( 'NONE', #2775 ) ;
#1527 =( GEOMETRIC_REPRESENTATION_CONTEXT ( 3 ) GLOBAL_UNCERTAINTY_ASSIGNED_CONTEXT ( ( #762 ) ) GLOBAL_UNIT_ASSIGNED_CONTEXT ( ( #3428, #1073, #3392 ) ) REPRESENTATION_CONTEXT ( 'NONE', 'WORKASPACE' ) );
#1528 = CIRCLE ( 'NONE', #400, 1.000000000000000888 ) ;
#1529 = VERTEX_POINT ( 'NONE', #3313 ) ;
#1530 = EDGE_CURVE ( 'NONE', #2371, #3774, #1896, .T. ) ;
#1531 = VECTOR ( 'NONE', #2283, 1000.000000000000000 ) ;
#1532 = CIRCLE ( 'NONE', #1468, 1.000000000000002665 ) ;
#1533 = LINE ( 'NONE', #4, #1276 ) ;
#1534 = SURFACE_STYLE_FILL_AREA ( #372 ) ;
#1535 = SURFACE_STYLE_USAGE ( .BOTH. , #3312 ) ;
#1536 = DIRECTION ( 'NONE',  ( 1.000000000000000000, 2.005460665869141288E-16, -0.000000000000000000 ) ) ;
#1537 = DIRECTION ( 'NONE',  ( 0.000000000000000000, 0.000000000000000000, 1.000000000000000000 ) ) ;
#1538 = ORIENTED_EDGE ( 'NONE', *, *, #1779, .T. ) ;
#1539 =( GEOMETRIC_REPRESENTATION_CONTEXT ( 3 ) GLOBAL_UNCERTAINTY_ASSIGNED_CONTEXT ( ( #2619 ) ) GLOBAL_UNIT_ASSIGNED_CONTEXT ( ( #706, #3377, #1602 ) ) REPRESENTATION_CONTEXT ( 'NONE', 'WORKASPACE' ) );
#1540 = CIRCLE ( 'NONE', #3573, 3.481099999999994310 ) ;
#1541 = ORIENTED_EDGE ( 'NONE', *, *, #692, .F. ) ;
#1542 = CARTESIAN_POINT ( 'NONE',  ( 20.89999999999999858, 33.00000000000000711, -15.89999999999999680 ) ) ;
#1543 = EDGE_CURVE ( 'NONE', #1751, #2817, #673, .T. ) ;
#1544 = CARTESIAN_POINT ( 'NONE',  ( -11.90000000000007319, 29.50000000000000355, 10.00000000000000000 ) ) ;
#1545 =( LENGTH_UNIT ( ) NAMED_UNIT ( * ) SI_UNIT ( .MILLI., .METRE. ) );
#1546 = DIRECTION ( 'NONE',  ( -0.000000000000000000, 1.000000000000000000, -0.000000000000000000 ) ) ;
#1547 = ORIENTED_EDGE ( 'NONE', *, *, #2940, .T. ) ;
#1548 = AXIS2_PLACEMENT_3D ( 'NONE', #826, #2234, #3393 ) ;
#1549 = DIRECTION ( 'NONE',  ( 1.000000000000000000, 1.982541115402065110E-16, 0.000000000000000000 ) ) ;
#1550 = ORIENTED_EDGE ( 'NONE', *, *, #2199, .T. ) ;
#1551 = MECHANICAL_DESIGN_GEOMETRIC_PRESENTATION_REPRESENTATION (  '', ( #2058 ), #1802 ) ;
#1552 = AXIS2_PLACEMENT_3D ( 'NONE', #1784, #239, #218 ) ;
#1553 =( LENGTH_UNIT ( ) NAMED_UNIT ( * ) SI_UNIT ( .MILLI., .METRE. ) );
#1554 = ADVANCED_FACE ( 'NONE', ( #3086 ), #1854, .F. ) ;
#1555 = DIRECTION ( 'NONE',  ( -1.000000000000000000, -1.982541115402065110E-16, -0.000000000000000000 ) ) ;
#1556 = VECTOR ( 'NONE', #3398, 1000.000000000000000 ) ;
#1557 = DIRECTION ( 'NONE',  ( 0.000000000000000000, 0.000000000000000000, 1.000000000000000000 ) ) ;
#1558 = DIRECTION ( 'NONE',  ( 1.000000000000000000, -1.982541115402065110E-16, -0.000000000000000000 ) ) ;
#1559 = CARTESIAN_POINT ( 'NONE',  ( -40.49999999999999289, 6.268728515410834312, 9.671248654051884941 ) ) ;
#1560 = ORIENTED_EDGE ( 'NONE', *, *, #343, .T. ) ;
#1561 = VERTEX_POINT ( 'NONE', #1227 ) ;
#1562 = DIRECTION ( 'NONE',  ( 0.000000000000000000, 1.000000000000000000, -0.000000000000000000 ) ) ;
#1563 = PRESENTATION_LAYER_ASSIGNMENT (  '', '', ( #2251 ) ) ;
#1564 =( GEOMETRIC_REPRESENTATION_CONTEXT ( 3 ) GLOBAL_UNCERTAINTY_ASSIGNED_CONTEXT ( ( #3845 ) ) GLOBAL_UNIT_ASSIGNED_CONTEXT ( ( #2582, #3681, #1011 ) ) REPRESENTATION_CONTEXT ( 'NONE', 'WORKASPACE' ) );
#1565 = SURFACE_SIDE_STYLE ('',( #662 ) ) ;
#1566 = EDGE_CURVE ( 'NONE', #2063, #3454, #2414, .T. ) ;
#1567 = CARTESIAN_POINT ( 'NONE',  ( -40.90000000000000568, 11.17609999999999992, 5.540000000000004476 ) ) ;
#1568 = DIRECTION ( 'NONE',  ( -1.692687528183392866E-16, 1.000000000000000000, -0.000000000000000000 ) ) ;
#1569 = LINE ( 'NONE', #2751, #304 ) ;
#1570 = STYLED_ITEM ( 'NONE', ( #831 ), #3342 ) ;
#1571 = EDGE_CURVE ( 'NONE', #1367, #427, #2135, .T. ) ;
#1572 = VECTOR ( 'NONE', #2201, 1000.000000000000227 ) ;
#1573 = EDGE_LOOP ( 'NONE', ( #675, #838, #1767, #721 ) ) ;
#1574 = APPLICATION_CONTEXT ( 'automotive_design' ) ;
#1575 =( NAMED_UNIT ( * ) SI_UNIT ( $, .STERADIAN. ) SOLID_ANGLE_UNIT ( ) );
#1576 = LINE ( 'NONE', #325, #3192 ) ;
#1577 = PRESENTATION_STYLE_ASSIGNMENT (( #3030 ) ) ;
#1578 = APPLICATION_PROTOCOL_DEFINITION ( 'draft international standard', 'automotive_design', 1998, #224 ) ;
#1579 = VERTEX_POINT ( 'NONE', #1669 ) ;
#1580 = SURFACE_STYLE_USAGE ( .BOTH. , #3317 ) ;
#1581 = ORIENTED_EDGE ( 'NONE', *, *, #38, .F. ) ;
#1582 = CARTESIAN_POINT ( 'NONE',  ( -14.50000000000028777, 48.00000000000000000, -10.00000000000000000 ) ) ;
#1583 = EDGE_CURVE ( 'NONE', #2625, #1710, #2275, .T. ) ;
#1584 = FILL_AREA_STYLE ('',( #381 ) ) ;
#1585 = FACE_OUTER_BOUND ( 'NONE', #2170, .T. ) ;
#1586 = CARTESIAN_POINT ( 'NONE',  ( -40.90000000000000568, 6.169129092832154271, 8.668861643578832599 ) ) ;
#1587 = ORIENTED_EDGE ( 'NONE', *, *, #1701, .F. ) ;
#1588 = PRESENTATION_LAYER_ASSIGNMENT (  '', '', ( #1651 ) ) ;
#1589 = EDGE_CURVE ( 'NONE', #2827, #1278, #3738, .T. ) ;
#1590 = CARTESIAN_POINT ( 'NONE',  ( -14.50000000000028422, 29.50000000000000355, -10.00000000000000000 ) ) ;
#1591 =( LENGTH_UNIT ( ) NAMED_UNIT ( * ) SI_UNIT ( .MILLI., .METRE. ) );
#1592 = ORIENTED_EDGE ( 'NONE', *, *, #2206, .F. ) ;
#1593 = DIRECTION ( 'NONE',  ( -0.000000000000000000, 0.000000000000000000, -1.000000000000000000 ) ) ;
#1594 = VERTEX_POINT ( 'NONE', #175 ) ;
#1595 =( NAMED_UNIT ( * ) SI_UNIT ( $, .STERADIAN. ) SOLID_ANGLE_UNIT ( ) );
#1596 = PRESENTATION_LAYER_ASSIGNMENT (  '', '', ( #786 ) ) ;
#1597 = DIRECTION ( 'NONE',  ( 1.000000000000000000, 1.692687528183392866E-16, 0.000000000000000000 ) ) ;
#1598 =( NAMED_UNIT ( * ) PLANE_ANGLE_UNIT ( ) SI_UNIT ( $, .RADIAN. ) );
#1599 =( LENGTH_UNIT ( ) NAMED_UNIT ( * ) SI_UNIT ( .MILLI., .METRE. ) );
#1600 = ADVANCED_FACE ( 'NONE', ( #2011 ), #727, .F. ) ;
#1601 = MECHANICAL_DESIGN_GEOMETRIC_PRESENTATION_REPRESENTATION (  '', ( #406 ), #2112 ) ;
#1602 =( NAMED_UNIT ( * ) SI_UNIT ( $, .STERADIAN. ) SOLID_ANGLE_UNIT ( ) );
#1603 =( GEOMETRIC_REPRESENTATION_CONTEXT ( 3 ) GLOBAL_UNCERTAINTY_ASSIGNED_CONTEXT ( ( #2536 ) ) GLOBAL_UNIT_ASSIGNED_CONTEXT ( ( #1365, #3452, #3470 ) ) REPRESENTATION_CONTEXT ( 'NONE', 'WORKASPACE' ) );
#1604 = ORIENTED_EDGE ( 'NONE', *, *, #701, .F. ) ;
#1605 = MECHANICAL_DESIGN_GEOMETRIC_PRESENTATION_REPRESENTATION (  '', ( #352 ), #3218 ) ;
#1606 = SURFACE_SIDE_STYLE ('',( #1966 ) ) ;
#1607 = CARTESIAN_POINT ( 'NONE',  ( -40.90000000000000568, 4.854999999999997762, 4.155000000000004690 ) ) ;
#1608 = ADVANCED_FACE ( 'NONE', ( #1951 ), #425, .F. ) ;
#1609 = FILL_AREA_STYLE ('',( #409 ) ) ;
#1610 = CARTESIAN_POINT ( 'NONE',  ( 42.49999999999999289, 0.000000000000000000, -17.50000000000000000 ) ) ;
#1611 = ORIENTED_EDGE ( 'NONE', *, *, #912, .T. ) ;
#1612 = STYLED_ITEM ( 'NONE', ( #59 ), #2599 ) ;
#1613 = DIRECTION ( 'NONE',  ( -1.000000000000000000, -1.982541115402065110E-16, -0.000000000000000000 ) ) ;
#1614 = EDGE_LOOP ( 'NONE', ( #1392, #1550, #728, #2389 ) ) ;
#1615 = FACE_BOUND ( 'NONE', #2131, .T. ) ;
#1616 = LINE ( 'NONE', #3426, #1035 ) ;
#1617 = AXIS2_PLACEMENT_3D ( 'NONE', #1003, #2184, #3606 ) ;
#1618 =( NAMED_UNIT ( * ) PLANE_ANGLE_UNIT ( ) SI_UNIT ( $, .RADIAN. ) );
#1619 = DIRECTION ( 'NONE',  ( 0.000000000000000000, 0.000000000000000000, 1.000000000000000000 ) ) ;
#1620 = STYLED_ITEM ( 'NONE', ( #2139 ), #2871 ) ;
#1621 = PLANE ( 'NONE',  #1399 ) ;
#1622 = ADVANCED_FACE ( 'NONE', ( #2813 ), #1062, .F. ) ;
#1623 = PRESENTATION_LAYER_ASSIGNMENT (  '', '', ( #1570 ) ) ;
#1624 = VERTEX_POINT ( 'NONE', #256 ) ;
#1625 = AXIS2_PLACEMENT_3D ( 'NONE', #1457, #1153, #3483 ) ;
#1626 = FILL_AREA_STYLE_COLOUR ( '', #1120 ) ;
#1627 = DIRECTION ( 'NONE',  ( 0.000000000000000000, 1.000000000000000000, 0.000000000000000000 ) ) ;
#1628 =( LENGTH_UNIT ( ) NAMED_UNIT ( * ) SI_UNIT ( .MILLI., .METRE. ) );
#1629 = UNCERTAINTY_MEASURE_WITH_UNIT (LENGTH_MEASURE( 1.000000000000000082E-05 ), #2843, 'distance_accuracy_value', 'NONE');
#1630 = CARTESIAN_POINT ( 'NONE',  ( -40.49999999999999289, 8.768728515410835200, -11.11462432702599834 ) ) ;
#1631 =( NAMED_UNIT ( * ) PLANE_ANGLE_UNIT ( ) SI_UNIT ( $, .RADIAN. ) );
#1633 = VERTEX_POINT ( 'NONE', #2328 ) ;
#1632 = COLOUR_RGB ( '',1.000000000000000000, 1.000000000000000000, 1.000000000000000000 ) ;
#1634 = ADVANCED_FACE ( 'NONE', ( #3796, #1408, #2964 ), #1471, .F. ) ;
#1635 = PRODUCT_DEFINITION_FORMATION_WITH_SPECIFIED_SOURCE ( 'ANY', '', #3125, .NOT_KNOWN. ) ;
#1636 = PRESENTATION_STYLE_ASSIGNMENT (( #3163 ) ) ;
#1637 = UNCERTAINTY_MEASURE_WITH_UNIT (LENGTH_MEASURE( 1.000000000000000082E-05 ), #133, 'distance_accuracy_value', 'NONE');
#1638 = ORIENTED_EDGE ( 'NONE', *, *, #515, .F. ) ;
#1639 = CYLINDRICAL_SURFACE ( 'NONE', #815, 3.481100000000010297 ) ;
#1640 = FILL_AREA_STYLE_COLOUR ( '', #783 ) ;
#1641 = ADVANCED_FACE ( 'NONE', ( #538 ), #2931, .F. ) ;
#1642 = FACE_BOUND ( 'NONE', #3141, .T. ) ;
#1643 = LINE ( 'NONE', #452, #2367 ) ;
#1644 = FACE_OUTER_BOUND ( 'NONE', #2375, .T. ) ;
#1645 = DIRECTION ( 'NONE',  ( -1.660022465049576262E-16, 1.000000000000000000, 0.000000000000000000 ) ) ;
#1646 = ORIENTED_EDGE ( 'NONE', *, *, #2440, .F. ) ;
#1647 = MECHANICAL_DESIGN_GEOMETRIC_PRESENTATION_REPRESENTATION (  '', ( #841 ), #3075 ) ;
#1648 = SURFACE_SIDE_STYLE ('',( #3648 ) ) ;
#1649 = LINE ( 'NONE', #2832, #2621 ) ;
#1650 = ADVANCED_FACE ( 'NONE', ( #2003 ), #2867, .F. ) ;
#1651 = STYLED_ITEM ( 'NONE', ( #703 ), #428 ) ;
#1652 = ORIENTED_EDGE ( 'NONE', *, *, #682, .F. ) ;
#1653 = PRESENTATION_LAYER_ASSIGNMENT (  '', '', ( #3374 ) ) ;
#1654 = EDGE_LOOP ( 'NONE', ( #2357, #696, #2570, #314 ) ) ;
#1655 = LINE ( 'NONE', #795, #1198 ) ;
#1656 = FACE_OUTER_BOUND ( 'NONE', #1781, .T. ) ;
#1657 = CIRCLE ( 'NONE', #190, 1.000000000000000888 ) ;
#1658 = AXIS2_PLACEMENT_3D ( 'NONE', #3166, #414, #2858 ) ;
#1659 = DIRECTION ( 'NONE',  ( -0.000000000000000000, -0.8988140655479073260, 0.4383300988675570831 ) ) ;
#1660 = FILL_AREA_STYLE ('',( #761 ) ) ;
#1661 = EDGE_CURVE ( 'NONE', #3539, #2471, #1119, .T. ) ;
#1662 = UNCERTAINTY_MEASURE_WITH_UNIT (LENGTH_MEASURE( 1.000000000000000082E-05 ), #545, 'distance_accuracy_value', 'NONE');
#1663 = PRESENTATION_LAYER_ASSIGNMENT (  '', '', ( #1173 ) ) ;
#1664 = DIRECTION ( 'NONE',  ( 3.126509649979279245E-32, 1.577021341797097560E-16, -1.000000000000000000 ) ) ;
#1665 = ORIENTED_EDGE ( 'NONE', *, *, #896, .T. ) ;
#1666 = STYLED_ITEM ( 'NONE', ( #1069 ), #1326 ) ;
#1667 = LINE ( 'NONE', #2773, #3590 ) ;
#1668 =( LENGTH_UNIT ( ) NAMED_UNIT ( * ) SI_UNIT ( .MILLI., .METRE. ) );
#1669 = CARTESIAN_POINT ( 'NONE',  ( -40.90000000000000568, 33.00000000000000000, -15.89999999999999680 ) ) ;
#1670 = ORIENTED_EDGE ( 'NONE', *, *, #1543, .F. ) ;
#1671 = ADVANCED_FACE ( 'NONE', ( #3675 ), #803, .T. ) ;
#1672 = EDGE_LOOP ( 'NONE', ( #2070, #2911 ) ) ;
#1673 =( GEOMETRIC_REPRESENTATION_CONTEXT ( 3 ) GLOBAL_UNCERTAINTY_ASSIGNED_CONTEXT ( ( #1355 ) ) GLOBAL_UNIT_ASSIGNED_CONTEXT ( ( #2078, #3553, #3806 ) ) REPRESENTATION_CONTEXT ( 'NONE', 'WORKASPACE' ) );
#1674 = CARTESIAN_POINT ( 'NONE',  ( -14.50000000000028777, 49.60000000000000142, -10.00000000000000000 ) ) ;
#1675 = LINE ( 'NONE', #1087, #723 ) ;
#1676 = AXIS2_PLACEMENT_3D ( 'NONE', #1045, #2244, #1690 ) ;
#1677 = PRESENTATION_LAYER_ASSIGNMENT (  '', '', ( #2734 ) ) ;
#1678 = FILL_AREA_STYLE_COLOUR ( '', #419 ) ;
#1679 = STYLED_ITEM ( 'NONE', ( #280 ), #2395 ) ;
#1680 = EDGE_CURVE ( 'NONE', #3761, #698, #2824, .T. ) ;
#1681 = CARTESIAN_POINT ( 'NONE',  ( 40.89999999999999858, 0.000000000000000000, -15.90000000000000036 ) ) ;
#1682 = DIRECTION ( 'NONE',  ( -1.000000000000000000, 0.000000000000000000, 0.000000000000000000 ) ) ;
#1683 = ORIENTED_EDGE ( 'NONE', *, *, #2745, .T. ) ;
#1684 = MECHANICAL_DESIGN_GEOMETRIC_PRESENTATION_REPRESENTATION (  '', ( #2681 ), #3534 ) ;
#1685 = EDGE_CURVE ( 'NONE', #3808, #2387, #1241, .T. ) ;
#1686 = MECHANICAL_DESIGN_GEOMETRIC_PRESENTATION_REPRESENTATION (  '', ( #3710 ), #2562 ) ;
#1687 = DIRECTION ( 'NONE',  ( -0.000000000000000000, -0.000000000000000000, -1.000000000000000000 ) ) ;
#1688 = ORIENTED_EDGE ( 'NONE', *, *, #155, .F. ) ;
#1689 = VECTOR ( 'NONE', #621, 1000.000000000000000 ) ;
#1690 = DIRECTION ( 'NONE',  ( 0.000000000000000000, 0.000000000000000000, 1.000000000000000000 ) ) ;
#1691 = EDGE_LOOP ( 'NONE', ( #3046, #765, #3280, #587 ) ) ;
#1692 = DIRECTION ( 'NONE',  ( 2.102695122396129176E-16, 1.000000000000000000, 1.577021341797097560E-16 ) ) ;
#1693 = AXIS2_PLACEMENT_3D ( 'NONE', #3323, #2214, #2468 ) ;
#1694 = DIRECTION ( 'NONE',  ( -0.000000000000000000, 1.000000000000000000, -0.000000000000000000 ) ) ;
#1695 = PLANE ( 'NONE',  #3114 ) ;
#1696 = PRESENTATION_LAYER_ASSIGNMENT (  '', '', ( #1264 ) ) ;
#1697 = SURFACE_STYLE_FILL_AREA ( #491 ) ;
#1698 = DIRECTION ( 'NONE',  ( 0.000000000000000000, 0.000000000000000000, 1.000000000000000000 ) ) ;
#1699 = DIRECTION ( 'NONE',  ( 0.000000000000000000, 0.000000000000000000, 1.000000000000000000 ) ) ;
#1700 = FILL_AREA_STYLE_COLOUR ( '', #859 ) ;
#1701 = EDGE_CURVE ( 'NONE', #2442, #1015, #3789, .T. ) ;
#1702 = ORIENTED_EDGE ( 'NONE', *, *, #3065, .F. ) ;
#1703 =( NAMED_UNIT ( * ) SI_UNIT ( $, .STERADIAN. ) SOLID_ANGLE_UNIT ( ) );
#1704 = CARTESIAN_POINT ( 'NONE',  ( 37.50000000000148503, 34.60000000000000142, -14.00000000000001954 ) ) ;
#1705 = SURFACE_STYLE_FILL_AREA ( #2025 ) ;
#1706 = UNCERTAINTY_MEASURE_WITH_UNIT (LENGTH_MEASURE( 1.000000000000000082E-05 ), #3840, 'distance_accuracy_value', 'NONE');
#1707 = ADVANCED_FACE ( 'NONE', ( #1778 ), #921, .F. ) ;
#1708 = EDGE_LOOP ( 'NONE', ( #3717, #2835, #1405, #608 ) ) ;
#1709 = FACE_OUTER_BOUND ( 'NONE', #142, .T. ) ;
#1710 = VERTEX_POINT ( 'NONE', #1821 ) ;
#1711 = CARTESIAN_POINT ( 'NONE',  ( -40.90000000000000568, 13.19999999999999751, 8.099999999999988987 ) ) ;
#1712 =( NAMED_UNIT ( * ) PLANE_ANGLE_UNIT ( ) SI_UNIT ( $, .RADIAN. ) );
#1713 = LINE ( 'NONE', #449, #18 ) ;
#1714 = LINE ( 'NONE', #2334, #2077 ) ;
#1715 = MECHANICAL_DESIGN_GEOMETRIC_PRESENTATION_REPRESENTATION (  '', ( #1651 ), #1463 ) ;
#1716 = CARTESIAN_POINT ( 'NONE',  ( -42.50000000000000000, 27.19999999999999929, 8.099999999999988987 ) ) ;
#1717 = VERTEX_POINT ( 'NONE', #3229 ) ;
#1718 = FILL_AREA_STYLE ('',( #737 ) ) ;
#1719 = EDGE_CURVE ( 'NONE', #195, #2371, #2039, .T. ) ;
#1720 = CARTESIAN_POINT ( 'NONE',  ( -14.50000000000028777, 47.59999999999999432, -10.00000000000000000 ) ) ;
#1721 =( GEOMETRIC_REPRESENTATION_CONTEXT ( 3 ) GLOBAL_UNCERTAINTY_ASSIGNED_CONTEXT ( ( #532 ) ) GLOBAL_UNIT_ASSIGNED_CONTEXT ( ( #1895, #3842, #3395 ) ) REPRESENTATION_CONTEXT ( 'NONE', 'WORKASPACE' ) );
#1722 = UNCERTAINTY_MEASURE_WITH_UNIT (LENGTH_MEASURE( 1.000000000000000082E-05 ), #3120, 'distance_accuracy_value', 'NONE');
#1723 = ORIENTED_EDGE ( 'NONE', *, *, #3376, .T. ) ;
#1724 = VECTOR ( 'NONE', #574, 1000.000000000000000 ) ;
#1725 = DIRECTION ( 'NONE',  ( 0.000000000000000000, 0.000000000000000000, 1.000000000000000000 ) ) ;
#1726 = ORIENTED_EDGE ( 'NONE', *, *, #3446, .T. ) ;
#1727 =( GEOMETRIC_REPRESENTATION_CONTEXT ( 3 ) GLOBAL_UNCERTAINTY_ASSIGNED_CONTEXT ( ( #1143 ) ) GLOBAL_UNIT_ASSIGNED_CONTEXT ( ( #991, #2757, #69 ) ) REPRESENTATION_CONTEXT ( 'NONE', 'WORKASPACE' ) );
#1728 = EDGE_CURVE ( 'NONE', #2782, #3091, #554, .T. ) ;
#1729 = DIRECTION ( 'NONE',  ( 0.000000000000000000, 0.8660254037844387076, 0.4999999999999997224 ) ) ;
#1730 = ORIENTED_EDGE ( 'NONE', *, *, #1779, .F. ) ;
#1731 =( LENGTH_UNIT ( ) NAMED_UNIT ( * ) SI_UNIT ( .MILLI., .METRE. ) );
#1732 =( GEOMETRIC_REPRESENTATION_CONTEXT ( 3 ) GLOBAL_UNCERTAINTY_ASSIGNED_CONTEXT ( ( #1046 ) ) GLOBAL_UNIT_ASSIGNED_CONTEXT ( ( #3320, #1235, #2212 ) ) REPRESENTATION_CONTEXT ( 'NONE', 'WORKASPACE' ) );
#1733 = VECTOR ( 'NONE', #74, 1000.000000000000000 ) ;
#1734 = VERTEX_POINT ( 'NONE', #2654 ) ;
#1735 = DIRECTION ( 'NONE',  ( 0.000000000000000000, 1.000000000000000000, 0.000000000000000000 ) ) ;
#1736 = STYLED_ITEM ( 'NONE', ( #1170 ), #2347 ) ;
#1737 = STYLED_ITEM ( 'NONE', ( #749 ), #1600 ) ;
#1738 = VECTOR ( 'NONE', #2695, 1000.000000000000000 ) ;
#1739 =( NAMED_UNIT ( * ) SI_UNIT ( $, .STERADIAN. ) SOLID_ANGLE_UNIT ( ) );
#1740 = ORIENTED_EDGE ( 'NONE', *, *, #3676, .F. ) ;
#1741 = EDGE_CURVE ( 'NONE', #413, #2138, #3390, .T. ) ;
#1742 = MECHANICAL_DESIGN_GEOMETRIC_PRESENTATION_REPRESENTATION (  '', ( #2985 ), #2248 ) ;
#1743 = CARTESIAN_POINT ( 'NONE',  ( -28.91000000000001791, 33.00000000000000000, -11.05799999999923600 ) ) ;
#1744 = CARTESIAN_POINT ( 'NONE',  ( -40.90000000000000568, 0.000000000000000000, 15.90000000000000036 ) ) ;
#1745 = VECTOR ( 'NONE', #126, 1000.000000000000000 ) ;
#1746 =( NAMED_UNIT ( * ) SI_UNIT ( $, .STERADIAN. ) SOLID_ANGLE_UNIT ( ) );
#1747 = EDGE_LOOP ( 'NONE', ( #1205, #521, #2271, #1763 ) ) ;
#1748 = AXIS2_PLACEMENT_3D ( 'NONE', #3400, #3119, #442 ) ;
#1749 = UNCERTAINTY_MEASURE_WITH_UNIT (LENGTH_MEASURE( 1.000000000000000082E-05 ), #2829, 'distance_accuracy_value', 'NONE');
#1750 = SURFACE_STYLE_FILL_AREA ( #2663 ) ;
#1751 = VERTEX_POINT ( 'NONE', #2694 ) ;
#1752 = PRESENTATION_STYLE_ASSIGNMENT (( #544 ) ) ;
#1753 = MECHANICAL_DESIGN_GEOMETRIC_PRESENTATION_REPRESENTATION (  '', ( #1570 ), #3771 ) ;
#1754 = AXIS2_PLACEMENT_3D ( 'NONE', #2301, #1133, #546 ) ;
#1755 = PRESENTATION_STYLE_ASSIGNMENT (( #3225 ) ) ;
#1756 = ORIENTED_EDGE ( 'NONE', *, *, #1394, .F. ) ;
#1757 = DIRECTION ( 'NONE',  ( 9.912705577010321852E-17, -0.4999999999999997780, -0.8660254037844388186 ) ) ;
#1758 = CARTESIAN_POINT ( 'NONE',  ( 20.89999999999999858, 48.00000000000000711, -15.90000000000000036 ) ) ;
#1759 = EDGE_CURVE ( 'NONE', #1751, #3602, #591, .T. ) ;
#1760 = CARTESIAN_POINT ( 'NONE',  ( -40.90000000000000568, 13.19999999999999574, 17.50000000000000000 ) ) ;
#1761 = FACE_OUTER_BOUND ( 'NONE', #2304, .T. ) ;
#1762 = CARTESIAN_POINT ( 'NONE',  ( -14.50000000000023448, 29.50000000000000355, -3.999999999999998224 ) ) ;
#1763 = ORIENTED_EDGE ( 'NONE', *, *, #490, .F. ) ;
#1764 =( NAMED_UNIT ( * ) PLANE_ANGLE_UNIT ( ) SI_UNIT ( $, .RADIAN. ) );
#1765 = ORIENTED_EDGE ( 'NONE', *, *, #1719, .F. ) ;
#1766 = EDGE_CURVE ( 'NONE', #3683, #712, #1181, .T. ) ;
#1767 = ORIENTED_EDGE ( 'NONE', *, *, #3161, .F. ) ;
#1768 = DIRECTION ( 'NONE',  ( 0.000000000000000000, 1.000000000000000000, -0.000000000000000000 ) ) ;
#1769 =( NAMED_UNIT ( * ) SI_UNIT ( $, .STERADIAN. ) SOLID_ANGLE_UNIT ( ) );
#1770 = FACE_BOUND ( 'NONE', #1427, .T. ) ;
#1771 = CARTESIAN_POINT ( 'NONE',  ( -42.49999999999999289, 0.000000000000000000, 6.599999999999997868 ) ) ;
#1772 = MECHANICAL_DESIGN_GEOMETRIC_PRESENTATION_REPRESENTATION (  '', ( #646 ), #573 ) ;
#1773 = LINE ( 'NONE', #1716, #1112 ) ;
#1774 = EDGE_LOOP ( 'NONE', ( #240, #2218, #3819, #2110 ) ) ;
#1775 = PLANE ( 'NONE',  #614 ) ;
#1776 = SURFACE_STYLE_FILL_AREA ( #570 ) ;
#1777 = COLOUR_RGB ( '',1.000000000000000000, 1.000000000000000000, 1.000000000000000000 ) ;
#1778 = FACE_OUTER_BOUND ( 'NONE', #1472, .T. ) ;
#1779 = EDGE_CURVE ( 'NONE', #950, #1751, #2362, .T. ) ;
#1780 = CYLINDRICAL_SURFACE ( 'NONE', #3212, 1.500000000000759393 ) ;
#1781 = EDGE_LOOP ( 'NONE', ( #3782, #2603, #2725, #303 ) ) ;
#1782 = VECTOR ( 'NONE', #835, 1000.000000000000000 ) ;
#1783 = DIRECTION ( 'NONE',  ( 0.000000000000000000, 1.000000000000000000, 0.000000000000000000 ) ) ;
#1784 = CARTESIAN_POINT ( 'NONE',  ( 22.50000000000000000, 34.60000000000000142, 17.50000000000000000 ) ) ;
#1785 = EDGE_LOOP ( 'NONE', ( #160, #236, #3601, #1306 ) ) ;
#1786 = VECTOR ( 'NONE', #3453, 1000.000000000000000 ) ;
#1787 = LINE ( 'NONE', #1452, #2360 ) ;
#1788 = DIRECTION ( 'NONE',  ( 0.000000000000000000, 1.000000000000000000, 0.000000000000000000 ) ) ;
#1789 = LINE ( 'NONE', #2947, #2864 ) ;
#1790 = PRESENTATION_STYLE_ASSIGNMENT (( #285 ) ) ;
#1791 = PRESENTATION_LAYER_ASSIGNMENT (  '', '', ( #1347 ) ) ;
#1792 = DIRECTION ( 'NONE',  ( -1.982541115402065110E-16, 1.000000000000000000, 0.000000000000000000 ) ) ;
#1793 = DIRECTION ( 'NONE',  ( -0.000000000000000000, 1.000000000000000000, -0.000000000000000000 ) ) ;
#1794 = EDGE_CURVE ( 'NONE', #311, #1492, #2082, .T. ) ;
#1795 = SURFACE_SIDE_STYLE ('',( #2952 ) ) ;
#1796 = ORIENTED_EDGE ( 'NONE', *, *, #3161, .T. ) ;
#1797 = AXIS2_PLACEMENT_3D ( 'NONE', #1841, #3344, #2786 ) ;
#1798 = CARTESIAN_POINT ( 'NONE',  ( 40.89999999999999858, 7.399999999999990585, -6.600000000000001421 ) ) ;
#1799 =( GEOMETRIC_REPRESENTATION_CONTEXT ( 3 ) GLOBAL_UNCERTAINTY_ASSIGNED_CONTEXT ( ( #3781 ) ) GLOBAL_UNIT_ASSIGNED_CONTEXT ( ( #610, #1250, #2441 ) ) REPRESENTATION_CONTEXT ( 'NONE', 'WORKASPACE' ) );
#1800 = DIRECTION ( 'NONE',  ( -0.000000000000000000, -0.000000000000000000, -1.000000000000000000 ) ) ;
#1801 =( LENGTH_UNIT ( ) NAMED_UNIT ( * ) SI_UNIT ( .MILLI., .METRE. ) );
#1802 =( GEOMETRIC_REPRESENTATION_CONTEXT ( 3 ) GLOBAL_UNCERTAINTY_ASSIGNED_CONTEXT ( ( #2641 ) ) GLOBAL_UNIT_ASSIGNED_CONTEXT ( ( #1224, #3350, #1575 ) ) REPRESENTATION_CONTEXT ( 'NONE', 'WORKASPACE' ) );
#1803 = ORIENTED_EDGE ( 'NONE', *, *, #3518, .T. ) ;
#1804 = EDGE_CURVE ( 'NONE', #2255, #2462, #2966, .T. ) ;
#1805 = CIRCLE ( 'NONE', #288, 3.099999999999999645 ) ;
#1806 = COLOUR_RGB ( '',1.000000000000000000, 1.000000000000000000, 1.000000000000000000 ) ;
#1807 = CARTESIAN_POINT ( 'NONE',  ( 42.49999999999999289, 16.19999999999999929, -6.299999999999998934 ) ) ;
#1808 = ORIENTED_EDGE ( 'NONE', *, *, #2524, .T. ) ;
#1809 = ADVANCED_FACE ( 'NONE', ( #1487, #3570, #2674 ), #1201, .F. ) ;
#1810 = DIRECTION ( 'NONE',  ( 1.692687528183392866E-16, -1.000000000000000000, 0.000000000000000000 ) ) ;
#1811 = SURFACE_SIDE_STYLE ('',( #2741 ) ) ;
#1812 = PLANE ( 'NONE',  #977 ) ;
#1813 = DIRECTION ( 'NONE',  ( -1.000000000000000000, 0.000000000000000000, 0.000000000000000000 ) ) ;
#1814 = VERTEX_POINT ( 'NONE', #1903 ) ;
#1815 = UNCERTAINTY_MEASURE_WITH_UNIT (LENGTH_MEASURE( 1.000000000000000082E-05 ), #688, 'distance_accuracy_value', 'NONE');
#1816 = ORIENTED_EDGE ( 'NONE', *, *, #1394, .T. ) ;
#1817 = CARTESIAN_POINT ( 'NONE',  ( -14.50000000000007816, 47.59999999999999432, 11.00000000000000355 ) ) ;
#1818 = AXIS2_PLACEMENT_3D ( 'NONE', #2796, #1080, #2514 ) ;
#1819 =( NAMED_UNIT ( * ) PLANE_ANGLE_UNIT ( ) SI_UNIT ( $, .RADIAN. ) );
#1820 = COLOUR_RGB ( '',1.000000000000000000, 1.000000000000000000, 1.000000000000000000 ) ;
#1821 = CARTESIAN_POINT ( 'NONE',  ( -40.90000000000000568, 3.768728515410834312, -11.11462432702600012 ) ) ;
#1822 =( NAMED_UNIT ( * ) PLANE_ANGLE_UNIT ( ) SI_UNIT ( $, .RADIAN. ) );
#1823 = DIRECTION ( 'NONE',  ( 2.262601074752079461E-32, 1.141263127999853538E-16, -1.000000000000000000 ) ) ;
#1824 = EDGE_CURVE ( 'NONE', #1871, #1453, #2464, .T. ) ;
#1825 = SHAPE_REPRESENTATION ( '\X2\041a043e0440043f04430441\X0\', ( #436, #697 ), #2261 ) ;
#1826 = CARTESIAN_POINT ( 'NONE',  ( -2.100000000000179945, 34.00000000000000000, 1.078520768856852078E-29 ) ) ;
#1827 = PRESENTATION_LAYER_ASSIGNMENT (  '', '', ( #3357 ) ) ;
#1828 = ORIENTED_EDGE ( 'NONE', *, *, #1921, .T. ) ;
#1829 = AXIS2_PLACEMENT_3D ( 'NONE', #138, #3352, #1301 ) ;
#1830 = SURFACE_STYLE_USAGE ( .BOTH. , #3328 ) ;
#1831 = ORIENTED_EDGE ( 'NONE', *, *, #2842, .T. ) ;
#1832 = DIRECTION ( 'NONE',  ( -0.000000000000000000, 1.000000000000000000, -0.000000000000000000 ) ) ;
#1833 = DIRECTION ( 'NONE',  ( 1.000000000000000000, 0.000000000000000000, 0.000000000000000000 ) ) ;
#1834 = FILL_AREA_STYLE_COLOUR ( '', #299 ) ;
#1835 = FILL_AREA_STYLE_COLOUR ( '', #2656 ) ;
#1836 = CARTESIAN_POINT ( 'NONE',  ( -14.50000000000028777, 29.50000000000000355, -11.00000000000000355 ) ) ;
#1837 = ORIENTED_EDGE ( 'NONE', *, *, #3571, .F. ) ;
#1838 = CARTESIAN_POINT ( 'NONE',  ( -22.50000000000000000, 49.60000000000000142, 17.50000000000000000 ) ) ;
#1839 = EDGE_LOOP ( 'NONE', ( #2173, #1285, #1183, #833 ) ) ;
#1840 = LINE ( 'NONE', #35, #2950 ) ;
#1841 = CARTESIAN_POINT ( 'NONE',  ( 42.50000000000000000, 34.60000000000000142, 17.50000000000000000 ) ) ;
#1842 = LINE ( 'NONE', #1904, #3162 ) ;
#1843 = SURFACE_SIDE_STYLE ('',( #3305 ) ) ;
#1844 = LINE ( 'NONE', #2714, #1230 ) ;
#1845 = ORIENTED_EDGE ( 'NONE', *, *, #63, .F. ) ;
#1846 = VECTOR ( 'NONE', #184, 1000.000000000000000 ) ;
#1847 = DIRECTION ( 'NONE',  ( 1.982541115402065110E-16, -1.000000000000000000, 5.218783020387507330E-17 ) ) ;
#1848 = ORIENTED_EDGE ( 'NONE', *, *, #3224, .F. ) ;
#1849 = APPLICATION_CONTEXT ( 'automotive_design' ) ;
#1850 = STYLED_ITEM ( 'NONE', ( #716 ), #816 ) ;
#1851 = DIRECTION ( 'NONE',  ( 0.000000000000000000, 0.000000000000000000, 1.000000000000000000 ) ) ;
#1852 = VERTEX_POINT ( 'NONE', #1002 ) ;
#1853 = DIRECTION ( 'NONE',  ( 0.000000000000000000, 0.000000000000000000, 1.000000000000000000 ) ) ;
#1854 = CYLINDRICAL_SURFACE ( 'NONE', #3045, 3.481100000000005412 ) ;
#1855 = CARTESIAN_POINT ( 'NONE',  ( -40.90000000000000568, 33.00000000000000000, -15.90000000000000036 ) ) ;
#1856 = VERTEX_POINT ( 'NONE', #3018 ) ;
#1857 = CARTESIAN_POINT ( 'NONE',  ( 20.89999999999999858, 48.00000000000000711, -15.89999999999999680 ) ) ;
#1858 = VERTEX_POINT ( 'NONE', #3623 ) ;
#1859 = DIRECTION ( 'NONE',  ( 0.000000000000000000, 0.000000000000000000, 1.000000000000000000 ) ) ;
#1860 = PRESENTATION_LAYER_ASSIGNMENT (  '', '', ( #3686 ) ) ;
#1861 = CARTESIAN_POINT ( 'NONE',  ( -42.49999999999999289, 13.19999999999999751, -8.200000000000013500 ) ) ;
#1862 = DIRECTION ( 'NONE',  ( -1.000000000000000000, -1.982541115402065110E-16, -0.000000000000000000 ) ) ;
#1863 = PLANE ( 'NONE',  #52 ) ;
#1864 = VERTEX_POINT ( 'NONE', #683 ) ;
#1865 = MECHANICAL_DESIGN_GEOMETRIC_PRESENTATION_REPRESENTATION (  '', ( #1486 ), #1732 ) ;
#1866 = VECTOR ( 'NONE', #3670, 1000.000000000000000 ) ;
#1867 = CARTESIAN_POINT ( 'NONE',  ( -40.90000000000000568, 31.32416456270471627, 20.93637013856942275 ) ) ;
#1868 = ORIENTED_EDGE ( 'NONE', *, *, #2189, .F. ) ;
#1869 = STYLED_ITEM ( 'NONE', ( #1344 ), #1650 ) ;
#1870 = SURFACE_STYLE_USAGE ( .BOTH. , #1265 ) ;
#1871 = VERTEX_POINT ( 'NONE', #2422 ) ;
#1872 = CARTESIAN_POINT ( 'NONE',  ( -40.90000000000000568, 33.00000000000000000, -8.200000000000013500 ) ) ;
#1873 = STYLED_ITEM ( 'NONE', ( #2083 ), #2543 ) ;
#1874 = FILL_AREA_STYLE_COLOUR ( '', #3741 ) ;
#1875 = EDGE_CURVE ( 'NONE', #3100, #2778, #96, .T. ) ;
#1876 = FILL_AREA_STYLE_COLOUR ( '', #2149 ) ;
#1877 = EDGE_LOOP ( 'NONE', ( #2569, #3239, #862, #1604 ) ) ;
#1878 = VECTOR ( 'NONE', #3487, 1000.000000000000114 ) ;
#1879 = DIRECTION ( 'NONE',  ( 1.000000000000000000, 0.000000000000000000, 0.000000000000000000 ) ) ;
#1880 = ORIENTED_EDGE ( 'NONE', *, *, #2440, .T. ) ;
#1881 = CARTESIAN_POINT ( 'NONE',  ( 20.89999999999999858, 33.00000000000000711, 17.50000000000000000 ) ) ;
#1882 = DIRECTION ( 'NONE',  ( -0.000000000000000000, 1.000000000000000000, -0.000000000000000000 ) ) ;
#1883 = CIRCLE ( 'NONE', #161, 3.481100000000004524 ) ;
#1884 = LINE ( 'NONE', #97, #609 ) ;
#1885 =( NAMED_UNIT ( * ) PLANE_ANGLE_UNIT ( ) SI_UNIT ( $, .RADIAN. ) );
#1886 = EDGE_CURVE ( 'NONE', #986, #527, #2447, .T. ) ;
#1887 = PRESENTATION_STYLE_ASSIGNMENT (( #3003 ) ) ;
#1888 = PRESENTATION_LAYER_ASSIGNMENT (  '', '', ( #3711 ) ) ;
#1889 = AXIS2_PLACEMENT_3D ( 'NONE', #607, #1813, #2722 ) ;
#1890 =( NAMED_UNIT ( * ) SI_UNIT ( $, .STERADIAN. ) SOLID_ANGLE_UNIT ( ) );
#1891 = ORIENTED_EDGE ( 'NONE', *, *, #3484, .T. ) ;
#1892 = SURFACE_STYLE_USAGE ( .BOTH. , #951 ) ;
#1893 = CARTESIAN_POINT ( 'NONE',  ( -28.91000000000001791, 33.00000000000000000, -12.55799999999999628 ) ) ;
#1894 = FACE_OUTER_BOUND ( 'NONE', #107, .T. ) ;
#1895 =( LENGTH_UNIT ( ) NAMED_UNIT ( * ) SI_UNIT ( .MILLI., .METRE. ) );
#1896 = LINE ( 'NONE', #2175, #202 ) ;
#1897 = PRESENTATION_STYLE_ASSIGNMENT (( #3404 ) ) ;
#1898 = VERTEX_POINT ( 'NONE', #37 ) ;
#1899 = ADVANCED_FACE ( 'NONE', ( #2748, #959, #316, #1254, #2483, #3373 ), #2998, .T. ) ;
#1900 = SURFACE_SIDE_STYLE ('',( #997 ) ) ;
#1901 = VERTEX_POINT ( 'NONE', #2711 ) ;
#1902 = DIRECTION ( 'NONE',  ( 0.000000000000000000, 1.000000000000000000, -0.000000000000000000 ) ) ;
#1903 = CARTESIAN_POINT ( 'NONE',  ( -40.90000000000000568, 3.768728515410834756, 14.00137567297407593 ) ) ;
#1904 = CARTESIAN_POINT ( 'NONE',  ( 37.50000000000148503, 32.59999999999999432, -14.00000000000001954 ) ) ;
#1905 = EDGE_CURVE ( 'NONE', #2398, #2160, #979, .T. ) ;
#1906 = AXIS2_PLACEMENT_3D ( 'NONE', #1447, #1823, #3456 ) ;
#1907 = ORIENTED_EDGE ( 'NONE', *, *, #2252, .T. ) ;
#1908 = VECTOR ( 'NONE', #1687, 1000.000000000000000 ) ;
#1910 = DIRECTION ( 'NONE',  ( -1.000000000000000000, -1.982541115402065110E-16, -0.000000000000000000 ) ) ;
#1909 = VECTOR ( 'NONE', #3532, 1000.000000000000000 ) ;
#1911 = SURFACE_STYLE_FILL_AREA ( #1929 ) ;
#1912 = CARTESIAN_POINT ( 'NONE',  ( -42.49999999999999289, 8.768728515410835200, -11.11462432702599834 ) ) ;
#1913 = SURFACE_SIDE_STYLE ('',( #426 ) ) ;
#1914 = ORIENTED_EDGE ( 'NONE', *, *, #640, .F. ) ;
#1915 = COLOUR_RGB ( '',1.000000000000000000, 1.000000000000000000, 1.000000000000000000 ) ;
#1916 = CARTESIAN_POINT ( 'NONE',  ( 0.9999999999998172573, 34.00000000000000000, -1.499999999999999556 ) ) ;
#1917 = ORIENTED_EDGE ( 'NONE', *, *, #1020, .T. ) ;
#1918 = DIRECTION ( 'NONE',  ( 1.000000000000000000, 0.000000000000000000, -0.000000000000000000 ) ) ;
#1919 = DIRECTION ( 'NONE',  ( 0.000000000000000000, 0.000000000000000000, 1.000000000000000000 ) ) ;
#1920 = PRESENTATION_LAYER_ASSIGNMENT (  '', '', ( #2177 ) ) ;
#1921 = EDGE_CURVE ( 'NONE', #3683, #2442, #799, .T. ) ;
#1922 = DIRECTION ( 'NONE',  ( -1.660022465049576262E-16, 1.000000000000000000, 0.000000000000000000 ) ) ;
#1923 = DIRECTION ( 'NONE',  ( 0.000000000000000000, 1.000000000000000000, 0.000000000000000000 ) ) ;
#1924 = PRESENTATION_STYLE_ASSIGNMENT (( #943 ) ) ;
#1925 = VECTOR ( 'NONE', #1558, 1000.000000000000000 ) ;
#1926 = EDGE_CURVE ( 'NONE', #3091, #1167, #2881, .T. ) ;
#1927 = ORIENTED_EDGE ( 'NONE', *, *, #1766, .F. ) ;
#1928 = FILL_AREA_STYLE ('',( #724 ) ) ;
#1929 = FILL_AREA_STYLE ('',( #2851 ) ) ;
#1930 = FILL_AREA_STYLE_COLOUR ( '', #1806 ) ;
#1931 = EDGE_CURVE ( 'NONE', #2926, #2815, #2290, .T. ) ;
#1932 = EDGE_LOOP ( 'NONE', ( #2433, #2606, #3848, #2438 ) ) ;
#1933 = PRESENTATION_LAYER_ASSIGNMENT (  '', '', ( #3098 ) ) ;
#1934 = AXIS2_PLACEMENT_3D ( 'NONE', #3189, #3151, #1981 ) ;
#1935 = MECHANICAL_DESIGN_GEOMETRIC_PRESENTATION_REPRESENTATION (  '', ( #604 ), #2552 ) ;
#1936 = LINE ( 'NONE', #3108, #2912 ) ;
#1937 = ORIENTED_EDGE ( 'NONE', *, *, #2577, .F. ) ;
#1938 = DIRECTION ( 'NONE',  ( -0.000000000000000000, 1.000000000000000000, -0.000000000000000000 ) ) ;
#1939 = CARTESIAN_POINT ( 'NONE',  ( -42.49999999999999289, 8.768728515410835200, -14.00137567297412922 ) ) ;
#1940 = VECTOR ( 'NONE', #1923, 1000.000000000000000 ) ;
#1941 = DIRECTION ( 'NONE',  ( -0.000000000000000000, 1.000000000000000000, -0.000000000000000000 ) ) ;
#1942 = CARTESIAN_POINT ( 'NONE',  ( -11.90000000000007674, 48.00000000000000000, 10.00000000000000000 ) ) ;
#1943 = VECTOR ( 'NONE', #709, 1000.000000000000000 ) ;
#1944 = DIRECTION ( 'NONE',  ( -1.000000000000000000, 0.000000000000000000, 0.000000000000000000 ) ) ;
#1945 = SURFACE_STYLE_FILL_AREA ( #2270 ) ;
#1946 = AXIS2_PLACEMENT_3D ( 'NONE', #386, #2680, #3814 ) ;
#1947 = ORIENTED_EDGE ( 'NONE', *, *, #155, .T. ) ;
#1948 = FILL_AREA_STYLE_COLOUR ( '', #220 ) ;
#1949 = SURFACE_STYLE_USAGE ( .BOTH. , #441 ) ;
#1950 = UNCERTAINTY_MEASURE_WITH_UNIT (LENGTH_MEASURE( 1.000000000000000082E-05 ), #2434, 'distance_accuracy_value', 'NONE');
#1951 = FACE_OUTER_BOUND ( 'NONE', #1040, .T. ) ;
#1952 =( NAMED_UNIT ( * ) PLANE_ANGLE_UNIT ( ) SI_UNIT ( $, .RADIAN. ) );
#1953 = ORIENTED_EDGE ( 'NONE', *, *, #1571, .T. ) ;
#1954 = ADVANCED_FACE ( 'NONE', ( #1642, #2558, #2591 ), #1053, .F. ) ;
#1955 = FILL_AREA_STYLE ('',( #3440 ) ) ;
#1956 = UNCERTAINTY_MEASURE_WITH_UNIT (LENGTH_MEASURE( 1.000000000000000082E-05 ), #942, 'distance_accuracy_value', 'NONE');
#1957 = ORIENTED_EDGE ( 'NONE', *, *, #1495, .F. ) ;
#1958 = CARTESIAN_POINT ( 'NONE',  ( 40.90000000000000568, 27.19999999999999929, 6.299999999999998934 ) ) ;
#1959 = DIRECTION ( 'NONE',  ( 0.000000000000000000, 1.000000000000000000, 0.000000000000000000 ) ) ;
#1960 = CARTESIAN_POINT ( 'NONE',  ( -28.91000000000001791, 32.59999999999999432, -12.55799999999999628 ) ) ;
#1961 = DIRECTION ( 'NONE',  ( 0.000000000000000000, 0.000000000000000000, 1.000000000000000000 ) ) ;
#1962 = PLANE ( 'NONE',  #3467 ) ;
#1963 = ORIENTED_EDGE ( 'NONE', *, *, #2023, .F. ) ;
#1964 = EDGE_CURVE ( 'NONE', #2318, #1098, #1113, .T. ) ;
#1965 = COLOUR_RGB ( '',1.000000000000000000, 1.000000000000000000, 1.000000000000000000 ) ;
#1966 = SURFACE_STYLE_FILL_AREA ( #3435 ) ;
#1967 = DIRECTION ( 'NONE',  ( -1.000000000000000000, 0.000000000000000000, 0.000000000000000000 ) ) ;
#1968 = SURFACE_STYLE_USAGE ( .BOTH. , #770 ) ;
#1969 = ORIENTED_EDGE ( 'NONE', *, *, #3725, .T. ) ;
#1970 = SURFACE_SIDE_STYLE ('',( #3666 ) ) ;
#1971 = ORIENTED_EDGE ( 'NONE', *, *, #2907, .F. ) ;
#1972 = PRESENTATION_STYLE_ASSIGNMENT (( #732 ) ) ;
#1973 = DIRECTION ( 'NONE',  ( 2.005460665869141288E-16, 1.000000000000000000, 0.000000000000000000 ) ) ;
#1974 = PLANE ( 'NONE',  #2349 ) ;
#1975 = VECTOR ( 'NONE', #2572, 1000.000000000000000 ) ;
#1976 = ADVANCED_FACE ( 'NONE', ( #166 ), #759, .F. ) ;
#1977 = PRESENTATION_STYLE_ASSIGNMENT (( #2268 ) ) ;
#1978 = UNCERTAINTY_MEASURE_WITH_UNIT (LENGTH_MEASURE( 1.000000000000000082E-05 ), #1055, 'distance_accuracy_value', 'NONE');
#1979 = EDGE_CURVE ( 'NONE', #3469, #1633, #2972, .T. ) ;
#1980 = VECTOR ( 'NONE', #1862, 1000.000000000000000 ) ;
#1981 = DIRECTION ( 'NONE',  ( 0.000000000000000000, -0.000000000000000000, 1.000000000000000000 ) ) ;
#1982 = SURFACE_STYLE_USAGE ( .BOTH. , #3362 ) ;
#1983 = VERTEX_POINT ( 'NONE', #1071 ) ;
#1984 = VECTOR ( 'NONE', #294, 1000.000000000000000 ) ;
#1985 =( NAMED_UNIT ( * ) PLANE_ANGLE_UNIT ( ) SI_UNIT ( $, .RADIAN. ) );
#1986 = CARTESIAN_POINT ( 'NONE',  ( -14.50000000000018296, 49.60000000000000142, 1.000000000000001554 ) ) ;
#1987 = SURFACE_STYLE_USAGE ( .BOTH. , #748 ) ;
#1988 = SURFACE_SIDE_STYLE ('',( #792 ) ) ;
#1989 = VERTEX_POINT ( 'NONE', #1440 ) ;
#1990 =( LENGTH_UNIT ( ) NAMED_UNIT ( * ) SI_UNIT ( .MILLI., .METRE. ) );
#1991 = ADVANCED_FACE ( 'NONE', ( #3765 ), #289, .F. ) ;
#1992 = VERTEX_POINT ( 'NONE', #1481 ) ;
#1993 = LINE ( 'NONE', #2228, #2007 ) ;
#1994 = DIRECTION ( 'NONE',  ( 0.000000000000000000, -0.8660254037844387076, -0.4999999999999997224 ) ) ;
#1995 = DIRECTION ( 'NONE',  ( -1.660022465049576262E-16, 1.000000000000000000, -0.000000000000000000 ) ) ;
#1996 = LINE ( 'NONE', #3745, #114 ) ;
#1997 = AXIS2_PLACEMENT_3D ( 'NONE', #3479, #3220, #877 ) ;
#1998 = MECHANICAL_DESIGN_GEOMETRIC_PRESENTATION_REPRESENTATION (  '', ( #2916 ), #1360 ) ;
#1999 = SURFACE_SIDE_STYLE ('',( #1090 ) ) ;
#2000 = LINE ( 'NONE', #116, #3673 ) ;
#2001 = MECHANICAL_DESIGN_GEOMETRIC_PRESENTATION_REPRESENTATION (  '', ( #1679 ), #1246 ) ;
#2002 = VECTOR ( 'NONE', #684, 1000.000000000000000 ) ;
#2003 = FACE_OUTER_BOUND ( 'NONE', #2921, .T. ) ;
#2004 = EDGE_CURVE ( 'NONE', #1390, #3087, #2727, .T. ) ;
#2005 = SURFACE_STYLE_USAGE ( .BOTH. , #2578 ) ;
#2006 = ORIENTED_EDGE ( 'NONE', *, *, #590, .F. ) ;
#2007 = VECTOR ( 'NONE', #1048, 1000.000000000000114 ) ;
#2008 = PRESENTATION_LAYER_ASSIGNMENT (  '', '', ( #1370 ) ) ;
#2009 = SURFACE_STYLE_USAGE ( .BOTH. , #2291 ) ;
#2010 = CARTESIAN_POINT ( 'NONE',  ( -40.90000000000000568, 11.17609999999999815, 17.49999999999999645 ) ) ;
#2011 = FACE_OUTER_BOUND ( 'NONE', #2176, .T. ) ;
#2012 = ORIENTED_EDGE ( 'NONE', *, *, #2647, .F. ) ;
#2013 = VECTOR ( 'NONE', #1220, 1000.000000000000114 ) ;
#2014 = DIRECTION ( 'NONE',  ( 0.000000000000000000, 0.000000000000000000, 1.000000000000000000 ) ) ;
#2015 = VERTEX_POINT ( 'NONE', #1176 ) ;
#2016 = VECTOR ( 'NONE', #2770, 1000.000000000000000 ) ;
#2017 = LINE ( 'NONE', #1380, #2233 ) ;
#2018 =( NAMED_UNIT ( * ) SI_UNIT ( $, .STERADIAN. ) SOLID_ANGLE_UNIT ( ) );
#2019 = EDGE_CURVE ( 'NONE', #2579, #1177, #861, .T. ) ;
#2020 = ORIENTED_EDGE ( 'NONE', *, *, #1297, .F. ) ;
#2021 = FILL_AREA_STYLE_COLOUR ( '', #3099 ) ;
#2022 = ORIENTED_EDGE ( 'NONE', *, *, #3013, .T. ) ;
#2023 = EDGE_CURVE ( 'NONE', #1167, #1441, #1773, .T. ) ;
#2024 = CARTESIAN_POINT ( 'NONE',  ( -28.91000000000001791, 33.00000000000000000, -12.55799999999999628 ) ) ;
#2025 = FILL_AREA_STYLE ('',( #1127 ) ) ;
#2026 = EDGE_LOOP ( 'NONE', ( #1027, #2097, #2476, #2798 ) ) ;
#2027 = DIRECTION ( 'NONE',  ( -1.692687528183392866E-16, 1.000000000000000000, -0.000000000000000000 ) ) ;
#2029 = ORIENTED_EDGE ( 'NONE', *, *, #2907, .T. ) ;
#2028 = VECTOR ( 'NONE', #2531, 1000.000000000000000 ) ;
#2030 =( NAMED_UNIT ( * ) PLANE_ANGLE_UNIT ( ) SI_UNIT ( $, .RADIAN. ) );
#2031 = LINE ( 'NONE', #2051, #2256 ) ;
#2032 = AXIS2_PLACEMENT_3D ( 'NONE', #801, #2285, #3450 ) ;
#2033 = ORIENTED_EDGE ( 'NONE', *, *, #131, .F. ) ;
#2034 = FACE_BOUND ( 'NONE', #298, .T. ) ;
#2035 = DIRECTION ( 'NONE',  ( 0.000000000000000000, 0.000000000000000000, 1.000000000000000000 ) ) ;
#2036 = ADVANCED_FACE ( 'NONE', ( #2669 ), #2690, .F. ) ;
#2037 = STYLED_ITEM ( 'NONE', ( #12 ), #747 ) ;
#2038 =( GEOMETRIC_REPRESENTATION_CONTEXT ( 3 ) GLOBAL_UNCERTAINTY_ASSIGNED_CONTEXT ( ( #3692 ) ) GLOBAL_UNIT_ASSIGNED_CONTEXT ( ( #2879, #487, #757 ) ) REPRESENTATION_CONTEXT ( 'NONE', 'WORKASPACE' ) );
#2039 = LINE ( 'NONE', #2060, #2419 ) ;
#2040 = PRESENTATION_LAYER_ASSIGNMENT (  '', '', ( #917 ) ) ;
#2041 = UNCERTAINTY_MEASURE_WITH_UNIT (LENGTH_MEASURE( 1.000000000000000082E-05 ), #1591, 'distance_accuracy_value', 'NONE');
#2042 = ORIENTED_EDGE ( 'NONE', *, *, #1824, .F. ) ;
#2043 = SURFACE_STYLE_FILL_AREA ( #848 ) ;
#2044 = DIRECTION ( 'NONE',  ( 0.000000000000000000, -0.000000000000000000, -1.000000000000000000 ) ) ;
#2045 = ORIENTED_EDGE ( 'NONE', *, *, #1759, .T. ) ;
#2046 =( LENGTH_UNIT ( ) NAMED_UNIT ( * ) SI_UNIT ( .MILLI., .METRE. ) );
#2047 = VERTEX_POINT ( 'NONE', #508 ) ;
#2048 = EDGE_CURVE ( 'NONE', #712, #2657, #2899, .T. ) ;
#2049 = FILL_AREA_STYLE ('',( #584 ) ) ;
#2050 = DIRECTION ( 'NONE',  ( -0.000000000000000000, -0.000000000000000000, -1.000000000000000000 ) ) ;
#2051 = CARTESIAN_POINT ( 'NONE',  ( -17.10000000000007603, 48.00000000000000000, -5.932754287840704718E-15 ) ) ;
#2052 = VECTOR ( 'NONE', #1800, 1000.000000000000000 ) ;
#2053 = STYLED_ITEM ( 'NONE', ( #1755 ), #2036 ) ;
#2054 = FILL_AREA_STYLE_COLOUR ( '', #3040 ) ;
#2055 = EDGE_LOOP ( 'NONE', ( #2323, #1144, #2298, #162 ) ) ;
#2056 = CYLINDRICAL_SURFACE ( 'NONE', #3285, 1.499999999999996225 ) ;
#2057 = PRESENTATION_STYLE_ASSIGNMENT (( #2693 ) ) ;
#2058 = STYLED_ITEM ( 'NONE', ( #2109 ), #2373 ) ;
#2059 =( GEOMETRIC_REPRESENTATION_CONTEXT ( 3 ) GLOBAL_UNCERTAINTY_ASSIGNED_CONTEXT ( ( #1722 ) ) GLOBAL_UNIT_ASSIGNED_CONTEXT ( ( #3120, #2533, #2834 ) ) REPRESENTATION_CONTEXT ( 'NONE', 'WORKASPACE' ) );
#2060 = CARTESIAN_POINT ( 'NONE',  ( -42.49999999999999289, 8.768728515410835200, 11.11462432702595038 ) ) ;
#2061 = MECHANICAL_DESIGN_GEOMETRIC_PRESENTATION_REPRESENTATION (  '', ( #1873 ), #2855 ) ;
#2062 = PLANE ( 'NONE',  #200 ) ;
#2063 = VERTEX_POINT ( 'NONE', #1417 ) ;
#2064 = AXIS2_PLACEMENT_3D ( 'NONE', #2559, #3713, #3730 ) ;
#2065 = FACE_OUTER_BOUND ( 'NONE', #3191, .T. ) ;
#2066 =( NAMED_UNIT ( * ) PLANE_ANGLE_UNIT ( ) SI_UNIT ( $, .RADIAN. ) );
#2067 = ORIENTED_EDGE ( 'NONE', *, *, #3416, .T. ) ;
#2068 = AXIS2_PLACEMENT_3D ( 'NONE', #873, #277, #3216 ) ;
#2069 = UNCERTAINTY_MEASURE_WITH_UNIT (LENGTH_MEASURE( 1.000000000000000082E-05 ), #2958, 'distance_accuracy_value', 'NONE');
#2070 = ORIENTED_EDGE ( 'NONE', *, *, #3326, .T. ) ;
#2071 = CARTESIAN_POINT ( 'NONE',  ( -40.49999999999999289, 1.373899999999997679, -4.154999999999993143 ) ) ;
#2072 = SURFACE_STYLE_FILL_AREA ( #1194 ) ;
#2073 = FACE_BOUND ( 'NONE', #3645, .T. ) ;
#2074 = CARTESIAN_POINT ( 'NONE',  ( 0.9999999999998170352, 48.00000000000000000, 1.078520768856852078E-29 ) ) ;
#2075 = AXIS2_PLACEMENT_3D ( 'NONE', #2717, #1847, #1549 ) ;
#2076 = ADVANCED_FACE ( 'NONE', ( #2322 ), #396, .F. ) ;
#2077 = VECTOR ( 'NONE', #2806, 1000.000000000000000 ) ;
#2078 =( LENGTH_UNIT ( ) NAMED_UNIT ( * ) SI_UNIT ( .MILLI., .METRE. ) );
#2079 = VERTEX_POINT ( 'NONE', #54 ) ;
#2080 = LINE ( 'NONE', #1817, #3049 ) ;
#2081 =( NAMED_UNIT ( * ) PLANE_ANGLE_UNIT ( ) SI_UNIT ( $, .RADIAN. ) );
#2082 = LINE ( 'NONE', #3249, #2052 ) ;
#2083 = PRESENTATION_STYLE_ASSIGNMENT (( #2009 ) ) ;
#2084 = CARTESIAN_POINT ( 'NONE',  ( -20.89999999999999858, 33.00000000000000000, -15.90000000000000036 ) ) ;
#2085 = EDGE_LOOP ( 'NONE', ( #2451, #3597 ) ) ;
#2086 = CARTESIAN_POINT ( 'NONE',  ( 42.49999999999999289, 7.399999999999990585, 6.599999999999997868 ) ) ;
#2087 = EDGE_CURVE ( 'NONE', #3337, #2188, #3153, .T. ) ;
#2088 = SURFACE_SIDE_STYLE ('',( #2370 ) ) ;
#2089 = EDGE_LOOP ( 'NONE', ( #3462, #2194, #1147, #1927 ) ) ;
#2090 = CARTESIAN_POINT ( 'NONE',  ( -40.49999999999999289, 8.768728515410835200, -14.00137567297412922 ) ) ;
#2091 = PRESENTATION_STYLE_ASSIGNMENT (( #2720 ) ) ;
#2092 = CARTESIAN_POINT ( 'NONE',  ( -42.50000000000000000, 34.60000000000000142, -17.50000000000000000 ) ) ;
#2093 =( LENGTH_UNIT ( ) NAMED_UNIT ( * ) SI_UNIT ( .MILLI., .METRE. ) );
#2094 = SURFACE_SIDE_STYLE ('',( #901 ) ) ;
#2095 = DIRECTION ( 'NONE',  ( -1.000000000000000000, -1.982541115402065110E-16, 0.000000000000000000 ) ) ;
#2096 = UNCERTAINTY_MEASURE_WITH_UNIT (LENGTH_MEASURE( 1.000000000000000082E-05 ), #1731, 'distance_accuracy_value', 'NONE');
#2097 = ORIENTED_EDGE ( 'NONE', *, *, #1905, .F. ) ;
#2098 = PRESENTATION_STYLE_ASSIGNMENT (( #840 ) ) ;
#2099 = EDGE_CURVE ( 'NONE', #3441, #1441, #90, .T. ) ;
#2100 = DIRECTION ( 'NONE',  ( 0.000000000000000000, -0.8660254037844384856, -0.5000000000000001110 ) ) ;
#2101 = AXIS2_PLACEMENT_3D ( 'NONE', #1287, #1562, #1859 ) ;
#2102 = CARTESIAN_POINT ( 'NONE',  ( -14.50000000000023448, 47.59999999999999432, -5.000000000000000000 ) ) ;
#2103 = SURFACE_STYLE_USAGE ( .BOTH. , #3559 ) ;
#2104 = SURFACE_STYLE_USAGE ( .BOTH. , #1162 ) ;
#2105 = ORIENTED_EDGE ( 'NONE', *, *, #1274, .T. ) ;
#2106 = AXIS2_PLACEMENT_3D ( 'NONE', #2488, #1664, #720 ) ;
#2107 = ORIENTED_EDGE ( 'NONE', *, *, #377, .T. ) ;
#2108 = AXIS2_PLACEMENT_3D ( 'NONE', #1720, #1466, #2904 ) ;
#2109 = PRESENTATION_STYLE_ASSIGNMENT (( #1870 ) ) ;
#2110 = ORIENTED_EDGE ( 'NONE', *, *, #1728, .F. ) ;
#2111 =( NAMED_UNIT ( * ) PLANE_ANGLE_UNIT ( ) SI_UNIT ( $, .RADIAN. ) );
#2112 =( GEOMETRIC_REPRESENTATION_CONTEXT ( 3 ) GLOBAL_UNCERTAINTY_ASSIGNED_CONTEXT ( ( #1445 ) ) GLOBAL_UNIT_ASSIGNED_CONTEXT ( ( #309, #225, #3223 ) ) REPRESENTATION_CONTEXT ( 'NONE', 'WORKASPACE' ) );
#2113 = SURFACE_STYLE_USAGE ( .BOTH. , #2992 ) ;
#2114 = LINE ( 'NONE', #1247, #3176 ) ;
#2115 = DIRECTION ( 'NONE',  ( -1.692687528183392866E-16, 1.000000000000000000, -0.000000000000000000 ) ) ;
#2116 = ORIENTED_EDGE ( 'NONE', *, *, #2662, .F. ) ;
#2117 = LINE ( 'NONE', #3281, #2306 ) ;
#2118 = VECTOR ( 'NONE', #2122, 1000.000000000000000 ) ;
#2119 = CARTESIAN_POINT ( 'NONE',  ( 37.50000000000148503, 32.59999999999999432, -11.00000000000002309 ) ) ;
#2120 = COLOUR_RGB ( '',1.000000000000000000, 1.000000000000000000, 1.000000000000000000 ) ;
#2121 = ADVANCED_FACE ( 'NONE', ( #938, #973, #2707, #3301, #378 ), #1270, .F. ) ;
#2122 = DIRECTION ( 'NONE',  ( -0.000000000000000000, -0.000000000000000000, -1.000000000000000000 ) ) ;
#2123 = FILL_AREA_STYLE ('',( #295 ) ) ;
#2124 = FILL_AREA_STYLE ('',( #14 ) ) ;
#2125 = FILL_AREA_STYLE ('',( #297 ) ) ;
#2126 = ORIENTED_EDGE ( 'NONE', *, *, #791, .T. ) ;
#2127 = EDGE_CURVE ( 'NONE', #3397, #3238, #2478, .T. ) ;
#2128 = PRESENTATION_LAYER_ASSIGNMENT (  '', '', ( #1612 ) ) ;
#2129 = PRESENTATION_LAYER_ASSIGNMENT (  '', '', ( #3160 ) ) ;
#2130 = DIRECTION ( 'NONE',  ( -1.660022465049576262E-16, 1.000000000000000000, -0.000000000000000000 ) ) ;
#2131 = EDGE_LOOP ( 'NONE', ( #1385, #48 ) ) ;
#2132 = COLOUR_RGB ( '',1.000000000000000000, 1.000000000000000000, 1.000000000000000000 ) ;
#2133 = DIRECTION ( 'NONE',  ( 1.000000000000000000, 1.982541115402065110E-16, 0.000000000000000000 ) ) ;
#2134 = DIRECTION ( 'NONE',  ( 0.000000000000000000, -1.000000000000000000, 0.000000000000000000 ) ) ;
#2135 = LINE ( 'NONE', #3296, #805 ) ;
#2136 = ORIENTED_EDGE ( 'NONE', *, *, #2647, .T. ) ;
#2137 = FILL_AREA_STYLE ('',( #3586 ) ) ;
#2138 = VERTEX_POINT ( 'NONE', #1519 ) ;
#2139 = PRESENTATION_STYLE_ASSIGNMENT (( #1232 ) ) ;
#2140 = AXIS2_PLACEMENT_3D ( 'NONE', #193, #516, #1187 ) ;
#2141 = LINE ( 'NONE', #638, #2402 ) ;
#2142 = EDGE_CURVE ( 'NONE', #1313, #476, #733, .T. ) ;
#2143 = VECTOR ( 'NONE', #1268, 1000.000000000000114 ) ;
#2144 = FILL_AREA_STYLE ('',( #2163 ) ) ;
#2145 = CARTESIAN_POINT ( 'NONE',  ( 40.90000000000000568, 33.00000000000000711, -15.89999999999999680 ) ) ;
#2146 = CARTESIAN_POINT ( 'NONE',  ( -40.49999999999999289, 6.169129092832155159, 8.668861643578832599 ) ) ;
#2147 = DIRECTION ( 'NONE',  ( -9.912705577010331712E-17, 0.5000000000000003331, 0.8660254037844385966 ) ) ;
#2148 = VERTEX_POINT ( 'NONE', #1857 ) ;
#2149 = COLOUR_RGB ( '',0.7921568627450980005, 0.8196078431372548767, 0.9333333333333333481 ) ;
#2150 = LINE ( 'NONE', #1867, #2013 ) ;
#2151 = ORIENTED_EDGE ( 'NONE', *, *, #275, .F. ) ;
#2152 = FACE_OUTER_BOUND ( 'NONE', #3369, .T. ) ;
#2153 = PLANE ( 'NONE',  #3564 ) ;
#2154 = DIRECTION ( 'NONE',  ( -1.000000000000000000, -1.982541115402065110E-16, -0.000000000000000000 ) ) ;
#2155 = CARTESIAN_POINT ( 'NONE',  ( -11.90000000000007141, 29.50000000000000355, -10.00000000000000000 ) ) ;
#2156 = DIRECTION ( 'NONE',  ( 0.000000000000000000, 0.000000000000000000, -1.000000000000000000 ) ) ;
#2157 = DIRECTION ( 'NONE',  ( 0.000000000000000000, 0.8660254037844383745, -0.5000000000000003331 ) ) ;
#2158 = ORIENTED_EDGE ( 'NONE', *, *, #3224, .T. ) ;
#2159 = DIRECTION ( 'NONE',  ( 0.000000000000000000, 1.000000000000000000, 0.000000000000000000 ) ) ;
#2160 = VERTEX_POINT ( 'NONE', #2876 ) ;
#2161 = FILL_AREA_STYLE ('',( #2784 ) ) ;
#2162 = VECTOR ( 'NONE', #1332, 1000.000000000000000 ) ;
#2163 = FILL_AREA_STYLE_COLOUR ( '', #145 ) ;
#2164 = CARTESIAN_POINT ( 'NONE',  ( 22.50000000000000000, 49.60000000000000142, 17.50000000000000000 ) ) ;
#2165 = DIRECTION ( 'NONE',  ( -2.262601074752080009E-32, -1.141263127999853784E-16, 1.000000000000000000 ) ) ;
#2166 = ORIENTED_EDGE ( 'NONE', *, *, #2455, .F. ) ;
#2167 = EDGE_CURVE ( 'NONE', #1901, #3410, #1936, .T. ) ;
#2168 = FILL_AREA_STYLE ('',( #985 ) ) ;
#2169 = AXIS2_PLACEMENT_3D ( 'NONE', #1443, #1462, #3510 ) ;
#2170 = EDGE_LOOP ( 'NONE', ( #2848, #213, #2332, #2116 ) ) ;
#2171 = MECHANICAL_DESIGN_GEOMETRIC_PRESENTATION_REPRESENTATION (  '', ( #1850 ), #2038 ) ;
#2172 = PLANE ( 'NONE',  #154 ) ;
#2173 = ORIENTED_EDGE ( 'NONE', *, *, #1345, .T. ) ;
#2174 = LINE ( 'NONE', #1872, #745 ) ;
#2175 = CARTESIAN_POINT ( 'NONE',  ( -42.49999999999999289, 6.268728515410834312, 9.671248654051884941 ) ) ;
#2176 = EDGE_LOOP ( 'NONE', ( #3253, #2278, #1816, #3288, #3221, #3478, #1828, #3004 ) ) ;
#2177 = STYLED_ITEM ( 'NONE', ( #1790 ), #1018 ) ;
#2178 = DIRECTION ( 'NONE',  ( -1.000000000000000000, 0.000000000000000000, 0.000000000000000000 ) ) ;
#2179 = ORIENTED_EDGE ( 'NONE', *, *, #1206, .F. ) ;
#2180 = FILL_AREA_STYLE ('',( #2709 ) ) ;
#2181 = DIRECTION ( 'NONE',  ( 0.000000000000000000, 0.000000000000000000, 1.000000000000000000 ) ) ;
#2182 = CIRCLE ( 'NONE', #984, 1.499999999999997780 ) ;
#2183 = CARTESIAN_POINT ( 'NONE',  ( 42.49999999999999289, 0.000000000000000000, 17.50000000000000000 ) ) ;
#2184 = DIRECTION ( 'NONE',  ( 0.000000000000000000, 1.000000000000000000, -0.000000000000000000 ) ) ;
#2185 =( NAMED_UNIT ( * ) PLANE_ANGLE_UNIT ( ) SI_UNIT ( $, .RADIAN. ) );
#2186 = CARTESIAN_POINT ( 'NONE',  ( 40.49999999999999289, 16.19999999999999929, -6.299999999999998934 ) ) ;
#2187 = DIRECTION ( 'NONE',  ( 0.000000000000000000, 1.000000000000000000, 0.000000000000000000 ) ) ;
#2188 = VERTEX_POINT ( 'NONE', #1916 ) ;
#2189 = EDGE_CURVE ( 'NONE', #3397, #2371, #466, .T. ) ;
#2190 = VECTOR ( 'NONE', #1944, 1000.000000000000000 ) ;
#2191 = CARTESIAN_POINT ( 'NONE',  ( -40.49999999999999289, 3.768728515410834756, -14.00137567297412922 ) ) ;
#2192 = VECTOR ( 'NONE', #2794, 1000.000000000000000 ) ;
#2193 = SURFACE_STYLE_USAGE ( .BOTH. , #695 ) ;
#2194 = ORIENTED_EDGE ( 'NONE', *, *, #597, .T. ) ;
#2195 = ORIENTED_EDGE ( 'NONE', *, *, #2410, .F. ) ;
#2196 = FILL_AREA_STYLE ('',( #2954 ) ) ;
#2197 = SURFACE_STYLE_FILL_AREA ( #2161 ) ;
#2198 = CIRCLE ( 'NONE', #3764, 1.000000000000000888 ) ;
#2199 = EDGE_CURVE ( 'NONE', #2188, #248, #2226, .T. ) ;
#2200 = COLOUR_RGB ( '',1.000000000000000000, 1.000000000000000000, 1.000000000000000000 ) ;
#2201 = DIRECTION ( 'NONE',  ( 0.000000000000000000, 0.8660254037844384856, 0.5000000000000002220 ) ) ;
#2202 = PRESENTATION_LAYER_ASSIGNMENT (  '', '', ( #234 ) ) ;
#2203 = CIRCLE ( 'NONE', #1889, 3.481100000000010297 ) ;
#2204 = ORIENTED_EDGE ( 'NONE', *, *, #1931, .F. ) ;
#2205 = PRESENTATION_STYLE_ASSIGNMENT (( #1009 ) ) ;
#2206 = EDGE_CURVE ( 'NONE', #430, #2318, #1354, .T. ) ;
#2207 = SURFACE_STYLE_USAGE ( .BOTH. , #2513 ) ;
#2208 = LINE ( 'NONE', #3365, #1943 ) ;
#2209 = ORIENTED_EDGE ( 'NONE', *, *, #399, .T. ) ;
#2210 = ORIENTED_EDGE ( 'NONE', *, *, #23, .F. ) ;
#2211 = SURFACE_SIDE_STYLE ('',( #356 ) ) ;
#2212 =( NAMED_UNIT ( * ) SI_UNIT ( $, .STERADIAN. ) SOLID_ANGLE_UNIT ( ) );
#2213 = SURFACE_STYLE_USAGE ( .BOTH. , #2484 ) ;
#2214 = DIRECTION ( 'NONE',  ( -9.912705577010321852E-17, 0.4999999999999997780, 0.8660254037844388186 ) ) ;
#2215 = VECTOR ( 'NONE', #3649, 999.9999999999998863 ) ;
#2216 = ADVANCED_FACE ( 'NONE', ( #2553 ), #1337, .F. ) ;
#2217 = PRESENTATION_STYLE_ASSIGNMENT (( #1982 ) ) ;
#2218 = ORIENTED_EDGE ( 'NONE', *, *, #2635, .T. ) ;
#2219 =( GEOMETRIC_REPRESENTATION_CONTEXT ( 3 ) GLOBAL_UNCERTAINTY_ASSIGNED_CONTEXT ( ( #1978 ) ) GLOBAL_UNIT_ASSIGNED_CONTEXT ( ( #1055, #147, #435 ) ) REPRESENTATION_CONTEXT ( 'NONE', 'WORKASPACE' ) );
#2220 = DIRECTION ( 'NONE',  ( -1.000000000000000000, 0.000000000000000000, 0.000000000000000000 ) ) ;
#2221 = FACE_OUTER_BOUND ( 'NONE', #955, .T. ) ;
#2222 = UNCERTAINTY_MEASURE_WITH_UNIT (LENGTH_MEASURE( 1.000000000000000082E-05 ), #3828, 'distance_accuracy_value', 'NONE');
#2223 = DIRECTION ( 'NONE',  ( 1.000000000000000000, 0.000000000000000000, 0.000000000000000000 ) ) ;
#2224 = ORIENTED_EDGE ( 'NONE', *, *, #3595, .F. ) ;
#2225 = AXIS2_PLACEMENT_3D ( 'NONE', #2803, #3093, #144 ) ;
#2226 = LINE ( 'NONE', #3142, #2237 ) ;
#2227 = ORIENTED_EDGE ( 'NONE', *, *, #2999, .F. ) ;
#2228 = CARTESIAN_POINT ( 'NONE',  ( -40.90000000000000568, 14.55168633537634548, -14.45341658109534144 ) ) ;
#2229 = CARTESIAN_POINT ( 'NONE',  ( -14.50000000000007816, 49.60000000000000142, 10.00000000000000000 ) ) ;
#2230 = AXIS2_PLACEMENT_3D ( 'NONE', #2645, #900, #1108 ) ;
#2231 = COLOUR_RGB ( '',1.000000000000000000, 1.000000000000000000, 1.000000000000000000 ) ;
#2232 = FACE_OUTER_BOUND ( 'NONE', #464, .T. ) ;
#2233 = VECTOR ( 'NONE', #3728, 1000.000000000000000 ) ;
#2234 = DIRECTION ( 'NONE',  ( -1.692687528183392866E-16, 1.000000000000000000, -0.000000000000000000 ) ) ;
#2235 = VECTOR ( 'NONE', #3062, 1000.000000000000000 ) ;
#2236 = ORIENTED_EDGE ( 'NONE', *, *, #1451, .T. ) ;
#2237 = VECTOR ( 'NONE', #729, 1000.000000000000000 ) ;
#2238 = CYLINDRICAL_SURFACE ( 'NONE', #3644, 1.000000000000000888 ) ;
#2239 = PLANE ( 'NONE',  #1748 ) ;
#2240 = CARTESIAN_POINT ( 'NONE',  ( -42.50000000000000000, 27.19999999999999929, -8.200000000000013500 ) ) ;
#2241 = VERTEX_POINT ( 'NONE', #3685 ) ;
#2242 =( GEOMETRIC_REPRESENTATION_CONTEXT ( 3 ) GLOBAL_UNCERTAINTY_ASSIGNED_CONTEXT ( ( #2330 ) ) GLOBAL_UNIT_ASSIGNED_CONTEXT ( ( #2350, #3461, #259 ) ) REPRESENTATION_CONTEXT ( 'NONE', 'WORKASPACE' ) );
#2243 = PRESENTATION_LAYER_ASSIGNMENT (  '', '', ( #2916 ) ) ;
#2244 = DIRECTION ( 'NONE',  ( 0.000000000000000000, 1.000000000000000000, 0.000000000000000000 ) ) ;
#2245 = ORIENTED_EDGE ( 'NONE', *, *, #377, .F. ) ;
#2246 = CARTESIAN_POINT ( 'NONE',  ( 40.89999999999999858, 0.000000000000000000, 17.50000000000000000 ) ) ;
#2247 = CARTESIAN_POINT ( 'NONE',  ( -14.50000000000028777, 47.59999999999999432, -11.00000000000000355 ) ) ;
#2248 =( GEOMETRIC_REPRESENTATION_CONTEXT ( 3 ) GLOBAL_UNCERTAINTY_ASSIGNED_CONTEXT ( ( #1629 ) ) GLOBAL_UNIT_ASSIGNED_CONTEXT ( ( #2843, #2594, #3167 ) ) REPRESENTATION_CONTEXT ( 'NONE', 'WORKASPACE' ) );
#2249 =( LENGTH_UNIT ( ) NAMED_UNIT ( * ) SI_UNIT ( .MILLI., .METRE. ) );
#2250 = DIRECTION ( 'NONE',  ( -1.000000000000000000, -1.982541115402065110E-16, -0.000000000000000000 ) ) ;
#2251 = STYLED_ITEM ( 'NONE', ( #3387 ), #2961 ) ;
#2252 = EDGE_CURVE ( 'NONE', #2815, #2926, #2974, .T. ) ;
#2253 = UNCERTAINTY_MEASURE_WITH_UNIT (LENGTH_MEASURE( 1.000000000000000082E-05 ), #68, 'distance_accuracy_value', 'NONE');
#2254 = AXIS2_PLACEMENT_3D ( 'NONE', #2986, #2187, #667 ) ;
#2255 = VERTEX_POINT ( 'NONE', #3408 ) ;
#2256 = VECTOR ( 'NONE', #488, 1000.000000000000000 ) ;
#2257 =( LENGTH_UNIT ( ) NAMED_UNIT ( * ) SI_UNIT ( .MILLI., .METRE. ) );
#2258 = DIRECTION ( 'NONE',  ( -1.000000000000000000, -1.982541115402065110E-16, 0.000000000000000000 ) ) ;
#2259 = CARTESIAN_POINT ( 'NONE',  ( -40.90000000000000568, 3.768728515410834312, 11.11462432702595038 ) ) ;
#2260 = FILL_AREA_STYLE ('',( #159 ) ) ;
#2262 = EDGE_LOOP ( 'NONE', ( #560, #2136 ) ) ;
#2261 =( GEOMETRIC_REPRESENTATION_CONTEXT ( 3 ) GLOBAL_UNCERTAINTY_ASSIGNED_CONTEXT ( ( #3277 ) ) GLOBAL_UNIT_ASSIGNED_CONTEXT ( ( #71, #2814, #3664 ) ) REPRESENTATION_CONTEXT ( 'NONE', 'WORKASPACE' ) );
#2263 = CARTESIAN_POINT ( 'NONE',  ( -42.49999999999999289, 6.268728515410835200, -15.44475134594819288 ) ) ;
#2264 = UNCERTAINTY_MEASURE_WITH_UNIT (LENGTH_MEASURE( 1.000000000000000082E-05 ), #1146, 'distance_accuracy_value', 'NONE');
#2265 = EDGE_LOOP ( 'NONE', ( #846, #3587, #2650, #2960 ) ) ;
#2266 = EDGE_CURVE ( 'NONE', #1814, #1295, #753, .T. ) ;
#2267 = CARTESIAN_POINT ( 'NONE',  ( 0.9999999999998170352, 47.59999999999999432, 1.499999999999999556 ) ) ;
#2268 = SURFACE_STYLE_USAGE ( .BOTH. , #2863 ) ;
#2269 = SURFACE_SIDE_STYLE ('',( #2560 ) ) ;
#2270 = FILL_AREA_STYLE ('',( #1312 ) ) ;
#2271 = ORIENTED_EDGE ( 'NONE', *, *, #100, .F. ) ;
#2272 = MECHANICAL_DESIGN_GEOMETRIC_PRESENTATION_REPRESENTATION (  '', ( #3495 ), #447 ) ;
#2273 = DIRECTION ( 'NONE',  ( -1.000000000000000000, 1.982541115402065356E-16, 0.000000000000000000 ) ) ;
#2274 =( NAMED_UNIT ( * ) PLANE_ANGLE_UNIT ( ) SI_UNIT ( $, .RADIAN. ) );
#2275 = LINE ( 'NONE', #1081, #2551 ) ;
#2276 = VECTOR ( 'NONE', #2874, 1000.000000000000000 ) ;
#2277 = APPLICATION_PROTOCOL_DEFINITION ( 'draft international standard', 'automotive_design', 1998, #1849 ) ;
#2278 = ORIENTED_EDGE ( 'NONE', *, *, #243, .T. ) ;
#2279 = ADVANCED_FACE ( 'NONE', ( #2499 ), #3089, .F. ) ;
#2280 = ORIENTED_EDGE ( 'NONE', *, *, #2577, .T. ) ;
#2281 = FACE_OUTER_BOUND ( 'NONE', #1839, .T. ) ;
#2282 = LINE ( 'NONE', #2247, #660 ) ;
#2283 = DIRECTION ( 'NONE',  ( 0.000000000000000000, 5.218783020387507330E-17, 1.000000000000000000 ) ) ;
#2284 = SURFACE_STYLE_USAGE ( .BOTH. , #1999 ) ;
#2285 = DIRECTION ( 'NONE',  ( -0.000000000000000000, 1.000000000000000000, -0.000000000000000000 ) ) ;
#2286 = MECHANICAL_DESIGN_GEOMETRIC_PRESENTATION_REPRESENTATION (  '', ( #524 ), #2661 ) ;
#2287 = MECHANICAL_DESIGN_GEOMETRIC_PRESENTATION_REPRESENTATION (  '', ( #3686 ), #1234 ) ;
#2288 = DIRECTION ( 'NONE',  ( 0.000000000000000000, 0.000000000000000000, 1.000000000000000000 ) ) ;
#2289 = EDGE_LOOP ( 'NONE', ( #2875, #557, #3035, #2685, #2877, #1587, #1223, #1433 ) ) ;
#2290 = CIRCLE ( 'NONE', #1180, 1.000000000000001776 ) ;
#2291 = SURFACE_SIDE_STYLE ('',( #891 ) ) ;
#2292 = CARTESIAN_POINT ( 'NONE',  ( 42.49999999999999289, 0.000000000000000000, -6.600000000000002309 ) ) ;
#2293 = CARTESIAN_POINT ( 'NONE',  ( 0.9999999999998170352, 34.00000000000000000, 1.499999999999999556 ) ) ;
#2294 = EDGE_CURVE ( 'NONE', #1015, #3268, #1130, .T. ) ;
#2295 = ORIENTED_EDGE ( 'NONE', *, *, #1680, .F. ) ;
#2296 = MECHANICAL_DESIGN_GEOMETRIC_PRESENTATION_REPRESENTATION (  '', ( #3639 ), #1799 ) ;
#2297 = DIRECTION ( 'NONE',  ( -0.000000000000000000, -0.000000000000000000, 1.000000000000000000 ) ) ;
#2298 = ORIENTED_EDGE ( 'NONE', *, *, #150, .F. ) ;
#2299 = DIRECTION ( 'NONE',  ( 0.000000000000000000, 0.000000000000000000, -1.000000000000000000 ) ) ;
#2300 = CARTESIAN_POINT ( 'NONE',  ( -40.49999999999999289, 3.768728515410834756, 14.00137567297407593 ) ) ;
#2301 = CARTESIAN_POINT ( 'NONE',  ( 0.9999999999998170352, 48.00000000000000000, 1.078520768856852078E-29 ) ) ;
#2302 = VECTOR ( 'NONE', #3000, 1000.000000000000114 ) ;
#2303 = DIRECTION ( 'NONE',  ( 0.000000000000000000, 0.000000000000000000, 1.000000000000000000 ) ) ;
#2304 = EDGE_LOOP ( 'NONE', ( #670, #3315, #714, #457 ) ) ;
#2305 = CARTESIAN_POINT ( 'NONE',  ( -20.89999999999999858, 48.00000000000000000, 17.50000000000000000 ) ) ;
#2306 = VECTOR ( 'NONE', #2338, 1000.000000000000000 ) ;
#2307 = VECTOR ( 'NONE', #504, 1000.000000000000000 ) ;
#2308 = FILL_AREA_STYLE_COLOUR ( '', #3394 ) ;
#2309 =( LENGTH_UNIT ( ) NAMED_UNIT ( * ) SI_UNIT ( .MILLI., .METRE. ) );
#2310 = ORIENTED_EDGE ( 'NONE', *, *, #3562, .F. ) ;
#2311 = VECTOR ( 'NONE', #1172, 1000.000000000000000 ) ;
#2312 = LINE ( 'NONE', #2010, #3012 ) ;
#2313 = SURFACE_STYLE_USAGE ( .BOTH. , #3457 ) ;
#2314 = ORIENTED_EDGE ( 'NONE', *, *, #3278, .F. ) ;
#2315 = STYLED_ITEM ( 'NONE', ( #1145 ), #3389 ) ;
#2316 = EDGE_CURVE ( 'NONE', #1526, #814, #1787, .T. ) ;
#2317 = SURFACE_STYLE_FILL_AREA ( #2967 ) ;
#2318 = VERTEX_POINT ( 'NONE', #242 ) ;
#2319 = AXIS2_PLACEMENT_3D ( 'NONE', #2074, #3314, #566 ) ;
#2320 = DIRECTION ( 'NONE',  ( -1.000000000000000000, -1.982541115402065110E-16, 0.000000000000000000 ) ) ;
#2321 = CARTESIAN_POINT ( 'NONE',  ( -14.50000000000018296, 47.59999999999999432, 0.000000000000000000 ) ) ;
#2322 = FACE_OUTER_BOUND ( 'NONE', #1654, .T. ) ;
#2323 = ORIENTED_EDGE ( 'NONE', *, *, #1111, .F. ) ;
#2324 = SURFACE_STYLE_USAGE ( .BOTH. , #2977 ) ;
#2325 = DIRECTION ( 'NONE',  ( 0.000000000000000000, 1.000000000000000000, 0.000000000000000000 ) ) ;
#2326 = ORIENTED_EDGE ( 'NONE', *, *, #3451, .T. ) ;
#2327 = ADVANCED_FACE ( 'NONE', ( #1411 ), #1148, .F. ) ;
#2328 = CARTESIAN_POINT ( 'NONE',  ( -14.50000000000023448, 29.50000000000000355, -6.000000000000001776 ) ) ;
#2329 = ORIENTED_EDGE ( 'NONE', *, *, #3494, .F. ) ;
#2330 = UNCERTAINTY_MEASURE_WITH_UNIT (LENGTH_MEASURE( 1.000000000000000082E-05 ), #2350, 'distance_accuracy_value', 'NONE');
#2332 = ORIENTED_EDGE ( 'NONE', *, *, #251, .F. ) ;
#2331 = CIRCLE ( 'NONE', #1217, 1.500000000000759393 ) ;
#2333 =( LENGTH_UNIT ( ) NAMED_UNIT ( * ) SI_UNIT ( .MILLI., .METRE. ) );
#2334 = CARTESIAN_POINT ( 'NONE',  ( -14.50000000000018296, 47.59999999999999432, -1.000000000000001554 ) ) ;
#2335 = VECTOR ( 'NONE', #2359, 1000.000000000000000 ) ;
#2336 = DIRECTION ( 'NONE',  ( 0.000000000000000000, -0.8660254037844388186, -0.4999999999999997224 ) ) ;
#2337 = ORIENTED_EDGE ( 'NONE', *, *, #1451, .F. ) ;
#2338 = DIRECTION ( 'NONE',  ( 3.469446951953614189E-16, 5.872689585265769961E-32, -1.000000000000000000 ) ) ;
#2339 = FACE_OUTER_BOUND ( 'NONE', #3006, .T. ) ;
#2340 = PRESENTATION_STYLE_ASSIGNMENT (( #2634 ) ) ;
#2341 = LINE ( 'NONE', #1404, #1786 ) ;
#2342 = VECTOR ( 'NONE', #2886, 1000.000000000000000 ) ;
#2343 = UNCERTAINTY_MEASURE_WITH_UNIT (LENGTH_MEASURE( 1.000000000000000082E-05 ), #3413, 'distance_accuracy_value', 'NONE');
#2344 = ORIENTED_EDGE ( 'NONE', *, *, #1804, .F. ) ;
#2345 = DIRECTION ( 'NONE',  ( 0.000000000000000000, -1.000000000000000000, -1.141263127999853784E-16 ) ) ;
#2346 = PRESENTATION_STYLE_ASSIGNMENT (( #1166 ) ) ;
#2347 = ADVANCED_FACE ( 'NONE', ( #1105 ), #3547, .F. ) ;
#2348 = ORIENTED_EDGE ( 'NONE', *, *, #1168, .T. ) ;
#2349 = AXIS2_PLACEMENT_3D ( 'NONE', #3064, #3147, #1397 ) ;
#2350 =( LENGTH_UNIT ( ) NAMED_UNIT ( * ) SI_UNIT ( .MILLI., .METRE. ) );
#2351 = ORIENTED_EDGE ( 'NONE', *, *, #3026, .T. ) ;
#2352 = CARTESIAN_POINT ( 'NONE',  ( 37.50000000000145661, 34.60000000000000142, 11.00000000000008171 ) ) ;
#2353 = CARTESIAN_POINT ( 'NONE',  ( -20.89999999999999858, 48.00000000000000000, 17.50000000000000000 ) ) ;
#2354 = DIRECTION ( 'NONE',  ( 0.000000000000000000, 0.8660254037844387076, -0.4999999999999997224 ) ) ;
#2355 = FILL_AREA_STYLE_COLOUR ( '', #1013 ) ;
#2356 = AXIS2_PLACEMENT_3D ( 'NONE', #250, #2325, #1140 ) ;
#2357 = ORIENTED_EDGE ( 'NONE', *, *, #3832, .T. ) ;
#2358 = DIRECTION ( 'NONE',  ( 0.000000000000000000, 1.000000000000000000, 0.000000000000000000 ) ) ;
#2359 = DIRECTION ( 'NONE',  ( -0.000000000000000000, 5.218783020387507330E-17, 1.000000000000000000 ) ) ;
#2360 = VECTOR ( 'NONE', #2297, 1000.000000000000000 ) ;
#2361 = AXIS2_PLACEMENT_3D ( 'NONE', #481, #444, #462 ) ;
#2362 = LINE ( 'NONE', #3850, #3094 ) ;
#2363 = EDGE_CURVE ( 'NONE', #1858, #2015, #2733, .T. ) ;
#2364 =( NAMED_UNIT ( * ) PLANE_ANGLE_UNIT ( ) SI_UNIT ( $, .RADIAN. ) );
#2365 = SURFACE_STYLE_USAGE ( .BOTH. , #1508 ) ;
#2366 = VERTEX_POINT ( 'NONE', #3200 ) ;
#2367 = VECTOR ( 'NONE', #1659, 1000.000000000000114 ) ;
#2368 = CARTESIAN_POINT ( 'NONE',  ( 37.50000000000148503, 34.60000000000000142, -11.00000000000002309 ) ) ;
#2369 = AXIS2_PLACEMENT_3D ( 'NONE', #3183, #3802, #563 ) ;
#2370 = SURFACE_STYLE_FILL_AREA ( #2639 ) ;
#2371 = VERTEX_POINT ( 'NONE', #502 ) ;
#2372 = STYLED_ITEM ( 'NONE', ( #1577 ), #3175 ) ;
#2373 = ADVANCED_FACE ( 'NONE', ( #1709 ), #2892, .F. ) ;
#2374 = SURFACE_STYLE_USAGE ( .BOTH. , #855 ) ;
#2375 = EDGE_LOOP ( 'NONE', ( #3022, #53, #3609, #3611 ) ) ;
#2376 = CARTESIAN_POINT ( 'NONE',  ( -2.100000000000179945, 34.00000000000000000, 1.078520768856852078E-29 ) ) ;
#2377 = FILL_AREA_STYLE_COLOUR ( '', #3677 ) ;
#2378 = DIRECTION ( 'NONE',  ( -0.000000000000000000, 0.000000000000000000, 1.000000000000000000 ) ) ;
#2379 = EDGE_CURVE ( 'NONE', #427, #2496, #3309, .T. ) ;
#2380 = STYLED_ITEM ( 'NONE', ( #820 ), #3584 ) ;
#2381 = DIRECTION ( 'NONE',  ( 0.000000000000000000, 0.000000000000000000, 1.000000000000000000 ) ) ;
#2382 = ORIENTED_EDGE ( 'NONE', *, *, #3818, .T. ) ;
#2383 = DIRECTION ( 'NONE',  ( 2.102695122396129176E-16, 1.000000000000000000, 1.141263127999853538E-16 ) ) ;
#2384 = FILL_AREA_STYLE ('',( #3489 ) ) ;
#2385 = SURFACE_STYLE_FILL_AREA ( #1203 ) ;
#2386 = PLANE ( 'NONE',  #1693 ) ;
#2387 = VERTEX_POINT ( 'NONE', #3007 ) ;
#2388 = SURFACE_SIDE_STYLE ('',( #3047 ) ) ;
#2389 = ORIENTED_EDGE ( 'NONE', *, *, #866, .F. ) ;
#2390 = ADVANCED_FACE ( 'NONE', ( #2152 ), #2172, .F. ) ;
#2391 = SURFACE_SIDE_STYLE ('',( #306 ) ) ;
#2392 = PRESENTATION_STYLE_ASSIGNMENT (( #1210 ) ) ;
#2393 = DIRECTION ( 'NONE',  ( 0.000000000000000000, 0.000000000000000000, -1.000000000000000000 ) ) ;
#2394 = UNCERTAINTY_MEASURE_WITH_UNIT (LENGTH_MEASURE( 1.000000000000000082E-05 ), #810, 'distance_accuracy_value', 'NONE');
#2395 = ADVANCED_FACE ( 'NONE', ( #3612 ), #346, .T. ) ;
#2396 = PRESENTATION_LAYER_ASSIGNMENT (  '', '', ( #252 ) ) ;
#2397 = CARTESIAN_POINT ( 'NONE',  ( -40.49999999999999289, 11.17609999999999992, 5.540000000000004476 ) ) ;
#2398 = VERTEX_POINT ( 'NONE', #1078 ) ;
#2399 = CARTESIAN_POINT ( 'NONE',  ( -42.49999999999999289, 7.694999999999996732, 5.540000000000003588 ) ) ;
#2400 = FILL_AREA_STYLE_COLOUR ( '', #1222 ) ;
#2401 = ADVANCED_FACE ( 'NONE', ( #3698 ), #135, .F. ) ;
#2402 = VECTOR ( 'NONE', #76, 1000.000000000000000 ) ;
#2403 = CARTESIAN_POINT ( 'NONE',  ( -11.90000000000007141, 29.50000000000000355, -1.032160468206205940E-15 ) ) ;
#2404 = FACE_OUTER_BOUND ( 'NONE', #1747, .T. ) ;
#2405 = VERTEX_POINT ( 'NONE', #3680 ) ;
#2406 = PRESENTATION_LAYER_ASSIGNMENT (  '', '', ( #191 ) ) ;
#2407 =( GEOMETRIC_REPRESENTATION_CONTEXT ( 3 ) GLOBAL_UNCERTAINTY_ASSIGNED_CONTEXT ( ( #148 ) ) GLOBAL_UNIT_ASSIGNED_CONTEXT ( ( #2093, #3184, #1769 ) ) REPRESENTATION_CONTEXT ( 'NONE', 'WORKASPACE' ) );
#2408 = VERTEX_POINT ( 'NONE', #459 ) ;
#2409 = AXIS2_PLACEMENT_3D ( 'NONE', #3626, #1568, #2982 ) ;
#2410 = EDGE_CURVE ( 'NONE', #654, #2719, #1667, .T. ) ;
#2411 = CYLINDRICAL_SURFACE ( 'NONE', #1007, 3.481099999999993866 ) ;
#2412 =( NAMED_UNIT ( * ) PLANE_ANGLE_UNIT ( ) SI_UNIT ( $, .RADIAN. ) );
#2413 = COLOUR_RGB ( '',1.000000000000000000, 1.000000000000000000, 1.000000000000000000 ) ;
#2414 = LINE ( 'NONE', #3580, #269 ) ;
#2415 = LINE ( 'NONE', #3258, #2143 ) ;
#2416 = EDGE_LOOP ( 'NONE', ( #2723, #134, #3786, #3593 ) ) ;
#2417 = CARTESIAN_POINT ( 'NONE',  ( -40.90000000000000568, 22.92723335610135393, 0.05345639998251619507 ) ) ;
#2418 = ORIENTED_EDGE ( 'NONE', *, *, #1221, .F. ) ;
#2419 = VECTOR ( 'NONE', #2100, 1000.000000000000227 ) ;
#2420 = LINE ( 'NONE', #958, #3622 ) ;
#2421 = AXIS2_PLACEMENT_3D ( 'NONE', #229, #3506, #2336 ) ;
#2422 = CARTESIAN_POINT ( 'NONE',  ( -40.90000000000000568, 6.268728515410837865, -9.671248654051934679 ) ) ;
#2423 = EDGE_CURVE ( 'NONE', #2932, #139, #1316, .T. ) ;
#2424 =( NAMED_UNIT ( * ) PLANE_ANGLE_UNIT ( ) SI_UNIT ( $, .RADIAN. ) );
#2425 =( NAMED_UNIT ( * ) SI_UNIT ( $, .STERADIAN. ) SOLID_ANGLE_UNIT ( ) );
#2426 = MECHANICAL_DESIGN_GEOMETRIC_PRESENTATION_REPRESENTATION (  '', ( #1736 ), #2242 ) ;
#2427 = ORIENTED_EDGE ( 'NONE', *, *, #522, .T. ) ;
#2428 = AXIS2_PLACEMENT_3D ( 'NONE', #3136, #3102, #2273 ) ;
#2429 = CARTESIAN_POINT ( 'NONE',  ( 0.9999999999998193667, 34.00000000000000000, 1.078520768856852078E-29 ) ) ;
#2430 = ORIENTED_EDGE ( 'NONE', *, *, #1168, .F. ) ;
#2431 = MECHANICAL_DESIGN_GEOMETRIC_PRESENTATION_REPRESENTATION (  '', ( #1123 ), #876 ) ;
#2432 = DIRECTION ( 'NONE',  ( 1.000000000000000000, 0.000000000000000000, 0.000000000000000000 ) ) ;
#2433 = ORIENTED_EDGE ( 'NONE', *, *, #46, .T. ) ;
#2434 =( LENGTH_UNIT ( ) NAMED_UNIT ( * ) SI_UNIT ( .MILLI., .METRE. ) );
#2435 = DIRECTION ( 'NONE',  ( -0.000000000000000000, 1.000000000000000000, -0.000000000000000000 ) ) ;
#2436 = LINE ( 'NONE', #1282, #1410 ) ;
#2437 = DIRECTION ( 'NONE',  ( 2.005460665869141288E-16, 1.000000000000000000, 0.000000000000000000 ) ) ;
#2438 = ORIENTED_EDGE ( 'NONE', *, *, #2658, .T. ) ;
#2439 =( GEOMETRIC_REPRESENTATION_CONTEXT ( 3 ) GLOBAL_UNCERTAINTY_ASSIGNED_CONTEXT ( ( #726 ) ) GLOBAL_UNIT_ASSIGNED_CONTEXT ( ( #2935, #222, #1454 ) ) REPRESENTATION_CONTEXT ( 'NONE', 'WORKASPACE' ) );
#2440 = EDGE_CURVE ( 'NONE', #1188, #2047, #1805, .T. ) ;
#2441 =( NAMED_UNIT ( * ) SI_UNIT ( $, .STERADIAN. ) SOLID_ANGLE_UNIT ( ) );
#2442 = VERTEX_POINT ( 'NONE', #2811 ) ;
#2443 = SURFACE_STYLE_USAGE ( .BOTH. , #2211 ) ;
#2444 = MECHANICAL_DESIGN_GEOMETRIC_PRESENTATION_REPRESENTATION (  '', ( #2315 ), #3415 ) ;
#2445 = LINE ( 'NONE', #94, #2648 ) ;
#2446 = VECTOR ( 'NONE', #328, 1000.000000000000000 ) ;
#2447 = LINE ( 'NONE', #3605, #89 ) ;
#2448 = FACE_OUTER_BOUND ( 'NONE', #273, .T. ) ;
#2449 = CARTESIAN_POINT ( 'NONE',  ( 42.49999999999999289, 0.000000000000000000, 17.50000000000000000 ) ) ;
#2450 = DIRECTION ( 'NONE',  ( 0.000000000000000000, -1.000000000000000000, 0.000000000000000000 ) ) ;
#2451 = ORIENTED_EDGE ( 'NONE', *, *, #961, .F. ) ;
#2452 = EDGE_CURVE ( 'NONE', #2817, #3100, #119, .T. ) ;
#2453 = CYLINDRICAL_SURFACE ( 'NONE', #1946, 1.499999999999999556 ) ;
#2454 = VERTEX_POINT ( 'NONE', #156 ) ;
#2455 = EDGE_CURVE ( 'NONE', #2405, #3106, #1371, .T. ) ;
#2456 = CARTESIAN_POINT ( 'NONE',  ( 42.50000000000000000, 27.19999999999999929, 6.300000000000000711 ) ) ;
#2457 = CARTESIAN_POINT ( 'NONE',  ( -20.89999999999999858, 33.00000000000000000, 15.90000000000000036 ) ) ;
#2458 = PRESENTATION_STYLE_ASSIGNMENT (( #3257 ) ) ;
#2459 = CARTESIAN_POINT ( 'NONE',  ( 0.000000000000000000, 0.000000000000000000, 0.000000000000000000 ) ) ;
#2460 = ORIENTED_EDGE ( 'NONE', *, *, #1485, .T. ) ;
#2461 = DIRECTION ( 'NONE',  ( 0.000000000000000000, 0.000000000000000000, 1.000000000000000000 ) ) ;
#2462 = VERTEX_POINT ( 'NONE', #2566 ) ;
#2463 = VECTOR ( 'NONE', #630, 1000.000000000000000 ) ;
#2464 = LINE ( 'NONE', #2765, #2235 ) ;
#2465 = CARTESIAN_POINT ( 'NONE',  ( -40.49999999999999289, 3.768728515410834312, 11.11462432702595038 ) ) ;
#2466 = STYLED_ITEM ( 'NONE', ( #3149 ), #510 ) ;
#2467 = DIRECTION ( 'NONE',  ( 0.000000000000000000, -0.8660254037844384856, -0.5000000000000001110 ) ) ;
#2468 = DIRECTION ( 'NONE',  ( 0.000000000000000000, -0.8660254037844387076, 0.4999999999999997224 ) ) ;
#2469 =( NAMED_UNIT ( * ) SI_UNIT ( $, .STERADIAN. ) SOLID_ANGLE_UNIT ( ) );
#2470 = AXIS2_PLACEMENT_3D ( 'NONE', #2229, #261, #1455 ) ;
#2471 = VERTEX_POINT ( 'NONE', #388 ) ;
#2472 = MECHANICAL_DESIGN_GEOMETRIC_PRESENTATION_REPRESENTATION (  '', ( #719 ), #1288 ) ;
#2473 =( NAMED_UNIT ( * ) PLANE_ANGLE_UNIT ( ) SI_UNIT ( $, .RADIAN. ) );
#2474 = CARTESIAN_POINT ( 'NONE',  ( -40.49999999999999289, 3.768728515410834312, -11.11462432702600012 ) ) ;
#2475 =( NAMED_UNIT ( * ) PLANE_ANGLE_UNIT ( ) SI_UNIT ( $, .RADIAN. ) );
#2476 = ORIENTED_EDGE ( 'NONE', *, *, #1507, .F. ) ;
#2477 = PRESENTATION_LAYER_ASSIGNMENT (  '', '', ( #404 ) ) ;
#2478 = LINE ( 'NONE', #2417, #211 ) ;
#2479 =( GEOMETRIC_REPRESENTATION_CONTEXT ( 3 ) GLOBAL_UNCERTAINTY_ASSIGNED_CONTEXT ( ( #2343 ) ) GLOBAL_UNIT_ASSIGNED_CONTEXT ( ( #3413, #2185, #2840 ) ) REPRESENTATION_CONTEXT ( 'NONE', 'WORKASPACE' ) );
#2480 = ORIENTED_EDGE ( 'NONE', *, *, #2087, .F. ) ;
#2481 = DIRECTION ( 'NONE',  ( 0.000000000000000000, -0.000000000000000000, -1.000000000000000000 ) ) ;
#2482 = DIRECTION ( 'NONE',  ( -0.000000000000000000, -0.000000000000000000, 1.000000000000000000 ) ) ;
#2483 = FACE_BOUND ( 'NONE', #2853, .T. ) ;
#2484 = SURFACE_SIDE_STYLE ('',( #2728 ) ) ;
#2485 = CARTESIAN_POINT ( 'NONE',  ( -42.49999999999999289, 3.768728515410834312, 14.00137567297407593 ) ) ;
#2486 = COLOUR_RGB ( '',1.000000000000000000, 1.000000000000000000, 1.000000000000000000 ) ;
#2487 = PRESENTATION_LAYER_ASSIGNMENT (  '', '', ( #2058 ) ) ;
#2488 = CARTESIAN_POINT ( 'NONE',  ( 40.50000000000000000, 27.19999999999999929, -6.299999999999997158 ) ) ;
#2489 = ORIENTED_EDGE ( 'NONE', *, *, #766, .F. ) ;
#2490 = CARTESIAN_POINT ( 'NONE',  ( -42.49999999999999289, 6.169129092832154271, 8.668861643578832599 ) ) ;
#2491 = LINE ( 'NONE', #408, #2215 ) ;
#2492 =( NAMED_UNIT ( * ) PLANE_ANGLE_UNIT ( ) SI_UNIT ( $, .RADIAN. ) );
#2493 = COLOUR_RGB ( '',1.000000000000000000, 1.000000000000000000, 1.000000000000000000 ) ;
#2494 = CARTESIAN_POINT ( 'NONE',  ( -40.49999999999999289, 4.854999999999997762, 4.155000000000004690 ) ) ;
#2495 = DIRECTION ( 'NONE',  ( 0.000000000000000000, 0.000000000000000000, 1.000000000000000000 ) ) ;
#2496 = VERTEX_POINT ( 'NONE', #2490 ) ;
#2497 = ADVANCED_FACE ( 'NONE', ( #2529 ), #2238, .F. ) ;
#2498 = VECTOR ( 'NONE', #760, 1000.000000000000000 ) ;
#2499 = FACE_OUTER_BOUND ( 'NONE', #1330, .T. ) ;
#2500 = EDGE_LOOP ( 'NONE', ( #351, #3302 ) ) ;
#2501 =( LENGTH_UNIT ( ) NAMED_UNIT ( * ) SI_UNIT ( .MILLI., .METRE. ) );
#2502 = CARTESIAN_POINT ( 'NONE',  ( -28.90999999999853642, 33.00000000000000000, 11.05799999999995187 ) ) ;
#2503 = COLOUR_RGB ( '',1.000000000000000000, 1.000000000000000000, 1.000000000000000000 ) ;
#2504 = EDGE_CURVE ( 'NONE', #1734, #1992, #3284, .T. ) ;
#2505 = PRESENTATION_LAYER_ASSIGNMENT (  '', '', ( #1129 ) ) ;
#2506 = SURFACE_STYLE_USAGE ( .BOTH. , #1565 ) ;
#2507 = FILL_AREA_STYLE ('',( #3076 ) ) ;
#2508 =( LENGTH_UNIT ( ) NAMED_UNIT ( * ) SI_UNIT ( .MILLI., .METRE. ) );
#2509 = COLOUR_RGB ( '',1.000000000000000000, 1.000000000000000000, 1.000000000000000000 ) ;
#2510 = MECHANICAL_DESIGN_GEOMETRIC_PRESENTATION_REPRESENTATION (  '', ( #3357 ), #948 ) ;
#2511 = EDGE_LOOP ( 'NONE', ( #1848, #974, #823, #3480 ) ) ;
#2512 = DIRECTION ( 'NONE',  ( 1.000000000000000000, 0.000000000000000000, 0.000000000000000000 ) ) ;
#2513 = SURFACE_SIDE_STYLE ('',( #424 ) ) ;
#2514 = DIRECTION ( 'NONE',  ( 0.000000000000000000, 1.000000000000000000, 0.000000000000000000 ) ) ;
#2515 = ADVANCED_FACE ( 'NONE', ( #618 ), #1488, .F. ) ;
#2516 =( LENGTH_UNIT ( ) NAMED_UNIT ( * ) SI_UNIT ( .MILLI., .METRE. ) );
#2517 =( NAMED_UNIT ( * ) SI_UNIT ( $, .STERADIAN. ) SOLID_ANGLE_UNIT ( ) );
#2518 = EDGE_LOOP ( 'NONE', ( #3438, #3245, #3308, #1971 ) ) ;
#2519 = CARTESIAN_POINT ( 'NONE',  ( -40.49999999999999289, 3.768728515410834756, 14.00137567297407593 ) ) ;
#2520 = ORIENTED_EDGE ( 'NONE', *, *, #640, .T. ) ;
#2521 = FILL_AREA_STYLE ('',( #1640 ) ) ;
#2522 = CARTESIAN_POINT ( 'NONE',  ( 20.89999999999999858, 48.00000000000000711, 17.50000000000000000 ) ) ;
#2523 = SURFACE_STYLE_USAGE ( .BOTH. , #1328 ) ;
#2524 = EDGE_CURVE ( 'NONE', #1450, #3292, #1236, .T. ) ;
#2525 =( NAMED_UNIT ( * ) SI_UNIT ( $, .STERADIAN. ) SOLID_ANGLE_UNIT ( ) );
#2526 = VECTOR ( 'NONE', #3476, 1000.000000000000000 ) ;
#2527 = EDGE_LOOP ( 'NONE', ( #1891, #3011, #611, #2934 ) ) ;
#2528 = STYLED_ITEM ( 'NONE', ( #2098 ), #534 ) ;
#2529 = FACE_OUTER_BOUND ( 'NONE', #2627, .T. ) ;
#2531 = DIRECTION ( 'NONE',  ( 6.308085367188390241E-16, 1.000000000000000000, 1.577021341797097560E-16 ) ) ;
#2530 = AXIS2_PLACEMENT_3D ( 'NONE', #2710, #976, #2181 ) ;
#2532 = UNCERTAINTY_MEASURE_WITH_UNIT (LENGTH_MEASURE( 1.000000000000000082E-05 ), #2501, 'distance_accuracy_value', 'NONE');
#2533 =( NAMED_UNIT ( * ) PLANE_ANGLE_UNIT ( ) SI_UNIT ( $, .RADIAN. ) );
#2534 = ORIENTED_EDGE ( 'NONE', *, *, #3635, .F. ) ;
#2535 = DIRECTION ( 'NONE',  ( 0.000000000000000000, 0.000000000000000000, -1.000000000000000000 ) ) ;
#2536 = UNCERTAINTY_MEASURE_WITH_UNIT (LENGTH_MEASURE( 1.000000000000000082E-05 ), #1365, 'distance_accuracy_value', 'NONE');
#2537 = ORIENTED_EDGE ( 'NONE', *, *, #1741, .F. ) ;
#2538 =( LENGTH_UNIT ( ) NAMED_UNIT ( * ) SI_UNIT ( .MILLI., .METRE. ) );
#2539 = CARTESIAN_POINT ( 'NONE',  ( -14.50000000000018296, 49.60000000000000142, 0.000000000000000000 ) ) ;
#2540 =( NAMED_UNIT ( * ) SI_UNIT ( $, .STERADIAN. ) SOLID_ANGLE_UNIT ( ) );
#2541 = FILL_AREA_STYLE_COLOUR ( '', #2583 ) ;
#2542 = AXIS2_PLACEMENT_3D ( 'NONE', #1516, #1792, #2320 ) ;
#2543 = ADVANCED_FACE ( 'NONE', ( #3266 ), #3851, .F. ) ;
#2544 = ORIENTED_EDGE ( 'NONE', *, *, #233, .T. ) ;
#2545 = PRESENTATION_LAYER_ASSIGNMENT (  '', '', ( #2053 ) ) ;
#2546 = PRODUCT_DEFINITION_SHAPE ( 'NONE', 'NONE',  #1186 ) ;
#2547 = CARTESIAN_POINT ( 'NONE',  ( -20.89999999999999858, 48.00000000000000000, -15.89999999999999680 ) ) ;
#2548 = SURFACE_STYLE_USAGE ( .BOTH. , #1319 ) ;
#2549 = ORIENTED_EDGE ( 'NONE', *, *, #2189, .T. ) ;
#2550 = AXIS2_PLACEMENT_3D ( 'NONE', #3051, #1832, #1851 ) ;
#2551 = VECTOR ( 'NONE', #812, 1000.000000000000000 ) ;
#2552 =( GEOMETRIC_REPRESENTATION_CONTEXT ( 3 ) GLOBAL_UNCERTAINTY_ASSIGNED_CONTEXT ( ( #1169 ) ) GLOBAL_UNIT_ASSIGNED_CONTEXT ( ( #2257, #1298, #104 ) ) REPRESENTATION_CONTEXT ( 'NONE', 'WORKASPACE' ) );
#2553 = FACE_OUTER_BOUND ( 'NONE', #1520, .T. ) ;
#2554 = ORIENTED_EDGE ( 'NONE', *, *, #1661, .F. ) ;
#2555 = FACE_OUTER_BOUND ( 'NONE', #355, .T. ) ;
#2556 = LINE ( 'NONE', #1939, #3678 ) ;
#2557 = VECTOR ( 'NONE', #3568, 1000.000000000000000 ) ;
#2558 = FACE_BOUND ( 'NONE', #2838, .T. ) ;
#2559 = CARTESIAN_POINT ( 'NONE',  ( -40.50000000000000000, 27.19999999999999929, -8.200000000000013500 ) ) ;
#2560 = SURFACE_STYLE_FILL_AREA ( #1660 ) ;
#2561 = UNCERTAINTY_MEASURE_WITH_UNIT (LENGTH_MEASURE( 1.000000000000000082E-05 ), #3009, 'distance_accuracy_value', 'NONE');
#2562 =( GEOMETRIC_REPRESENTATION_CONTEXT ( 3 ) GLOBAL_UNCERTAINTY_ASSIGNED_CONTEXT ( ( #3401 ) ) GLOBAL_UNIT_ASSIGNED_CONTEXT ( ( #929, #2492, #3295 ) ) REPRESENTATION_CONTEXT ( 'NONE', 'WORKASPACE' ) );
#2563 = LINE ( 'NONE', #2790, #3507 ) ;
#2564 = PRESENTATION_LAYER_ASSIGNMENT (  '', '', ( #553 ) ) ;
#2565 = EDGE_LOOP ( 'NONE', ( #2012, #3059, #2348, #1914 ) ) ;
#2566 = CARTESIAN_POINT ( 'NONE',  ( -14.50000000000028777, 49.60000000000000142, -11.00000000000000355 ) ) ;
#2567 = CARTESIAN_POINT ( 'NONE',  ( -14.50000000000012790, 29.50000000000000355, 4.999999999999999112 ) ) ;
#2568 = EDGE_CURVE ( 'NONE', #1633, #2926, #1019, .T. ) ;
#2569 = ORIENTED_EDGE ( 'NONE', *, *, #626, .F. ) ;
#2570 = ORIENTED_EDGE ( 'NONE', *, *, #2676, .F. ) ;
#2571 = DIRECTION ( 'NONE',  ( -1.000000000000000000, -1.982541115402065110E-16, -0.000000000000000000 ) ) ;
#2572 = DIRECTION ( 'NONE',  ( -2.102695122396129176E-16, -1.000000000000000000, -1.141263127999853784E-16 ) ) ;
#2573 = SURFACE_STYLE_FILL_AREA ( #164 ) ;
#2574 = FILL_AREA_STYLE_COLOUR ( '', #925 ) ;
#2575 = CARTESIAN_POINT ( 'NONE',  ( -40.49999999999999289, 8.768728515410835200, 11.11462432702595038 ) ) ;
#2576 = CARTESIAN_POINT ( 'NONE',  ( -28.90999999999853642, 34.60000000000000142, 11.05799999999995187 ) ) ;
#2577 = EDGE_CURVE ( 'NONE', #1191, #3318, #1842, .T. ) ;
#2578 = SURFACE_SIDE_STYLE ('',( #2868 ) ) ;
#2579 = VERTEX_POINT ( 'NONE', #1567 ) ;
#2580 = CARTESIAN_POINT ( 'NONE',  ( -14.50000000000007816, 47.59999999999999432, 10.00000000000000000 ) ) ;
#2581 = FILL_AREA_STYLE_COLOUR ( '', #1089 ) ;
#2582 =( LENGTH_UNIT ( ) NAMED_UNIT ( * ) SI_UNIT ( .MILLI., .METRE. ) );
#2583 = COLOUR_RGB ( '',1.000000000000000000, 1.000000000000000000, 1.000000000000000000 ) ;
#2584 = VERTEX_POINT ( 'NONE', #2164 ) ;
#2585 = SURFACE_SIDE_STYLE ('',( #1750 ) ) ;
#2586 = EDGE_LOOP ( 'NONE', ( #2224, #871, #467, #64 ) ) ;
#2587 = CARTESIAN_POINT ( 'NONE',  ( -40.49999999999999289, 8.768728515410835200, -11.11462432702599834 ) ) ;
#2588 = DIRECTION ( 'NONE',  ( 0.000000000000000000, 1.000000000000000000, 0.000000000000000000 ) ) ;
#2589 = SURFACE_STYLE_USAGE ( .BOTH. , #777 ) ;
#2590 = LINE ( 'NONE', #3505, #3715 ) ;
#2591 = FACE_OUTER_BOUND ( 'NONE', #3530, .T. ) ;
#2592 = COLOUR_RGB ( '',1.000000000000000000, 1.000000000000000000, 1.000000000000000000 ) ;
#2593 = ORIENTED_EDGE ( 'NONE', *, *, #3832, .F. ) ;
#2594 =( NAMED_UNIT ( * ) PLANE_ANGLE_UNIT ( ) SI_UNIT ( $, .RADIAN. ) );
#2595 = DIRECTION ( 'NONE',  ( 0.000000000000000000, 0.8660254037844384856, -0.5000000000000002220 ) ) ;
#2596 = VECTOR ( 'NONE', #2450, 1000.000000000000000 ) ;
#2597 = CARTESIAN_POINT ( 'NONE',  ( -40.90000000000000568, 7.695000000000005613, -5.540000000000013358 ) ) ;
#2598 = ORIENTED_EDGE ( 'NONE', *, *, #515, .T. ) ;
#2599 = ADVANCED_FACE ( 'NONE', ( #2448 ), #337, .F. ) ;
#2600 = AXIS2_PLACEMENT_3D ( 'NONE', #3264, #3535, #3811 ) ;
#2601 = CARTESIAN_POINT ( 'NONE',  ( 42.50000000000000000, 34.60000000000000142, 17.50000000000000000 ) ) ;
#2602 = FACE_OUTER_BOUND ( 'NONE', #3652, .T. ) ;
#2603 = ORIENTED_EDGE ( 'NONE', *, *, #3248, .T. ) ;
#2604 = COLOUR_RGB ( '',1.000000000000000000, 1.000000000000000000, 1.000000000000000000 ) ;
#2605 = FILL_AREA_STYLE_COLOUR ( '', #3822 ) ;
#2606 = ORIENTED_EDGE ( 'NONE', *, *, #1117, .F. ) ;
#2607 = VECTOR ( 'NONE', #772, 1000.000000000000000 ) ;
#2608 = FILL_AREA_STYLE_COLOUR ( '', #1915 ) ;
#2609 = DIRECTION ( 'NONE',  ( 0.000000000000000000, 0.000000000000000000, 1.000000000000000000 ) ) ;
#2610 = STYLED_ITEM ( 'NONE', ( #2205 ), #2497 ) ;
#2611 = DIRECTION ( 'NONE',  ( -1.000000000000000000, -1.982541115402065110E-16, -0.000000000000000000 ) ) ;
#2612 = ORIENTED_EDGE ( 'NONE', *, *, #2266, .F. ) ;
#2613 = DIRECTION ( 'NONE',  ( -1.000000000000000000, -1.982541115402065110E-16, -0.000000000000000000 ) ) ;
#2614 = FACE_OUTER_BOUND ( 'NONE', #88, .T. ) ;
#2615 = PRESENTATION_LAYER_ASSIGNMENT (  '', '', ( #741 ) ) ;
#2616 = PRESENTATION_LAYER_ASSIGNMENT (  '', '', ( #2681 ) ) ;
#2617 = FILL_AREA_STYLE ('',( #3230 ) ) ;
#2618 = FILL_AREA_STYLE_COLOUR ( '', #111 ) ;
#2619 = UNCERTAINTY_MEASURE_WITH_UNIT (LENGTH_MEASURE( 1.000000000000000082E-05 ), #706, 'distance_accuracy_value', 'NONE');
#2620 = ORIENTED_EDGE ( 'NONE', *, *, #2810, .F. ) ;
#2621 = VECTOR ( 'NONE', #3139, 1000.000000000000000 ) ;
#2622 = COLOUR_RGB ( '',1.000000000000000000, 1.000000000000000000, 1.000000000000000000 ) ;
#2623 = LINE ( 'NONE', #2601, #2276 ) ;
#2624 = FILL_AREA_STYLE ('',( #3755 ) ) ;
#2625 = VERTEX_POINT ( 'NONE', #960 ) ;
#2626 = CARTESIAN_POINT ( 'NONE',  ( 37.50000000000148503, 32.59999999999999432, -12.50000000000002132 ) ) ;
#2627 = EDGE_LOOP ( 'NONE', ( #333, #1409, #2995, #2067 ) ) ;
#2628 = CARTESIAN_POINT ( 'NONE',  ( -20.89999999999999858, 33.00000000000000000, 17.50000000000000000 ) ) ;
#2629 = FILL_AREA_STYLE_COLOUR ( '', #3628 ) ;
#2630 = CARTESIAN_POINT ( 'NONE',  ( -42.50000000000000000, 27.19999999999999929, 8.099999999999988987 ) ) ;
#2631 =( NAMED_UNIT ( * ) PLANE_ANGLE_UNIT ( ) SI_UNIT ( $, .RADIAN. ) );
#2632 = ORIENTED_EDGE ( 'NONE', *, *, #682, .T. ) ;
#2633 =( NAMED_UNIT ( * ) PLANE_ANGLE_UNIT ( ) SI_UNIT ( $, .RADIAN. ) );
#2634 = SURFACE_STYLE_USAGE ( .BOTH. , #235 ) ;
#2635 = EDGE_CURVE ( 'NONE', #1278, #1167, #980, .T. ) ;
#2636 = EDGE_LOOP ( 'NONE', ( #562, #518 ) ) ;
#2637 =( LENGTH_UNIT ( ) NAMED_UNIT ( * ) SI_UNIT ( .MILLI., .METRE. ) );
#2638 = SURFACE_STYLE_FILL_AREA ( #2624 ) ;
#2639 = FILL_AREA_STYLE ('',( #1449 ) ) ;
#2640 = ORIENTED_EDGE ( 'NONE', *, *, #2819, .T. ) ;
#2641 = UNCERTAINTY_MEASURE_WITH_UNIT (LENGTH_MEASURE( 1.000000000000000082E-05 ), #1224, 'distance_accuracy_value', 'NONE');
#2642 = PRESENTATION_STYLE_ASSIGNMENT (( #2374 ) ) ;
#2644 = ORIENTED_EDGE ( 'NONE', *, *, #1905, .T. ) ;
#2643 = AXIS2_PLACEMENT_3D ( 'NONE', #2024, #3193, #514 ) ;
#2645 = CARTESIAN_POINT ( 'NONE',  ( -40.49999999999999289, 11.17610000000000170, -5.540000000000013358 ) ) ;
#2646 = DIRECTION ( 'NONE',  ( 0.000000000000000000, 0.000000000000000000, 1.000000000000000000 ) ) ;
#2647 = EDGE_CURVE ( 'NONE', #622, #3201, #480, .T. ) ;
#2648 = VECTOR ( 'NONE', #335, 1000.000000000000000 ) ;
#2649 = FILL_AREA_STYLE ('',( #3205 ) ) ;
#2650 = ORIENTED_EDGE ( 'NONE', *, *, #439, .F. ) ;
#2651 = CARTESIAN_POINT ( 'NONE',  ( -42.50000000000000000, 27.20000000000000284, -8.200000000000013500 ) ) ;
#2652 = CARTESIAN_POINT ( 'NONE',  ( -40.90000000000000568, 6.268728515410835200, 15.44475134594814136 ) ) ;
#2653 = CIRCLE ( 'NONE', #1094, 1.000000000000001554 ) ;
#2654 = CARTESIAN_POINT ( 'NONE',  ( -22.50000000000000000, 49.60000000000000142, 17.50000000000000000 ) ) ;
#2655 = LINE ( 'NONE', #2084, #2342 ) ;
#2656 = COLOUR_RGB ( '',1.000000000000000000, 1.000000000000000000, 1.000000000000000000 ) ;
#2657 = VERTEX_POINT ( 'NONE', #2145 ) ;
#2658 = EDGE_CURVE ( 'NONE', #1898, #448, #3042, .T. ) ;
#2659 = FACE_OUTER_BOUND ( 'NONE', #1708, .T. ) ;
#2660 = ORIENTED_EDGE ( 'NONE', *, *, #2452, .F. ) ;
#2661 =( GEOMETRIC_REPRESENTATION_CONTEXT ( 3 ) GLOBAL_UNCERTAINTY_ASSIGNED_CONTEXT ( ( #2925 ) ) GLOBAL_UNIT_ASSIGNED_CONTEXT ( ( #2769, #819, #3763 ) ) REPRESENTATION_CONTEXT ( 'NONE', 'WORKASPACE' ) );
#2662 = EDGE_CURVE ( 'NONE', #3441, #254, #1255, .T. ) ;
#2663 = FILL_AREA_STYLE ('',( #1391 ) ) ;
#2664 = ORIENTED_EDGE ( 'NONE', *, *, #1680, .T. ) ;
#2665 = LINE ( 'NONE', #1475, #103 ) ;
#2666 = SURFACE_SIDE_STYLE ('',( #1151 ) ) ;
#2667 = CARTESIAN_POINT ( 'NONE',  ( -42.49999999999999289, 3.768728515410833868, 11.11462432702595038 ) ) ;
#2668 = VECTOR ( 'NONE', #1160, 1000.000000000000000 ) ;
#2669 = FACE_OUTER_BOUND ( 'NONE', #1482, .T. ) ;
#2670 = ORIENTED_EDGE ( 'NONE', *, *, #912, .F. ) ;
#2671 = SURFACE_STYLE_FILL_AREA ( #903 ) ;
#2672 =( GEOMETRIC_REPRESENTATION_CONTEXT ( 3 ) GLOBAL_UNCERTAINTY_ASSIGNED_CONTEXT ( ( #3522 ) ) GLOBAL_UNIT_ASSIGNED_CONTEXT ( ( #1990, #2816, #3723 ) ) REPRESENTATION_CONTEXT ( 'NONE', 'WORKASPACE' ) );
#2673 = MECHANICAL_DESIGN_GEOMETRIC_PRESENTATION_REPRESENTATION (  '', ( #2734 ), #3283 ) ;
#2674 = FACE_OUTER_BOUND ( 'NONE', #2026, .T. ) ;
#2675 = PRESENTATION_STYLE_ASSIGNMENT (( #1386 ) ) ;
#2676 = EDGE_CURVE ( 'NONE', #1734, #950, #1884, .T. ) ;
#2677 = PLANE ( 'NONE',  #1473 ) ;
#2678 = EDGE_LOOP ( 'NONE', ( #2699, #405, #3637, #3214 ) ) ;
#2679 = EDGE_CURVE ( 'NONE', #2398, #2584, #3063, .T. ) ;
#2680 = DIRECTION ( 'NONE',  ( -0.000000000000000000, 1.000000000000000000, -0.000000000000000000 ) ) ;
#2681 = STYLED_ITEM ( 'NONE', ( #1972 ), #2978 ) ;
#2682 = ORIENTED_EDGE ( 'NONE', *, *, #1283, .T. ) ;
#2683 = MECHANICAL_DESIGN_GEOMETRIC_PRESENTATION_REPRESENTATION (  '', ( #2372 ), #3768 ) ;
#2684 = FILL_AREA_STYLE_COLOUR ( '', #357 ) ;
#2685 = ORIENTED_EDGE ( 'NONE', *, *, #922, .T. ) ;
#2686 = ADVANCED_FACE ( 'NONE', ( #3095 ), #2805, .F. ) ;
#2687 = DIRECTION ( 'NONE',  ( 1.692687528183392866E-16, -1.000000000000000000, 0.000000000000000000 ) ) ;
#2688 = LINE ( 'NONE', #2743, #825 ) ;
#2689 =( GEOMETRIC_REPRESENTATION_CONTEXT ( 3 ) GLOBAL_UNCERTAINTY_ASSIGNED_CONTEXT ( ( #2973 ) ) GLOBAL_UNIT_ASSIGNED_CONTEXT ( ( #366, #949, #1890 ) ) REPRESENTATION_CONTEXT ( 'NONE', 'WORKASPACE' ) );
#2690 = CYLINDRICAL_SURFACE ( 'NONE', #1242, 1.500000000000759393 ) ;
#2691 = EDGE_LOOP ( 'NONE', ( #3702, #1510 ) ) ;
#2692 = CARTESIAN_POINT ( 'NONE',  ( -28.90999999999853642, 32.59999999999999432, 12.55799999999995009 ) ) ;
#2693 = SURFACE_STYLE_USAGE ( .BOTH. , #2955 ) ;
#2694 = CARTESIAN_POINT ( 'NONE',  ( -42.50000000000000000, 34.60000000000000142, 17.50000000000000000 ) ) ;
#2695 = DIRECTION ( 'NONE',  ( -0.000000000000000000, -0.000000000000000000, -1.000000000000000000 ) ) ;
#2696 = DIRECTION ( 'NONE',  ( -9.912705577010330480E-17, 0.5000000000000002220, -0.8660254037844385966 ) ) ;
#2697 = VERTEX_POINT ( 'NONE', #800 ) ;
#2698 = EDGE_CURVE ( 'NONE', #2976, #195, #1054, .T. ) ;
#2699 = ORIENTED_EDGE ( 'NONE', *, *, #3254, .F. ) ;
#2700 = FILL_AREA_STYLE_COLOUR ( '', #1052 ) ;
#2701 =( NAMED_UNIT ( * ) PLANE_ANGLE_UNIT ( ) SI_UNIT ( $, .RADIAN. ) );
#2702 = SURFACE_STYLE_FILL_AREA ( #606 ) ;
#2703 = EDGE_LOOP ( 'NONE', ( #3633, #1541 ) ) ;
#2704 = UNCERTAINTY_MEASURE_WITH_UNIT (LENGTH_MEASURE( 1.000000000000000082E-05 ), #1329, 'distance_accuracy_value', 'NONE');
#2705 = EDGE_CURVE ( 'NONE', #1177, #3834, #128, .T. ) ;
#2706 =( GEOMETRIC_REPRESENTATION_CONTEXT ( 3 ) GLOBAL_UNCERTAINTY_ASSIGNED_CONTEXT ( ( #194 ) ) GLOBAL_UNIT_ASSIGNED_CONTEXT ( ( #1668, #2831, #619 ) ) REPRESENTATION_CONTEXT ( 'NONE', 'WORKASPACE' ) );
#2707 = FACE_BOUND ( 'NONE', #1271, .T. ) ;
#2708 = ORIENTED_EDGE ( 'NONE', *, *, #3719, .T. ) ;
#2709 = FILL_AREA_STYLE_COLOUR ( '', #3703 ) ;
#2710 = CARTESIAN_POINT ( 'NONE',  ( -14.50000000000023448, 47.59999999999999432, -5.000000000000000000 ) ) ;
#2711 = CARTESIAN_POINT ( 'NONE',  ( 42.49999999999999289, 16.19999999999999929, 6.299999999999997158 ) ) ;
#2712 = DIRECTION ( 'NONE',  ( 0.000000000000000000, 0.000000000000000000, 1.000000000000000000 ) ) ;
#2713 = FACE_OUTER_BOUND ( 'NONE', #2586, .T. ) ;
#2714 = CARTESIAN_POINT ( 'NONE',  ( -42.49999999999999289, 8.768728515410835200, 14.00137567297407770 ) ) ;
#2715 = ORIENTED_EDGE ( 'NONE', *, *, #3396, .F. ) ;
#2716 = CIRCLE ( 'NONE', #1658, 1.499999999999996225 ) ;
#2717 = CARTESIAN_POINT ( 'NONE',  ( -40.49999999999999289, 1.373899999999998123, 4.155000000000004690 ) ) ;
#2718 = ADVANCED_FACE ( 'NONE', ( #1382 ), #1962, .F. ) ;
#2719 = VERTEX_POINT ( 'NONE', #1091 ) ;
#2720 = SURFACE_STYLE_USAGE ( .BOTH. , #2391 ) ;
#2721 = COLOUR_RGB ( '',1.000000000000000000, 1.000000000000000000, 1.000000000000000000 ) ;
#2722 = DIRECTION ( 'NONE',  ( 0.000000000000000000, 0.000000000000000000, 1.000000000000000000 ) ) ;
#2723 = ORIENTED_EDGE ( 'NONE', *, *, #3635, .T. ) ;
#2724 =( NAMED_UNIT ( * ) PLANE_ANGLE_UNIT ( ) SI_UNIT ( $, .RADIAN. ) );
#2725 = ORIENTED_EDGE ( 'NONE', *, *, #3571, .T. ) ;
#2726 = DIRECTION ( 'NONE',  ( 1.000000000000000000, 0.000000000000000000, 0.000000000000000000 ) ) ;
#2727 = CIRCLE ( 'NONE', #1049, 1.499999999999996225 ) ;
#2728 = SURFACE_STYLE_FILL_AREA ( #2507 ) ;
#2729 = FACE_OUTER_BOUND ( 'NONE', #28, .T. ) ;
#2730 = EDGE_CURVE ( 'NONE', #3454, #533, #1643, .T. ) ;
#2731 = CARTESIAN_POINT ( 'NONE',  ( -40.49999999999999289, 8.768728515410835200, -14.00137567297412922 ) ) ;
#2732 = CARTESIAN_POINT ( 'NONE',  ( 40.49999999999999289, 7.399999999999990585, -6.600000000000001421 ) ) ;
#2733 = CIRCLE ( 'NONE', #804, 1.000000000000002665 ) ;
#2734 = STYLED_ITEM ( 'NONE', ( #3140 ), #1622 ) ;
#2735 = ORIENTED_EDGE ( 'NONE', *, *, #2316, .F. ) ;
#2736 = SURFACE_STYLE_USAGE ( .BOTH. , #2388 ) ;
#2737 = ORIENTED_EDGE ( 'NONE', *, *, #1485, .F. ) ;
#2738 = AXIS2_PLACEMENT_3D ( 'NONE', #1419, #146, #1698 ) ;
#2739 = VECTOR ( 'NONE', #3565, 1000.000000000000000 ) ;
#2740 = CARTESIAN_POINT ( 'NONE',  ( 0.9999999999998170352, 49.60000000000000142, 1.078520768856852078E-29 ) ) ;
#2741 = SURFACE_STYLE_FILL_AREA ( #390 ) ;
#2742 = FILL_AREA_STYLE ('',( #6 ) ) ;
#2743 = CARTESIAN_POINT ( 'NONE',  ( 22.50000000000000000, 34.60000000000000142, -17.50000000000000000 ) ) ;
#2744 = VERTEX_POINT ( 'NONE', #780 ) ;
#2745 = EDGE_CURVE ( 'NONE', #3779, #1065, #1498, .T. ) ;
#2746 = ORIENTED_EDGE ( 'NONE', *, *, #1875, .T. ) ;
#2747 = CARTESIAN_POINT ( 'NONE',  ( -14.50000000000018296, 49.60000000000000142, -1.000000000000001554 ) ) ;
#2748 = FACE_BOUND ( 'NONE', #1672, .T. ) ;
#2749 = DIRECTION ( 'NONE',  ( -0.000000000000000000, 1.000000000000000000, -0.000000000000000000 ) ) ;
#2750 = CARTESIAN_POINT ( 'NONE',  ( -40.90000000000000568, 29.70713090160404946, 23.20341658109530769 ) ) ;
#2751 = CARTESIAN_POINT ( 'NONE',  ( -14.50000000000007816, 47.59999999999999432, 8.999999999999998224 ) ) ;
#2752 = ORIENTED_EDGE ( 'NONE', *, *, #1589, .T. ) ;
#2753 = FILL_AREA_STYLE ('',( #3576 ) ) ;
#2754 = CARTESIAN_POINT ( 'NONE',  ( -40.49999999999999289, 13.19999999999999751, -8.200000000000013500 ) ) ;
#2755 = CARTESIAN_POINT ( 'NONE',  ( -42.49999999999999289, 8.768728515410835200, 14.00137567297407770 ) ) ;
#2756 = SURFACE_SIDE_STYLE ('',( #651 ) ) ;
#2757 =( NAMED_UNIT ( * ) PLANE_ANGLE_UNIT ( ) SI_UNIT ( $, .RADIAN. ) );
#2758 = SHAPE_DEFINITION_REPRESENTATION ( #2546, #1825 ) ;
#2759 = ORIENTED_EDGE ( 'NONE', *, *, #2023, .T. ) ;
#2760 = PRESENTATION_STYLE_ASSIGNMENT (( #1580 ) ) ;
#2761 = ORIENTED_EDGE ( 'NONE', *, *, #1886, .F. ) ;
#2762 = CARTESIAN_POINT ( 'NONE',  ( 40.89999999999999858, 16.19999999999999929, -6.299999999999998934 ) ) ;
#2763 = ADVANCED_FACE ( 'NONE', ( #492 ), #1072, .F. ) ;
#2764 = MECHANICAL_DESIGN_GEOMETRIC_PRESENTATION_REPRESENTATION (  '', ( #252 ), #2706 ) ;
#2765 = CARTESIAN_POINT ( 'NONE',  ( -40.49999999999999289, 6.268728515410837865, -9.671248654051934679 ) ) ;
#2766 = SURFACE_SIDE_STYLE ('',( #417 ) ) ;
#2767 = DIRECTION ( 'NONE',  ( -1.000000000000000000, 2.005460665869141288E-16, 0.000000000000000000 ) ) ;
#2768 = AXIS2_PLACEMENT_3D ( 'NONE', #2449, #2767, #1523 ) ;
#2769 =( LENGTH_UNIT ( ) NAMED_UNIT ( * ) SI_UNIT ( .MILLI., .METRE. ) );
#2770 = DIRECTION ( 'NONE',  ( 1.000000000000000000, -1.982541115402065110E-16, -0.000000000000000000 ) ) ;
#2771 = MECHANICAL_DESIGN_GEOMETRIC_PRESENTATION_REPRESENTATION (  '', ( #132 ), #3259 ) ;
#2772 = ORIENTED_EDGE ( 'NONE', *, *, #3770, .F. ) ;
#2773 = CARTESIAN_POINT ( 'NONE',  ( -14.50000000000013145, 47.59999999999999432, 6.000000000000000000 ) ) ;
#2774 = CARTESIAN_POINT ( 'NONE',  ( -40.50000000000000000, 27.19999999999999929, -8.200000000000013500 ) ) ;
#2775 = CARTESIAN_POINT ( 'NONE',  ( 42.49999999999999289, 7.399999999999990585, -6.600000000000001421 ) ) ;
#2776 =( LENGTH_UNIT ( ) NAMED_UNIT ( * ) SI_UNIT ( .MILLI., .METRE. ) );
#2777 = ADVANCED_FACE ( 'NONE', ( #1461 ), #2056, .F. ) ;
#2778 = VERTEX_POINT ( 'NONE', #3787 ) ;
#2779 = VECTOR ( 'NONE', #3833, 1000.000000000000000 ) ;
#2780 =( LENGTH_UNIT ( ) NAMED_UNIT ( * ) SI_UNIT ( .MILLI., .METRE. ) );
#2781 = MECHANICAL_DESIGN_GEOMETRIC_PRESENTATION_REPRESENTATION (  '', ( #3032 ), #1727 ) ;
#2782 = VERTEX_POINT ( 'NONE', #1214 ) ;
#2783 =( NAMED_UNIT ( * ) SI_UNIT ( $, .STERADIAN. ) SOLID_ANGLE_UNIT ( ) );
#2784 = FILL_AREA_STYLE_COLOUR ( '', #655 ) ;
#2785 = VECTOR ( 'NONE', #3591, 1000.000000000000000 ) ;
#2786 = DIRECTION ( 'NONE',  ( 0.000000000000000000, -0.000000000000000000, -1.000000000000000000 ) ) ;
#2787 = CARTESIAN_POINT ( 'NONE',  ( -40.90000000000000568, 27.19999999999999929, 17.50000000000000000 ) ) ;
#2788 = SURFACE_STYLE_USAGE ( .BOTH. , #1237 ) ;
#2789 = STYLED_ITEM ( 'NONE', ( #2820 ), #1976 ) ;
#2790 = CARTESIAN_POINT ( 'NONE',  ( 22.50000000000000000, 49.60000000000000142, -17.50000000000000000 ) ) ;
#2791 = ORIENTED_EDGE ( 'NONE', *, *, #3278, .T. ) ;
#2792 = PRESENTATION_LAYER_ASSIGNMENT (  '', '', ( #1873 ) ) ;
#2793 = COLOUR_RGB ( '',1.000000000000000000, 1.000000000000000000, 1.000000000000000000 ) ;
#2794 = DIRECTION ( 'NONE',  ( 1.000000000000000000, -1.982541115402065110E-16, -0.000000000000000000 ) ) ;
#2795 = DIRECTION ( 'NONE',  ( 0.000000000000000000, 0.000000000000000000, 1.000000000000000000 ) ) ;
#2796 = CARTESIAN_POINT ( 'NONE',  ( -42.49999999999999289, 4.855000000000009308, -4.154999999999986926 ) ) ;
#2797 = PRESENTATION_LAYER_ASSIGNMENT (  '', '', ( #1123 ) ) ;
#2798 = ORIENTED_EDGE ( 'NONE', *, *, #362, .T. ) ;
#2799 = AXIS2_PLACEMENT_3D ( 'NONE', #92, #11, #1918 ) ;
#2800 = EDGE_CURVE ( 'NONE', #2496, #1177, #360, .T. ) ;
#2801 = ORIENTED_EDGE ( 'NONE', *, *, #307, .F. ) ;
#2802 = SURFACE_STYLE_FILL_AREA ( #3425 ) ;
#2803 = CARTESIAN_POINT ( 'NONE',  ( -14.50000000000017941, 29.50000000000000355, 0.000000000000000000 ) ) ;
#2804 = MECHANICAL_DESIGN_GEOMETRIC_PRESENTATION_REPRESENTATION (  '', ( #1129 ), #3414 ) ;
#2805 = PLANE ( 'NONE',  #2064 ) ;
#2806 = DIRECTION ( 'NONE',  ( -0.000000000000000000, 1.000000000000000000, -0.000000000000000000 ) ) ;
#2807 = STYLED_ITEM ( 'NONE', ( #1426 ), #3471 ) ;
#2808 = AXIS2_PLACEMENT_3D ( 'NONE', #3275, #634, #1537 ) ;
#2809 = ORIENTED_EDGE ( 'NONE', *, *, #722, .T. ) ;
#2810 = EDGE_CURVE ( 'NONE', #1065, #1390, #3246, .T. ) ;
#2811 = CARTESIAN_POINT ( 'NONE',  ( 40.90000000000000568, 33.00000000000000711, 15.90000000000000036 ) ) ;
#2812 = SURFACE_STYLE_FILL_AREA ( #1928 ) ;
#2813 = FACE_OUTER_BOUND ( 'NONE', #397, .T. ) ;
#2814 =( NAMED_UNIT ( * ) PLANE_ANGLE_UNIT ( ) SI_UNIT ( $, .RADIAN. ) );
#2815 = VERTEX_POINT ( 'NONE', #919 ) ;
#2816 =( NAMED_UNIT ( * ) PLANE_ANGLE_UNIT ( ) SI_UNIT ( $, .RADIAN. ) );
#2817 = VERTEX_POINT ( 'NONE', #569 ) ;
#2818 = DIRECTION ( 'NONE',  ( 0.000000000000000000, 0.000000000000000000, 1.000000000000000000 ) ) ;
#2819 = EDGE_CURVE ( 'NONE', #1529, #3474, #2117, .T. ) ;
#2820 = PRESENTATION_STYLE_ASSIGNMENT (( #1400 ) ) ;
#2821 =( NAMED_UNIT ( * ) PLANE_ANGLE_UNIT ( ) SI_UNIT ( $, .RADIAN. ) );
#2822 = DIRECTION ( 'NONE',  ( 1.000000000000000000, 0.000000000000000000, 0.000000000000000000 ) ) ;
#2823 = COLOUR_RGB ( '',1.000000000000000000, 1.000000000000000000, 1.000000000000000000 ) ;
#2824 = LINE ( 'NONE', #2885, #345 ) ;
#2825 = CIRCLE ( 'NONE', #1334, 3.481100000000005412 ) ;
#2826 = CARTESIAN_POINT ( 'NONE',  ( -42.49999999999999289, 3.768728515410833868, -11.11462432702600012 ) ) ;
#2827 = VERTEX_POINT ( 'NONE', #2651 ) ;
#2828 = MECHANICAL_DESIGN_GEOMETRIC_PRESENTATION_REPRESENTATION (  '', ( #965 ), #2219 ) ;
#2829 =( LENGTH_UNIT ( ) NAMED_UNIT ( * ) SI_UNIT ( .MILLI., .METRE. ) );
#2830 = EDGE_CURVE ( 'NONE', #2015, #1852, #2080, .T. ) ;
#2831 =( NAMED_UNIT ( * ) PLANE_ANGLE_UNIT ( ) SI_UNIT ( $, .RADIAN. ) );
#2832 = CARTESIAN_POINT ( 'NONE',  ( -11.90000000000007496, 48.00000000000000000, -1.032160468206205940E-15 ) ) ;
#2833 = UNCERTAINTY_MEASURE_WITH_UNIT (LENGTH_MEASURE( 1.000000000000000082E-05 ), #2538, 'distance_accuracy_value', 'NONE');
#2834 =( NAMED_UNIT ( * ) SI_UNIT ( $, .STERADIAN. ) SOLID_ANGLE_UNIT ( ) );
#2835 = ORIENTED_EDGE ( 'NONE', *, *, #3052, .F. ) ;
#2836 = EDGE_CURVE ( 'NONE', #580, #1864, #3227, .T. ) ;
#2837 = UNCERTAINTY_MEASURE_WITH_UNIT (LENGTH_MEASURE( 1.000000000000000082E-05 ), #548, 'distance_accuracy_value', 'NONE');
#2838 = EDGE_LOOP ( 'NONE', ( #2534, #153, #2158, #2997 ) ) ;
#2839 = CARTESIAN_POINT ( 'NONE',  ( -40.49999999999999289, 4.855000000000009308, -4.154999999999986926 ) ) ;
#2840 =( NAMED_UNIT ( * ) SI_UNIT ( $, .STERADIAN. ) SOLID_ANGLE_UNIT ( ) );
#2841 = COLOUR_RGB ( '',1.000000000000000000, 1.000000000000000000, 1.000000000000000000 ) ;
#2842 = EDGE_CURVE ( 'NONE', #1098, #1453, #3767, .T. ) ;
#2843 =( LENGTH_UNIT ( ) NAMED_UNIT ( * ) SI_UNIT ( .MILLI., .METRE. ) );
#2844 = CARTESIAN_POINT ( 'NONE',  ( -42.49999999999999289, 6.268728515410835200, -15.44475134594819288 ) ) ;
#2845 = AXIS2_PLACEMENT_3D ( 'NONE', #391, #1536, #3615 ) ;
#2846 = ADVANCED_FACE ( 'NONE', ( #839, #2034, #3208, #550, #886, #1178, #3531 ), #1775, .F. ) ;
#2847 = VECTOR ( 'NONE', #3658, 1000.000000000000000 ) ;
#2848 = ORIENTED_EDGE ( 'NONE', *, *, #2099, .T. ) ;
#2849 = PRESENTATION_LAYER_ASSIGNMENT (  '', '', ( #352 ) ) ;
#2850 = DIRECTION ( 'NONE',  ( 1.692687528183392866E-16, -1.000000000000000000, 0.000000000000000000 ) ) ;
#2851 = FILL_AREA_STYLE_COLOUR ( '', #689 ) ;
#2852 =( NAMED_UNIT ( * ) PLANE_ANGLE_UNIT ( ) SI_UNIT ( $, .RADIAN. ) );
#2853 = EDGE_LOOP ( 'NONE', ( #3251, #3260 ) ) ;
#2854 = STYLED_ITEM ( 'NONE', ( #1636 ), #2216 ) ;
#2855 =( GEOMETRIC_REPRESENTATION_CONTEXT ( 3 ) GLOBAL_UNCERTAINTY_ASSIGNED_CONTEXT ( ( #2069 ) ) GLOBAL_UNIT_ASSIGNED_CONTEXT ( ( #2958, #1985, #1202 ) ) REPRESENTATION_CONTEXT ( 'NONE', 'WORKASPACE' ) );
#2856 =( NAMED_UNIT ( * ) PLANE_ANGLE_UNIT ( ) SI_UNIT ( $, .RADIAN. ) );
#2857 = EDGE_LOOP ( 'NONE', ( #794, #2953, #2901, #1137 ) ) ;
#2858 = DIRECTION ( 'NONE',  ( 0.000000000000000000, 0.000000000000000000, 1.000000000000000000 ) ) ;
#2859 = CARTESIAN_POINT ( 'NONE',  ( -28.90999999999853642, 34.60000000000000142, 14.05799999999994476 ) ) ;
#2860 = COLOUR_RGB ( '',1.000000000000000000, 1.000000000000000000, 1.000000000000000000 ) ;
#2861 = ADVANCED_FACE ( 'NONE', ( #1272 ), #715, .F. ) ;
#2862 = DIRECTION ( 'NONE',  ( -1.000000000000000000, -1.660022465049576262E-16, 0.000000000000000000 ) ) ;
#2863 = SURFACE_SIDE_STYLE ('',( #1115 ) ) ;
#2864 = VECTOR ( 'NONE', #3202, 1000.000000000000114 ) ;
#2865 = SURFACE_STYLE_FILL_AREA ( #2883 ) ;
#2866 = UNCERTAINTY_MEASURE_WITH_UNIT (LENGTH_MEASURE( 1.000000000000000082E-05 ), #3209, 'distance_accuracy_value', 'NONE');
#2867 = CYLINDRICAL_SURFACE ( 'NONE', #736, 3.481100000000003636 ) ;
#2868 = SURFACE_STYLE_FILL_AREA ( #2617 ) ;
#2869 = VECTOR ( 'NONE', #1165, 1000.000000000000000 ) ;
#2870 = ORIENTED_EDGE ( 'NONE', *, *, #1979, .T. ) ;
#2871 = ADVANCED_FACE ( 'NONE', ( #1307 ), #957, .F. ) ;
#2872 = VECTOR ( 'NONE', #1793, 1000.000000000000000 ) ;
#2873 = FILL_AREA_STYLE ('',( #592 ) ) ;
#2874 = DIRECTION ( 'NONE',  ( -0.000000000000000000, -0.000000000000000000, -1.000000000000000000 ) ) ;
#2875 = ORIENTED_EDGE ( 'NONE', *, *, #968, .F. ) ;
#2876 = CARTESIAN_POINT ( 'NONE',  ( 22.50000000000000000, 34.60000000000000142, -17.50000000000000000 ) ) ;
#2877 = ORIENTED_EDGE ( 'NONE', *, *, #2930, .F. ) ;
#2878 = LINE ( 'NONE', #2587, #1745 ) ;
#2879 =( LENGTH_UNIT ( ) NAMED_UNIT ( * ) SI_UNIT ( .MILLI., .METRE. ) );
#2880 = SURFACE_STYLE_FILL_AREA ( #837 ) ;
#2881 = LINE ( 'NONE', #1340, #3037 ) ;
#2882 = PRESENTATION_STYLE_ASSIGNMENT (( #1402 ) ) ;
#2883 = FILL_AREA_STYLE ('',( #2541 ) ) ;
#2884 = EDGE_CURVE ( 'NONE', #1871, #832, #1993, .T. ) ;
#2885 = CARTESIAN_POINT ( 'NONE',  ( 40.89999999999999858, 16.19999999999999929, 17.50000000000000000 ) ) ;
#2886 = DIRECTION ( 'NONE',  ( 0.000000000000000000, 1.000000000000000000, 0.000000000000000000 ) ) ;
#2887 = ORIENTED_EDGE ( 'NONE', *, *, #1964, .T. ) ;
#2888 = VECTOR ( 'NONE', #3613, 1000.000000000000000 ) ;
#2889 = LINE ( 'NONE', #3718, #1908 ) ;
#2890 = DIRECTION ( 'NONE',  ( 1.000000000000000000, 0.000000000000000000, 0.000000000000000000 ) ) ;
#2891 = EDGE_LOOP ( 'NONE', ( #543, #3187, #2520, #1240 ) ) ;
#2892 = CYLINDRICAL_SURFACE ( 'NONE', #2550, 1.499999999999999556 ) ;
#2893 = ORIENTED_EDGE ( 'NONE', *, *, #2800, .T. ) ;
#2894 = EDGE_CURVE ( 'NONE', #2079, #1323, #2198, .T. ) ;
#2895 = DIRECTION ( 'NONE',  ( -0.000000000000000000, 1.000000000000000000, -0.000000000000000000 ) ) ;
#2896 = LINE ( 'NONE', #1437, #1782 ) ;
#2897 = CARTESIAN_POINT ( 'NONE',  ( -14.50000000000018296, 29.50000000000000355, -1.000000000000001554 ) ) ;
#2898 = SURFACE_SIDE_STYLE ('',( #2880 ) ) ;
#2899 = LINE ( 'NONE', #203, #3521 ) ;
#2900 = VECTOR ( 'NONE', #1281, 1000.000000000000000 ) ;
#2901 = ORIENTED_EDGE ( 'NONE', *, *, #2698, .F. ) ;
#2902 = PRESENTATION_LAYER_ASSIGNMENT (  '', '', ( #3512 ) ) ;
#2903 = CARTESIAN_POINT ( 'NONE',  ( -40.49999999999999289, 7.694999999999996732, 5.540000000000003588 ) ) ;
#2904 = DIRECTION ( 'NONE',  ( 0.000000000000000000, 0.000000000000000000, 1.000000000000000000 ) ) ;
#2905 = DIRECTION ( 'NONE',  ( 1.000000000000000000, 0.000000000000000000, 0.000000000000000000 ) ) ;
#2906 = VERTEX_POINT ( 'NONE', #775 ) ;
#2907 = EDGE_CURVE ( 'NONE', #394, #2138, #3726, .T. ) ;
#2908 = STYLED_ITEM ( 'NONE', ( #2340 ), #1707 ) ;
#2909 = FACE_BOUND ( 'NONE', #2055, .T. ) ;
#2910 = CARTESIAN_POINT ( 'NONE',  ( -22.50000000000000000, 34.60000000000000142, -17.50000000000000000 ) ) ;
#2911 = ORIENTED_EDGE ( 'NONE', *, *, #331, .T. ) ;
#2912 = VECTOR ( 'NONE', #3704, 1000.000000000000000 ) ;
#2913 = ORIENTED_EDGE ( 'NONE', *, *, #3794, .T. ) ;
#2914 = FACE_BOUND ( 'NONE', #2262, .T. ) ;
#2915 = AXIS2_PLACEMENT_3D ( 'NONE', #2090, #582, #1729 ) ;
#2917 = CARTESIAN_POINT ( 'NONE',  ( 40.89999999999999858, 0.000000000000000000, 15.90000000000000036 ) ) ;
#2916 = STYLED_ITEM ( 'NONE', ( #3778 ), #1634 ) ;
#2918 = LINE ( 'NONE', #262, #3269 ) ;
#2919 = EDGE_CURVE ( 'NONE', #2366, #10, #1655, .T. ) ;
#2920 =( NAMED_UNIT ( * ) SI_UNIT ( $, .STERADIAN. ) SOLID_ANGLE_UNIT ( ) );
#2921 = EDGE_LOOP ( 'NONE', ( #266, #2893, #411, #509 ) ) ;
#2922 = CARTESIAN_POINT ( 'NONE',  ( 20.89999999999999858, 48.00000000000000711, 17.50000000000000000 ) ) ;
#2923 = AXIS2_PLACEMENT_3D ( 'NONE', #1504, #1757, #612 ) ;
#2924 =( NAMED_UNIT ( * ) PLANE_ANGLE_UNIT ( ) SI_UNIT ( $, .RADIAN. ) );
#2925 = UNCERTAINTY_MEASURE_WITH_UNIT (LENGTH_MEASURE( 1.000000000000000082E-05 ), #2769, 'distance_accuracy_value', 'NONE');
#2926 = VERTEX_POINT ( 'NONE', #3165 ) ;
#2927 = CIRCLE ( 'NONE', #2988, 1.000000000000001554 ) ;
#2928 = PLANE ( 'NONE',  #2768 ) ;
#2929 = DIRECTION ( 'NONE',  ( -1.000000000000000000, 0.000000000000000000, 0.000000000000000000 ) ) ;
#2930 = EDGE_CURVE ( 'NONE', #1015, #2744, #486, .T. ) ;
#2931 = PLANE ( 'NONE',  #1934 ) ;
#2932 = VERTEX_POINT ( 'NONE', #1958 ) ;
#2933 = SURFACE_STYLE_USAGE ( .BOTH. , #2585 ) ;
#2934 = ORIENTED_EDGE ( 'NONE', *, *, #2940, .F. ) ;
#2935 =( LENGTH_UNIT ( ) NAMED_UNIT ( * ) SI_UNIT ( .MILLI., .METRE. ) );
#2936 = CARTESIAN_POINT ( 'NONE',  ( -40.90000000000000568, 8.768728515410835200, -14.00137567297412922 ) ) ;
#2937 = DIRECTION ( 'NONE',  ( -0.000000000000000000, 1.000000000000000000, -0.000000000000000000 ) ) ;
#2938 = EDGE_LOOP ( 'NONE', ( #2549, #177, #368, #3123 ) ) ;
#2939 = EDGE_CURVE ( 'NONE', #248, #1624, #422, .T. ) ;
#2940 = EDGE_CURVE ( 'NONE', #698, #2366, #1085, .T. ) ;
#2941 = SURFACE_STYLE_FILL_AREA ( #3752 ) ;
#2942 = ORIENTED_EDGE ( 'NONE', *, *, #2842, .F. ) ;
#2943 = EDGE_LOOP ( 'NONE', ( #3501, #3554, #895, #658 ) ) ;
#2944 = CIRCLE ( 'NONE', #3669, 1.499999999999999556 ) ;
#2945 = UNCERTAINTY_MEASURE_WITH_UNIT (LENGTH_MEASURE( 1.000000000000000082E-05 ), #1100, 'distance_accuracy_value', 'NONE');
#2946 = ORIENTED_EDGE ( 'NONE', *, *, #1530, .F. ) ;
#2947 = CARTESIAN_POINT ( 'NONE',  ( -42.49999999999999289, 6.268728515410835200, 15.44475134594814136 ) ) ;
#2948 = LINE ( 'NONE', #2353, #2956 ) ;
#2949 = FACE_BOUND ( 'NONE', #230, .T. ) ;
#2950 = VECTOR ( 'NONE', #3060, 1000.000000000000000 ) ;
#2951 = EDGE_CURVE ( 'NONE', #832, #1717, #2878, .T. ) ;
#2952 = SURFACE_STYLE_FILL_AREA ( #3485 ) ;
#2953 = ORIENTED_EDGE ( 'NONE', *, *, #1238, .T. ) ;
#2954 = FILL_AREA_STYLE_COLOUR ( '', #2860 ) ;
#2955 = SURFACE_SIDE_STYLE ('',( #1776 ) ) ;
#2956 = VECTOR ( 'NONE', #2050, 1000.000000000000000 ) ;
#2957 = FILL_AREA_STYLE ('',( #1444 ) ) ;
#2958 =( LENGTH_UNIT ( ) NAMED_UNIT ( * ) SI_UNIT ( .MILLI., .METRE. ) );
#2959 = FILL_AREA_STYLE_COLOUR ( '', #2231 ) ;
#2960 = ORIENTED_EDGE ( 'NONE', *, *, #1314, .T. ) ;
#2961 = ADVANCED_FACE ( 'NONE', ( #2281 ), #1639, .F. ) ;
#2962 = VECTOR ( 'NONE', #286, 1000.000000000000000 ) ;
#2963 = CARTESIAN_POINT ( 'NONE',  ( -42.49999999999999289, 0.000000000000000000, -17.50000000000000000 ) ) ;
#2964 = FACE_OUTER_BOUND ( 'NONE', #3164, .T. ) ;
#2965 = ORIENTED_EDGE ( 'NONE', *, *, #2019, .T. ) ;
#2966 = CIRCLE ( 'NONE', #1294, 1.000000000000002665 ) ;
#2967 = FILL_AREA_STYLE ('',( #2605 ) ) ;
#2968 = DIRECTION ( 'NONE',  ( 1.000000000000000000, 1.660022465049576262E-16, 0.000000000000000000 ) ) ;
#2969 = SURFACE_STYLE_FILL_AREA ( #2049 ) ;
#2970 = CARTESIAN_POINT ( 'NONE',  ( -40.90000000000000568, 33.00000000000000000, 15.90000000000000036 ) ) ;
#2971 = DIRECTION ( 'NONE',  ( -0.000000000000000000, -0.000000000000000000, -1.000000000000000000 ) ) ;
#2972 = CIRCLE ( 'NONE', #149, 1.000000000000000888 ) ;
#2973 = UNCERTAINTY_MEASURE_WITH_UNIT (LENGTH_MEASURE( 1.000000000000000082E-05 ), #366, 'distance_accuracy_value', 'NONE');
#2974 = CIRCLE ( 'NONE', #1676, 1.000000000000001776 ) ;
#2975 = SURFACE_SIDE_STYLE ('',( #1459 ) ) ;
#2976 = VERTEX_POINT ( 'NONE', #1357 ) ;
#2977 = SURFACE_SIDE_STYLE ('',( #231 ) ) ;
#2978 = ADVANCED_FACE ( 'NONE', ( #1615, #2555 ), #110, .T. ) ;
#2979 = AXIS2_PLACEMENT_3D ( 'NONE', #2102, #3812, #906 ) ;
#2980 = COLOUR_RGB ( '',1.000000000000000000, 1.000000000000000000, 1.000000000000000000 ) ;
#2981 =( NAMED_UNIT ( * ) PLANE_ANGLE_UNIT ( ) SI_UNIT ( $, .RADIAN. ) );
#2982 = DIRECTION ( 'NONE',  ( 1.000000000000000000, 0.000000000000000000, 0.000000000000000000 ) ) ;
#2983 = CARTESIAN_POINT ( 'NONE',  ( -40.90000000000000568, 27.19999999999999929, 8.099999999999988987 ) ) ;
#2984 = ORIENTED_EDGE ( 'NONE', *, *, #778, .F. ) ;
#2985 = STYLED_ITEM ( 'NONE', ( #1977 ), #2718 ) ;
#2986 = CARTESIAN_POINT ( 'NONE',  ( -14.50000000000013145, 49.60000000000000142, 4.999999999999999112 ) ) ;
#2987 = ORIENTED_EDGE ( 'NONE', *, *, #3714, .F. ) ;
#2988 = AXIS2_PLACEMENT_3D ( 'NONE', #671, #3054, #1853 ) ;
#2989 = DIRECTION ( 'NONE',  ( 1.000000000000000000, -1.982541115402065110E-16, -0.000000000000000000 ) ) ;
#2990 = LINE ( 'NONE', #85, #3540 ) ;
#2991 = FACE_OUTER_BOUND ( 'NONE', #2565, .T. ) ;
#2992 = SURFACE_SIDE_STYLE ('',( #1456 ) ) ;
#2993 = LINE ( 'NONE', #1855, #1067 ) ;
#2995 = ORIENTED_EDGE ( 'NONE', *, *, #2410, .T. ) ;
#2994 = CIRCLE ( 'NONE', #1315, 3.099999999999999645 ) ;
#2996 = PRESENTATION_LAYER_ASSIGNMENT (  '', '', ( #2380 ) ) ;
#2997 = ORIENTED_EDGE ( 'NONE', *, *, #656, .F. ) ;
#2998 = PLANE ( 'NONE',  #3816 ) ;
#2999 = EDGE_CURVE ( 'NONE', #3602, #3329, #857, .T. ) ;
#3000 = DIRECTION ( 'NONE',  ( 0.000000000000000000, -0.8660254037844387076, -0.4999999999999997224 ) ) ;
#3001 =( NAMED_UNIT ( * ) PLANE_ANGLE_UNIT ( ) SI_UNIT ( $, .RADIAN. ) );
#3002 =( NAMED_UNIT ( * ) PLANE_ANGLE_UNIT ( ) SI_UNIT ( $, .RADIAN. ) );
#3003 = SURFACE_STYLE_USAGE ( .BOTH. , #1239 ) ;
#3004 = ORIENTED_EDGE ( 'NONE', *, *, #1701, .T. ) ;
#3005 = PRESENTATION_STYLE_ASSIGNMENT (( #1830 ) ) ;
#3006 = EDGE_LOOP ( 'NONE', ( #853, #219, #731, #2020 ) ) ;
#3007 = CARTESIAN_POINT ( 'NONE',  ( -14.50000000000028777, 29.50000000000000355, -8.999999999999998224 ) ) ;
#3008 = DIRECTION ( 'NONE',  ( 0.000000000000000000, 0.000000000000000000, 1.000000000000000000 ) ) ;
#3009 =( LENGTH_UNIT ( ) NAMED_UNIT ( * ) SI_UNIT ( .MILLI., .METRE. ) );
#3010 = CARTESIAN_POINT ( 'NONE',  ( -40.90000000000000568, 3.768728515410834312, 17.50000000000000355 ) ) ;
#3011 = ORIENTED_EDGE ( 'NONE', *, *, #150, .T. ) ;
#3012 = VECTOR ( 'NONE', #1124, 1000.000000000000000 ) ;
#3013 = EDGE_CURVE ( 'NONE', #379, #1356, #913, .T. ) ;
#3014 = PRESENTATION_STYLE_ASSIGNMENT (( #3058 ) ) ;
#3015 = ORIENTED_EDGE ( 'NONE', *, *, #1001, .T. ) ;
#3016 =( LENGTH_UNIT ( ) NAMED_UNIT ( * ) SI_UNIT ( .MILLI., .METRE. ) );
#3017 = DIRECTION ( 'NONE',  ( -1.692687528183392866E-16, 1.000000000000000000, -0.000000000000000000 ) ) ;
#3018 = CARTESIAN_POINT ( 'NONE',  ( -11.90000000000007141, 29.50000000000000355, -10.00000000000000000 ) ) ;
#3019 =( NAMED_UNIT ( * ) SI_UNIT ( $, .STERADIAN. ) SOLID_ANGLE_UNIT ( ) );
#3020 = CARTESIAN_POINT ( 'NONE',  ( -14.50000000000018296, 47.59999999999999432, 0.000000000000000000 ) ) ;
#3021 = DIRECTION ( 'NONE',  ( 0.000000000000000000, 0.8660254037844385966, 0.5000000000000002220 ) ) ;
#3022 = ORIENTED_EDGE ( 'NONE', *, *, #1431, .F. ) ;
#3023 =( GEOMETRIC_REPRESENTATION_CONTEXT ( 3 ) GLOBAL_UNCERTAINTY_ASSIGNED_CONTEXT ( ( #2561 ) ) GLOBAL_UNIT_ASSIGNED_CONTEXT ( ( #3009, #605, #3333 ) ) REPRESENTATION_CONTEXT ( 'NONE', 'WORKASPACE' ) );
#3024 =( NAMED_UNIT ( * ) PLANE_ANGLE_UNIT ( ) SI_UNIT ( $, .RADIAN. ) );
#3025 = ORIENTED_EDGE ( 'NONE', *, *, #58, .T. ) ;
#3026 = EDGE_CURVE ( 'NONE', #3520, #2579, #1883, .T. ) ;
#3027 = CIRCLE ( 'NONE', #2409, 1.000000000000002665 ) ;
#3028 = DIRECTION ( 'NONE',  ( -0.000000000000000000, 0.000000000000000000, 1.000000000000000000 ) ) ;
#3029 = DIRECTION ( 'NONE',  ( -2.102695122396129176E-16, -1.000000000000000000, 0.000000000000000000 ) ) ;
#3030 = SURFACE_STYLE_USAGE ( .BOTH. , #1245 ) ;
#3031 = SURFACE_STYLE_USAGE ( .BOTH. , #2756 ) ;
#3032 = STYLED_ITEM ( 'NONE', ( #2458 ), #1469 ) ;
#3033 = DIRECTION ( 'NONE',  ( 2.005460665869141288E-16, -1.000000000000000000, 0.000000000000000000 ) ) ;
#3034 = DIRECTION ( 'NONE',  ( 1.000000000000000000, 0.000000000000000000, 2.262601074752080009E-32 ) ) ;
#3035 = ORIENTED_EDGE ( 'NONE', *, *, #490, .T. ) ;
#3036 = EDGE_LOOP ( 'NONE', ( #2965, #3654, #1467, #329 ) ) ;
#3037 = VECTOR ( 'NONE', #115, 1000.000000000000000 ) ;
#3038 =( LENGTH_UNIT ( ) NAMED_UNIT ( * ) SI_UNIT ( .MILLI., .METRE. ) );
#3039 = EDGE_CURVE ( 'NONE', #1188, #2454, #1193, .T. ) ;
#3040 = COLOUR_RGB ( '',1.000000000000000000, 1.000000000000000000, 1.000000000000000000 ) ;
#3041 = PRESENTATION_STYLE_ASSIGNMENT (( #2506 ) ) ;
#3042 = LINE ( 'NONE', #1544, #1004 ) ;
#3043 = LINE ( 'NONE', #3592, #2779 ) ;
#3044 = PRESENTATION_LAYER_ASSIGNMENT (  '', '', ( #2854 ) ) ;
#3045 = AXIS2_PLACEMENT_3D ( 'NONE', #2494, #3651, #710 ) ;
#3046 = ORIENTED_EDGE ( 'NONE', *, *, #100, .T. ) ;
#3047 = SURFACE_STYLE_FILL_AREA ( #302 ) ;
#3048 = ORIENTED_EDGE ( 'NONE', *, *, #2379, .T. ) ;
#3049 = VECTOR ( 'NONE', #863, 1000.000000000000000 ) ;
#3050 = COLOUR_RGB ( '',1.000000000000000000, 1.000000000000000000, 1.000000000000000000 ) ;
#3051 = CARTESIAN_POINT ( 'NONE',  ( 0.9999999999998170352, 47.59999999999999432, 1.078520768856852078E-29 ) ) ;
#3052 = EDGE_CURVE ( 'NONE', #2387, #3808, #483, .T. ) ;
#3053 = LINE ( 'NONE', #2474, #2463 ) ;
#3054 = DIRECTION ( 'NONE',  ( 0.000000000000000000, 1.000000000000000000, 0.000000000000000000 ) ) ;
#3055 = DIRECTION ( 'NONE',  ( 2.102695122396129176E-16, 1.000000000000000000, 0.000000000000000000 ) ) ;
#3056 = ORIENTED_EDGE ( 'NONE', *, *, #3052, .T. ) ;
#3057 = VECTOR ( 'NONE', #479, 1000.000000000000000 ) ;
#3058 = SURFACE_STYLE_USAGE ( .BOTH. , #1900 ) ;
#3059 = ORIENTED_EDGE ( 'NONE', *, *, #763, .T. ) ;
#3060 = DIRECTION ( 'NONE',  ( -1.000000000000000000, -1.982541115402065110E-16, -0.000000000000000000 ) ) ;
#3061 = AXIS2_PLACEMENT_3D ( 'NONE', #2321, #2937, #2646 ) ;
#3062 = DIRECTION ( 'NONE',  ( -1.000000000000000000, -1.982541115402065110E-16, -0.000000000000000000 ) ) ;
#3063 = LINE ( 'NONE', #3321, #1940 ) ;
#3064 = CARTESIAN_POINT ( 'NONE',  ( -17.10000000000007248, 29.50000000000000355, -5.932754287840704718E-15 ) ) ;
#3065 = EDGE_CURVE ( 'NONE', #1864, #3106, #1789, .T. ) ;
#3066 = ORIENTED_EDGE ( 'NONE', *, *, #1293, .F. ) ;
#3067 = CARTESIAN_POINT ( 'NONE',  ( 40.89999999999999858, 0.000000000000000000, 17.50000000000000000 ) ) ;
#3068 = FILL_AREA_STYLE ('',( #1010 ) ) ;
#3069 = FACE_OUTER_BOUND ( 'NONE', #1932, .T. ) ;
#3070 = SURFACE_STYLE_FILL_AREA ( #3599 ) ;
#3071 = VERTEX_POINT ( 'NONE', #523 ) ;
#3072 = ORIENTED_EDGE ( 'NONE', *, *, #1759, .F. ) ;
#3073 = PRESENTATION_STYLE_ASSIGNMENT (( #3588 ) ) ;
#3074 = CARTESIAN_POINT ( 'NONE',  ( -22.50000000000000000, 34.60000000000000142, -17.50000000000000000 ) ) ;
#3075 =( GEOMETRIC_REPRESENTATION_CONTEXT ( 3 ) GLOBAL_UNCERTAINTY_ASSIGNED_CONTEXT ( ( #3739 ) ) GLOBAL_UNIT_ASSIGNED_CONTEXT ( ( #2637, #3001, #3234 ) ) REPRESENTATION_CONTEXT ( 'NONE', 'WORKASPACE' ) );
#3076 = FILL_AREA_STYLE_COLOUR ( '', #418 ) ;
#3077 = DIRECTION ( 'NONE',  ( 0.000000000000000000, 0.000000000000000000, 1.000000000000000000 ) ) ;
#3078 =( GEOMETRIC_REPRESENTATION_CONTEXT ( 3 ) GLOBAL_UNCERTAINTY_ASSIGNED_CONTEXT ( ( #1343 ) ) GLOBAL_UNIT_ASSIGNED_CONTEXT ( ( #2508, #2424, #382 ) ) REPRESENTATION_CONTEXT ( 'NONE', 'WORKASPACE' ) );
#3079 = LINE ( 'NONE', #2186, #1139 ) ;
#3080 = EDGE_CURVE ( 'NONE', #2079, #344, #2665, .T. ) ;
#3081 = ORIENTED_EDGE ( 'NONE', *, *, #692, .T. ) ;
#3082 = EDGE_CURVE ( 'NONE', #3122, #3498, #1413, .T. ) ;
#3083 = MECHANICAL_DESIGN_GEOMETRIC_PRESENTATION_REPRESENTATION (  '', ( #917 ), #1539 ) ;
#3084 = DIRECTION ( 'NONE',  ( -0.000000000000000000, 1.000000000000000000, -0.000000000000000000 ) ) ;
#3085 = CARTESIAN_POINT ( 'NONE',  ( -40.49999999999999289, 8.768728515410835200, 14.00137567297407770 ) ) ;
#3086 = FACE_OUTER_BOUND ( 'NONE', #3217, .T. ) ;
#3087 = VERTEX_POINT ( 'NONE', #2352 ) ;
#3088 =( GEOMETRIC_REPRESENTATION_CONTEXT ( 3 ) GLOBAL_UNCERTAINTY_ASSIGNED_CONTEXT ( ( #3492 ) ) GLOBAL_UNIT_ASSIGNED_CONTEXT ( ( #2309, #2364, #1097 ) ) REPRESENTATION_CONTEXT ( 'NONE', 'WORKASPACE' ) );
#3089 = PLANE ( 'NONE',  #2915 ) ;
#3090 = COLOUR_RGB ( '',1.000000000000000000, 1.000000000000000000, 1.000000000000000000 ) ;
#3091 = VERTEX_POINT ( 'NONE', #1711 ) ;
#3092 = FILL_AREA_STYLE ('',( #56 ) ) ;
#3093 = DIRECTION ( 'NONE',  ( -1.692687528183392866E-16, 1.000000000000000000, -0.000000000000000000 ) ) ;
#3094 = VECTOR ( 'NONE', #890, 1000.000000000000000 ) ;
#3095 = FACE_OUTER_BOUND ( 'NONE', #1008, .T. ) ;
#3096 =( NAMED_UNIT ( * ) SI_UNIT ( $, .STERADIAN. ) SOLID_ANGLE_UNIT ( ) );
#3097 = ADVANCED_FACE ( 'NONE', ( #2914, #282, #3255 ), #3481, .F. ) ;
#3098 = STYLED_ITEM ( 'NONE', ( #2642 ), #2327 ) ;
#3099 = COLOUR_RGB ( '',1.000000000000000000, 1.000000000000000000, 1.000000000000000000 ) ;
#3100 = VERTEX_POINT ( 'NONE', #348 ) ;
#3101 =( GEOMETRIC_REPRESENTATION_CONTEXT ( 3 ) GLOBAL_UNCERTAINTY_ASSIGNED_CONTEXT ( ( #241 ) ) GLOBAL_UNIT_ASSIGNED_CONTEXT ( ( #3330, #2473, #1512 ) ) REPRESENTATION_CONTEXT ( 'NONE', 'WORKASPACE' ) );
#3102 = DIRECTION ( 'NONE',  ( 1.982541115402065356E-16, 1.000000000000000000, 0.000000000000000000 ) ) ;
#3103 = EDGE_CURVE ( 'NONE', #3379, #1163, #2990, .T. ) ;
#3104 = DIRECTION ( 'NONE',  ( 1.000000000000000000, -1.982541115402065356E-16, 0.000000000000000000 ) ) ;
#3105 = UNCERTAINTY_MEASURE_WITH_UNIT (LENGTH_MEASURE( 1.000000000000000082E-05 ), #183, 'distance_accuracy_value', 'NONE');
#3106 = VERTEX_POINT ( 'NONE', #2755 ) ;
#3107 = AXIS2_PLACEMENT_3D ( 'NONE', #879, #2687, #3502 ) ;
#3108 = CARTESIAN_POINT ( 'NONE',  ( 42.49999999999999289, 16.19999999999999929, 6.299999999999997158 ) ) ;
#3109 = UNCERTAINTY_MEASURE_WITH_UNIT (LENGTH_MEASURE( 1.000000000000000082E-05 ), #3817, 'distance_accuracy_value', 'NONE');
#3110 = ORIENTED_EDGE ( 'NONE', *, *, #1979, .F. ) ;
#3111 = DIRECTION ( 'NONE',  ( 1.000000000000000000, -1.982541115402065110E-16, -0.000000000000000000 ) ) ;
#3112 = PRESENTATION_LAYER_ASSIGNMENT (  '', '', ( #2315 ) ) ;
#3113 = DIRECTION ( 'NONE',  ( 1.000000000000000000, 1.982541115402065110E-16, 0.000000000000000000 ) ) ;
#3114 = AXIS2_PLACEMENT_3D ( 'NONE', #1559, #350, #2157 ) ;
#3115 = ADVANCED_FACE ( 'NONE', ( #3069 ), #631, .T. ) ;
#3116 = FILL_AREA_STYLE ('',( #2021 ) ) ;
#3117 = CARTESIAN_POINT ( 'NONE',  ( -11.90000000000007141, 29.50000000000000355, -1.032160468206205940E-15 ) ) ;
#3118 = ORIENTED_EDGE ( 'NONE', *, *, #3338, .T. ) ;
#3119 = DIRECTION ( 'NONE',  ( -3.126509649979279245E-32, -1.577021341797097560E-16, 1.000000000000000000 ) ) ;
#3120 =( LENGTH_UNIT ( ) NAMED_UNIT ( * ) SI_UNIT ( .MILLI., .METRE. ) );
#3121 = DIRECTION ( 'NONE',  ( 0.000000000000000000, 0.000000000000000000, 1.000000000000000000 ) ) ;
#3122 = VERTEX_POINT ( 'NONE', #2457 ) ;
#3123 = ORIENTED_EDGE ( 'NONE', *, *, #2127, .F. ) ;
#3124 = DIRECTION ( 'NONE',  ( -0.000000000000000000, 1.000000000000000000, -0.000000000000000000 ) ) ;
#3125 = PRODUCT ( '\X2\0412043504400445043d044f044f\X0\ \X2\043a0440044b0448043a0430\X0\', '\X2\0412043504400445043d044f044f\X0\ \X2\043a0440044b0448043a0430\X0\', '', ( #176 ) ) ;
#3126 = DIRECTION ( 'NONE',  ( 0.000000000000000000, 0.000000000000000000, 1.000000000000000000 ) ) ;
#3127 = EDGE_CURVE ( 'NONE', #254, #2782, #2174, .T. ) ;
#3128 = CARTESIAN_POINT ( 'NONE',  ( -14.50000000000023093, 29.50000000000000355, -5.000000000000000000 ) ) ;
#3129 = CARTESIAN_POINT ( 'NONE',  ( -40.49999999999999289, 13.19999999999999751, -8.200000000000013500 ) ) ;
#3130 = CARTESIAN_POINT ( 'NONE',  ( -14.50000000000028422, 29.50000000000000355, -10.00000000000000000 ) ) ;
#3131 = CIRCLE ( 'NONE', #70, 1.500000000000759393 ) ;
#3132 = UNCERTAINTY_MEASURE_WITH_UNIT (LENGTH_MEASURE( 1.000000000000000082E-05 ), #1545, 'distance_accuracy_value', 'NONE');
#3133 = DIRECTION ( 'NONE',  ( 0.000000000000000000, 0.000000000000000000, 1.000000000000000000 ) ) ;
#3134 = ORIENTED_EDGE ( 'NONE', *, *, #829, .F. ) ;
#3135 = AXIS2_PLACEMENT_3D ( 'NONE', #1582, #613, #1308 ) ;
#3136 = CARTESIAN_POINT ( 'NONE',  ( 40.50000000000000000, 27.19999999999999929, 6.299999999999998934 ) ) ;
#3138 =( NAMED_UNIT ( * ) SI_UNIT ( $, .STERADIAN. ) SOLID_ANGLE_UNIT ( ) );
#3137 = CIRCLE ( 'NONE', #2225, 1.000000000000000888 ) ;
#3139 = DIRECTION ( 'NONE',  ( 8.673617379884035472E-17, 1.468172396316442490E-32, -1.000000000000000000 ) ) ;
#3140 = PRESENTATION_STYLE_ASSIGNMENT (( #1968 ) ) ;
#3141 = EDGE_LOOP ( 'NONE', ( #1740, #1837 ) ) ;
#3142 = CARTESIAN_POINT ( 'NONE',  ( 0.9999999999998172573, 47.59999999999999432, -1.499999999999999556 ) ) ;
#3143 = ORIENTED_EDGE ( 'NONE', *, *, #3513, .F. ) ;
#3144 = CARTESIAN_POINT ( 'NONE',  ( 0.9999999999998170352, 49.60000000000000142, 1.078520768856852078E-29 ) ) ;
#3145 = CARTESIAN_POINT ( 'NONE',  ( -22.50000000000000000, 34.60000000000000142, 17.50000000000000000 ) ) ;
#3146 = PRESENTATION_LAYER_ASSIGNMENT (  '', '', ( #719 ) ) ;
#3147 = DIRECTION ( 'NONE',  ( 1.000000000000000000, 1.660022465049576262E-16, 3.469446951953614189E-16 ) ) ;
#3148 = CARTESIAN_POINT ( 'NONE',  ( -42.49999999999999289, 3.768728515410834312, -14.00137567297412922 ) ) ;
#3149 = PRESENTATION_STYLE_ASSIGNMENT (( #1116 ) ) ;
#3150 = PRESENTATION_LAYER_ASSIGNMENT (  '', '', ( #32 ) ) ;
#3151 = DIRECTION ( 'NONE',  ( 0.000000000000000000, 1.000000000000000000, 0.000000000000000000 ) ) ;
#3152 = VERTEX_POINT ( 'NONE', #3332 ) ;
#3153 = CIRCLE ( 'NONE', #926, 1.499999999999999778 ) ;
#3154 = PRODUCT_DEFINITION_SHAPE ( 'NONE', 'NONE',  #3243 ) ;
#3155 = DIRECTION ( 'NONE',  ( -0.000000000000000000, 1.000000000000000000, 1.141263127999853538E-16 ) ) ;
#3156 = LINE ( 'NONE', #3420, #1434 ) ;
#3157 = PRESENTATION_STYLE_ASSIGNMENT (( #3663 ) ) ;
#3158 = ORIENTED_EDGE ( 'NONE', *, *, #968, .T. ) ;
#3159 = MECHANICAL_DESIGN_GEOMETRIC_PRESENTATION_REPRESENTATION (  '', ( #3098 ), #1422 ) ;
#3160 = STYLED_ITEM ( 'NONE', ( #2346 ), #1641 ) ;
#3161 = EDGE_CURVE ( 'NONE', #2625, #2318, #3632, .T. ) ;
#3162 = VECTOR ( 'NONE', #3359, 1000.000000000000000 ) ;
#3163 = SURFACE_STYLE_USAGE ( .BOTH. , #713 ) ;
#3164 = EDGE_LOOP ( 'NONE', ( #3118, #3072, #1730, #1726 ) ) ;
#3165 = CARTESIAN_POINT ( 'NONE',  ( -14.50000000000023448, 49.60000000000000142, -6.000000000000001776 ) ) ;
#3166 = CARTESIAN_POINT ( 'NONE',  ( 37.50000000000145661, 34.60000000000000142, 12.50000000000007816 ) ) ;
#3167 =( NAMED_UNIT ( * ) SI_UNIT ( $, .STERADIAN. ) SOLID_ANGLE_UNIT ( ) );
#3168 = DIRECTION ( 'NONE',  ( 8.690074431231736500E-17, -0.4383300988675518095, 0.8988140655479098795 ) ) ;
#3169 = AXIS2_PLACEMENT_3D ( 'NONE', #158, #120, #3104 ) ;
#3170 = EDGE_CURVE ( 'NONE', #743, #344, #2927, .T. ) ;
#3171 = CARTESIAN_POINT ( 'NONE',  ( 0.000000000000000000, 0.000000000000000000, 17.50000000000000000 ) ) ;
#3172 = PRESENTATION_STYLE_ASSIGNMENT (( #2005 ) ) ;
#3173 = AXIS2_PLACEMENT_3D ( 'NONE', #2429, #2130, #342 ) ;
#3174 = ORIENTED_EDGE ( 'NONE', *, *, #3746, .F. ) ;
#3175 = ADVANCED_FACE ( 'NONE', ( #1894 ), #2411, .F. ) ;
#3176 = VECTOR ( 'NONE', #2378, 1000.000000000000000 ) ;
#3177 = SURFACE_SIDE_STYLE ('',( #172 ) ) ;
#3178 = FILL_AREA_STYLE ('',( #3795 ) ) ;
#3179 = LINE ( 'NONE', #2086, #300 ) ;
#3180 = EDGE_LOOP ( 'NONE', ( #1638, #2942, #3695, #1592, #33, #1957 ) ) ;
#3181 = CARTESIAN_POINT ( 'NONE',  ( -14.50000000000007461, 29.50000000000000355, 10.00000000000000000 ) ) ;
#3182 = VERTEX_POINT ( 'NONE', #3311 ) ;
#3183 = CARTESIAN_POINT ( 'NONE',  ( -14.50000000000028422, 29.50000000000000355, -10.00000000000000000 ) ) ;
#3184 =( NAMED_UNIT ( * ) PLANE_ANGLE_UNIT ( ) SI_UNIT ( $, .RADIAN. ) );
#3185 = CARTESIAN_POINT ( 'NONE',  ( -40.90000000000000568, 3.329129092832149528, 7.283861643578839029 ) ) ;
#3186 = CARTESIAN_POINT ( 'NONE',  ( -28.91000000000001791, 32.59999999999999432, -12.55799999999999628 ) ) ;
#3187 = ORIENTED_EDGE ( 'NONE', *, *, #802, .F. ) ;
#3188 = ADVANCED_FACE ( 'NONE', ( #1389 ), #1061, .F. ) ;
#3189 = CARTESIAN_POINT ( 'NONE',  ( -42.49999999999999289, 0.000000000000000000, 17.50000000000000000 ) ) ;
#3190 = UNCERTAINTY_MEASURE_WITH_UNIT (LENGTH_MEASURE( 1.000000000000000082E-05 ), #2516, 'distance_accuracy_value', 'NONE');
#3191 = EDGE_LOOP ( 'NONE', ( #2329, #3722, #3143, #122 ) ) ;
#3192 = VECTOR ( 'NONE', #2989, 1000.000000000000000 ) ;
#3193 = DIRECTION ( 'NONE',  ( 0.000000000000000000, 1.000000000000000000, -0.000000000000000000 ) ) ;
#3194 = CYLINDRICAL_SURFACE ( 'NONE', #2140, 1.000000000000002665 ) ;
#3195 = CARTESIAN_POINT ( 'NONE',  ( -22.50000000000000000, 34.60000000000000142, 17.50000000000000000 ) ) ;
#3196 = AXIS2_PLACEMENT_3D ( 'NONE', #3130, #1342, #2822 ) ;
#3197 = EDGE_CURVE ( 'NONE', #533, #1356, #1505, .T. ) ;
#3198 = ORIENTED_EDGE ( 'NONE', *, *, #1099, .F. ) ;
#3199 = AXIS2_PLACEMENT_3D ( 'NONE', #3488, #1902, #3282 ) ;
#3200 = CARTESIAN_POINT ( 'NONE',  ( 40.90000000000000568, 27.19999999999999929, -6.299999999999997158 ) ) ;
#3201 = VERTEX_POINT ( 'NONE', #174 ) ;
#3202 = DIRECTION ( 'NONE',  ( 0.000000000000000000, 0.8660254037844387076, -0.4999999999999997224 ) ) ;
#3203 =( NAMED_UNIT ( * ) PLANE_ANGLE_UNIT ( ) SI_UNIT ( $, .RADIAN. ) );
#3204 = SURFACE_STYLE_USAGE ( .BOTH. , #2898 ) ;
#3205 = FILL_AREA_STYLE_COLOUR ( '', #2120 ) ;
#3206 = AXIS2_PLACEMENT_3D ( 'NONE', #3579, #2435, #1557 ) ;
#3207 = ORIENTED_EDGE ( 'NONE', *, *, #3127, .T. ) ;
#3208 = FACE_BOUND ( 'NONE', #1231, .T. ) ;
#3209 =( LENGTH_UNIT ( ) NAMED_UNIT ( * ) SI_UNIT ( .MILLI., .METRE. ) );
#3210 = DIRECTION ( 'NONE',  ( -0.000000000000000000, -0.000000000000000000, -1.000000000000000000 ) ) ;
#3211 = ADVANCED_FACE ( 'NONE', ( #3381 ), #2239, .F. ) ;
#3212 = AXIS2_PLACEMENT_3D ( 'NONE', #1960, #1292, #3126 ) ;
#3213 =( NAMED_UNIT ( * ) PLANE_ANGLE_UNIT ( ) SI_UNIT ( $, .RADIAN. ) );
#3214 = ORIENTED_EDGE ( 'NONE', *, *, #2004, .T. ) ;
#3215 =( GEOMETRIC_REPRESENTATION_CONTEXT ( 3 ) GLOBAL_UNCERTAINTY_ASSIGNED_CONTEXT ( ( #124 ) ) GLOBAL_UNIT_ASSIGNED_CONTEXT ( ( #572, #2981, #3557 ) ) REPRESENTATION_CONTEXT ( 'NONE', 'WORKASPACE' ) );
#3216 = DIRECTION ( 'NONE',  ( 1.000000000000000000, 0.000000000000000000, 0.000000000000000000 ) ) ;
#3217 = EDGE_LOOP ( 'NONE', ( #1031, #1969, #1043, #2151 ) ) ;
#3218 =( GEOMETRIC_REPRESENTATION_CONTEXT ( 3 ) GLOBAL_UNCERTAINTY_ASSIGNED_CONTEXT ( ( #2837 ) ) GLOBAL_UNIT_ASSIGNED_CONTEXT ( ( #548, #1136, #2920 ) ) REPRESENTATION_CONTEXT ( 'NONE', 'WORKASPACE' ) );
#3219 = UNCERTAINTY_MEASURE_WITH_UNIT (LENGTH_MEASURE( 1.000000000000000082E-05 ), #1553, 'distance_accuracy_value', 'NONE');
#3220 = DIRECTION ( 'NONE',  ( -0.000000000000000000, 1.000000000000000000, -0.000000000000000000 ) ) ;
#3221 = ORIENTED_EDGE ( 'NONE', *, *, #1886, .T. ) ;
#3222 = SURFACE_SIDE_STYLE ('',( #2969 ) ) ;
#3223 =( NAMED_UNIT ( * ) SI_UNIT ( $, .STERADIAN. ) SOLID_ANGLE_UNIT ( ) );
#3224 = EDGE_CURVE ( 'NONE', #448, #885, #1649, .T. ) ;
#3225 = SURFACE_STYLE_USAGE ( .BOTH. , #1795 ) ;
#3226 = VERTEX_POINT ( 'NONE', #2547 ) ;
#3227 = LINE ( 'NONE', #1138, #3533 ) ;
#3228 = PRESENTATION_LAYER_ASSIGNMENT (  '', '', ( #1501 ) ) ;
#3229 = CARTESIAN_POINT ( 'NONE',  ( -42.49999999999999289, 8.768728515410835200, -11.11462432702599834 ) ) ;
#3230 = FILL_AREA_STYLE_COLOUR ( '', #788 ) ;
#3231 =( NAMED_UNIT ( * ) SI_UNIT ( $, .STERADIAN. ) SOLID_ANGLE_UNIT ( ) );
#3232 = ORIENTED_EDGE ( 'NONE', *, *, #2698, .T. ) ;
#3233 = CIRCLE ( 'NONE', #2068, 1.499999999999999778 ) ;
#3234 =( NAMED_UNIT ( * ) SI_UNIT ( $, .STERADIAN. ) SOLID_ANGLE_UNIT ( ) );
#3235 = CARTESIAN_POINT ( 'NONE',  ( -42.49999999999999289, 7.695000000000005613, -5.540000000000013358 ) ) ;
#3236 = EDGE_LOOP ( 'NONE', ( #2632, #1723 ) ) ;
#3237 =( GEOMETRIC_REPRESENTATION_CONTEXT ( 3 ) GLOBAL_UNCERTAINTY_ASSIGNED_CONTEXT ( ( #3552 ) ) GLOBAL_UNIT_ASSIGNED_CONTEXT ( ( #845, #3213, #3231 ) ) REPRESENTATION_CONTEXT ( 'NONE', 'WORKASPACE' ) );
#3238 = VERTEX_POINT ( 'NONE', #2259 ) ;
#3239 = ORIENTED_EDGE ( 'NONE', *, *, #2568, .T. ) ;
#3240 = PLANE ( 'NONE',  #3263 ) ;
#3241 = FACE_BOUND ( 'NONE', #3180, .T. ) ;
#3242 = LINE ( 'NONE', #1228, #893 ) ;
#3243 = PRODUCT_DEFINITION ( 'UNKNOWN', '', #1635, #1480 ) ;
#3244 = DIRECTION ( 'NONE',  ( -0.000000000000000000, 1.000000000000000000, -0.000000000000000000 ) ) ;
#3245 = ORIENTED_EDGE ( 'NONE', *, *, #3838, .T. ) ;
#3246 = LINE ( 'NONE', #1442, #2557 ) ;
#3247 = LINE ( 'NONE', #2922, #1909 ) ;
#3248 = EDGE_CURVE ( 'NONE', #2047, #2408, #3156, .T. ) ;
#3249 = CARTESIAN_POINT ( 'NONE',  ( 42.49999999999999289, 0.000000000000000000, 17.50000000000000000 ) ) ;
#3250 =( NAMED_UNIT ( * ) SI_UNIT ( $, .STERADIAN. ) SOLID_ANGLE_UNIT ( ) );
#3251 = ORIENTED_EDGE ( 'NONE', *, *, #1206, .T. ) ;
#3252 = CARTESIAN_POINT ( 'NONE',  ( 22.50000000000000000, 49.60000000000000142, 17.50000000000000000 ) ) ;
#3253 = ORIENTED_EDGE ( 'NONE', *, *, #2294, .T. ) ;
#3254 = EDGE_CURVE ( 'NONE', #3779, #3087, #3720, .T. ) ;
#3255 = FACE_OUTER_BOUND ( 'NONE', #3339, .T. ) ;
#3256 = DIRECTION ( 'NONE',  ( 0.000000000000000000, -0.8660254037844384856, -0.5000000000000002220 ) ) ;
#3257 = SURFACE_STYLE_USAGE ( .BOTH. , #2094 ) ;
#3258 = CARTESIAN_POINT ( 'NONE',  ( -40.90000000000000568, 12.05168633537636147, -18.78354360001754841 ) ) ;
#3259 =( GEOMETRIC_REPRESENTATION_CONTEXT ( 3 ) GLOBAL_UNCERTAINTY_ASSIGNED_CONTEXT ( ( #2866 ) ) GLOBAL_UNIT_ASSIGNED_CONTEXT ( ( #3209, #920, #1158 ) ) REPRESENTATION_CONTEXT ( 'NONE', 'WORKASPACE' ) );
#3260 = ORIENTED_EDGE ( 'NONE', *, *, #2363, .T. ) ;
#3261 = FILL_AREA_STYLE_COLOUR ( '', #541 ) ;
#3262 = DIRECTION ( 'NONE',  ( 0.000000000000000000, -1.000000000000000000, 0.000000000000000000 ) ) ;
#3263 = AXIS2_PLACEMENT_3D ( 'NONE', #2300, #3824, #3256 ) ;
#3264 = CARTESIAN_POINT ( 'NONE',  ( 37.50000000000148503, 32.59999999999999432, -12.50000000000002132 ) ) ;
#3265 = EDGE_CURVE ( 'NONE', #2584, #1064, #2208, .T. ) ;
#3266 = FACE_OUTER_BOUND ( 'NONE', #1, .T. ) ;
#3267 = LINE ( 'NONE', #2403, #3383 ) ;
#3268 = VERTEX_POINT ( 'NONE', #1744 ) ;
#3269 = VECTOR ( 'NONE', #1438, 1000.000000000000000 ) ;
#3270 = ORIENTED_EDGE ( 'NONE', *, *, #1543, .T. ) ;
#3271 = VECTOR ( 'NONE', #3391, 1000.000000000000000 ) ;
#3272 = CARTESIAN_POINT ( 'NONE',  ( -28.91000000000001791, 33.00000000000000000, -14.05800000000075478 ) ) ;
#3273 = FILL_AREA_STYLE_COLOUR ( '', #264 ) ;
#3274 = FILL_AREA_STYLE_COLOUR ( '', #3090 ) ;
#3275 = CARTESIAN_POINT ( 'NONE',  ( -14.50000000000007816, 49.60000000000000142, 10.00000000000000000 ) ) ;
#3276 = AXIS2_PLACEMENT_3D ( 'NONE', #9, #2159, #657 ) ;
#3277 = UNCERTAINTY_MEASURE_WITH_UNIT (LENGTH_MEASURE( 1.000000000000000082E-05 ), #71, 'distance_accuracy_value', 'NONE');
#3278 = EDGE_CURVE ( 'NONE', #3834, #3454, #47, .T. ) ;
#3279 = STYLED_ITEM ( 'NONE', ( #928 ), #2390 ) ;
#3280 = ORIENTED_EDGE ( 'NONE', *, *, #3756, .F. ) ;
#3281 = CARTESIAN_POINT ( 'NONE',  ( -17.10000000000007248, 29.50000000000000355, -5.932754287840704718E-15 ) ) ;
#3282 = DIRECTION ( 'NONE',  ( 0.000000000000000000, 0.000000000000000000, 1.000000000000000000 ) ) ;
#3283 =( GEOMETRIC_REPRESENTATION_CONTEXT ( 3 ) GLOBAL_UNCERTAINTY_ASSIGNED_CONTEXT ( ( #730 ) ) GLOBAL_UNIT_ASSIGNED_CONTEXT ( ( #517, #2066, #1432 ) ) REPRESENTATION_CONTEXT ( 'NONE', 'WORKASPACE' ) );
#3284 = LINE ( 'NONE', #317, #1738 ) ;
#3285 = AXIS2_PLACEMENT_3D ( 'NONE', #2692, #3849, #249 ) ;
#3286 = SURFACE_SIDE_STYLE ('',( #593 ) ) ;
#3287 = DIRECTION ( 'NONE',  ( 1.982541115402065110E-16, 1.000000000000000000, 0.000000000000000000 ) ) ;
#3288 = ORIENTED_EDGE ( 'NONE', *, *, #1431, .T. ) ;
#3289 =( GEOMETRIC_REPRESENTATION_CONTEXT ( 3 ) GLOBAL_UNCERTAINTY_ASSIGNED_CONTEXT ( ( #2833 ) ) GLOBAL_UNIT_ASSIGNED_CONTEXT ( ( #2538, #1107, #3668 ) ) REPRESENTATION_CONTEXT ( 'NONE', 'WORKASPACE' ) );
#3290 = FACE_OUTER_BOUND ( 'NONE', #807, .T. ) ;
#3291 = COLOUR_RGB ( '',1.000000000000000000, 1.000000000000000000, 1.000000000000000000 ) ;
#3292 = VERTEX_POINT ( 'NONE', #1470 ) ;
#3293 = EDGE_CURVE ( 'NONE', #2188, #3337, #3233, .T. ) ;
#3294 = LINE ( 'NONE', #347, #2028 ) ;
#3295 =( NAMED_UNIT ( * ) SI_UNIT ( $, .STERADIAN. ) SOLID_ANGLE_UNIT ( ) );
#3296 = CARTESIAN_POINT ( 'NONE',  ( -40.49999999999999289, 3.329129092832149528, 7.283861643578839029 ) ) ;
#3297 = DIRECTION ( 'NONE',  ( -1.000000000000000000, 0.000000000000000000, 0.000000000000000000 ) ) ;
#3299 = ORIENTED_EDGE ( 'NONE', *, *, #1383, .F. ) ;
#3298 = PRESENTATION_LAYER_ASSIGNMENT (  '', '', ( #2807 ) ) ;
#3300 =( GEOMETRIC_REPRESENTATION_CONTEXT ( 3 ) GLOBAL_UNCERTAINTY_ASSIGNED_CONTEXT ( ( #2704 ) ) GLOBAL_UNIT_ASSIGNED_CONTEXT ( ( #1329, #718, #2018 ) ) REPRESENTATION_CONTEXT ( 'NONE', 'WORKASPACE' ) );
#3301 = FACE_BOUND ( 'NONE', #1446, .T. ) ;
#3302 = ORIENTED_EDGE ( 'NONE', *, *, #896, .F. ) ;
#3303 = SURFACE_STYLE_FILL_AREA ( #2180 ) ;
#3304 = CARTESIAN_POINT ( 'NONE',  ( -28.90999999999853642, 32.59999999999999432, 11.05799999999995364 ) ) ;
#3305 = SURFACE_STYLE_FILL_AREA ( #3640 ) ;
#3306 = PRESENTATION_STYLE_ASSIGNMENT (( #982 ) ) ;
#3307 = EDGE_LOOP ( 'NONE', ( #221, #637, #3158, #1269, #2245, #189, #3660, #496, #438, #2660, #1171, #2809 ) ) ;
#3308 = ORIENTED_EDGE ( 'NONE', *, *, #1741, .T. ) ;
#3309 = LINE ( 'NONE', #629, #600 ) ;
#3310 = DIRECTION ( 'NONE',  ( 1.982541115402065110E-16, -1.000000000000000000, -1.502314598737159031E-16 ) ) ;
#3311 = CARTESIAN_POINT ( 'NONE',  ( 37.50000000000148503, 33.00000000000000711, -11.00000000000002309 ) ) ;
#3312 = SURFACE_SIDE_STYLE ('',( #1515 ) ) ;
#3313 = CARTESIAN_POINT ( 'NONE',  ( -17.10000000000007603, 29.50000000000000355, 10.00000000000000000 ) ) ;
#3314 = DIRECTION ( 'NONE',  ( 1.660022465049576262E-16, -1.000000000000000000, -0.000000000000000000 ) ) ;
#3315 = ORIENTED_EDGE ( 'NONE', *, *, #852, .T. ) ;
#3316 = AXIS2_PLACEMENT_3D ( 'NONE', #3020, #1291, #3077 ) ;
#3317 = SURFACE_SIDE_STYLE ('',( #636 ) ) ;
#3318 = VERTEX_POINT ( 'NONE', #1704 ) ;
#3319 = MECHANICAL_DESIGN_GEOMETRIC_PRESENTATION_REPRESENTATION (  '', ( #2528 ), #1034 ) ;
#3320 =( LENGTH_UNIT ( ) NAMED_UNIT ( * ) SI_UNIT ( .MILLI., .METRE. ) );
#3321 = CARTESIAN_POINT ( 'NONE',  ( 22.50000000000000000, 34.60000000000000142, 17.50000000000000000 ) ) ;
#3322 = DIRECTION ( 'NONE',  ( 0.000000000000000000, -1.000000000000000000, -1.141263127999853784E-16 ) ) ;
#3323 = CARTESIAN_POINT ( 'NONE',  ( -40.49999999999999289, 6.268728515410835200, 15.44475134594814136 ) ) ;
#3324 = EDGE_LOOP ( 'NONE', ( #2640, #1335, #3066, #3363 ) ) ;
#3325 = AXIS2_PLACEMENT_3D ( 'NONE', #3371, #3443, #1919 ) ;
#3326 = EDGE_CURVE ( 'NONE', #654, #1346, #367, .T. ) ;
#3327 = VECTOR ( 'NONE', #199, 1000.000000000000000 ) ;
#3328 = SURFACE_SIDE_STYLE ('',( #625 ) ) ;
#3329 = VERTEX_POINT ( 'NONE', #2963 ) ;
#3330 =( LENGTH_UNIT ( ) NAMED_UNIT ( * ) SI_UNIT ( .MILLI., .METRE. ) );
#3331 = ORIENTED_EDGE ( 'NONE', *, *, #3838, .F. ) ;
#3332 = CARTESIAN_POINT ( 'NONE',  ( -14.50000000000007816, 49.60000000000000142, 8.999999999999998224 ) ) ;
#3333 =( NAMED_UNIT ( * ) SI_UNIT ( $, .STERADIAN. ) SOLID_ANGLE_UNIT ( ) );
#3334 = PRESENTATION_LAYER_ASSIGNMENT (  '', '', ( #406 ) ) ;
#3335 = SURFACE_STYLE_USAGE ( .BOTH. , #1267 ) ;
#3336 = FILL_AREA_STYLE ('',( #1876 ) ) ;
#3337 = VERTEX_POINT ( 'NONE', #2293 ) ;
#3338 = EDGE_CURVE ( 'NONE', #707, #3602, #1125, .T. ) ;
#3339 = EDGE_LOOP ( 'NONE', ( #1756, #1560, #1418, #918 ) ) ;
#3340 = COLOUR_RGB ( '',1.000000000000000000, 1.000000000000000000, 1.000000000000000000 ) ;
#3341 = LINE ( 'NONE', #3304, #3499 ) ;
#3342 = ADVANCED_FACE ( 'NONE', ( #2659 ), #3194, .F. ) ;
#3343 =( GEOMETRIC_REPRESENTATION_CONTEXT ( 3 ) GLOBAL_UNCERTAINTY_ASSIGNED_CONTEXT ( ( #446 ) ) GLOBAL_UNIT_ASSIGNED_CONTEXT ( ( #3427, #1618, #2540 ) ) REPRESENTATION_CONTEXT ( 'NONE', 'WORKASPACE' ) );
#3344 = DIRECTION ( 'NONE',  ( 0.000000000000000000, -1.000000000000000000, 0.000000000000000000 ) ) ;
#3345 = DIRECTION ( 'NONE',  ( -1.660022465049576262E-16, 1.000000000000000000, -0.000000000000000000 ) ) ;
#3346 = CARTESIAN_POINT ( 'NONE',  ( 37.50000000000148503, 34.60000000000000142, -12.50000000000002132 ) ) ;
#3347 = MECHANICAL_DESIGN_GEOMETRIC_PRESENTATION_REPRESENTATION (  '', ( #2854 ), #2672 ) ;
#3348 = EDGE_LOOP ( 'NONE', ( #1374, #2430 ) ) ;
#3349 = VECTOR ( 'NONE', #755, 1000.000000000000000 ) ;
#3350 =( NAMED_UNIT ( * ) PLANE_ANGLE_UNIT ( ) SI_UNIT ( $, .RADIAN. ) );
#3351 = PRESENTATION_STYLE_ASSIGNMENT (( #2193 ) ) ;
#3352 = DIRECTION ( 'NONE',  ( 0.000000000000000000, 0.000000000000000000, 1.000000000000000000 ) ) ;
#3353 = VERTEX_POINT ( 'NONE', #2368 ) ;
#3354 = PRESENTATION_LAYER_ASSIGNMENT (  '', '', ( #3710 ) ) ;
#3355 = VERTEX_POINT ( 'NONE', #217 ) ;
#3356 = AXIS2_PLACEMENT_3D ( 'NONE', #3853, #3287, #3560 ) ;
#3357 = STYLED_ITEM ( 'NONE', ( #525 ), #3671 ) ;
#3358 = CARTESIAN_POINT ( 'NONE',  ( -5.053858574938570520E-15, 29.50000000000000355, 0.000000000000000000 ) ) ;
#3359 = DIRECTION ( 'NONE',  ( -0.000000000000000000, 1.000000000000000000, -0.000000000000000000 ) ) ;
#3360 = SURFACE_STYLE_USAGE ( .BOTH. , #1843 ) ;
#3361 = EDGE_CURVE ( 'NONE', #814, #2778, #3179, .T. ) ;
#3362 = SURFACE_SIDE_STYLE ('',( #1945 ) ) ;
#3363 = ORIENTED_EDGE ( 'NONE', *, *, #3647, .T. ) ;
#3364 = CARTESIAN_POINT ( 'NONE',  ( -42.49999999999999289, 8.768728515410835200, 11.11462432702595038 ) ) ;
#3365 = CARTESIAN_POINT ( 'NONE',  ( 22.50000000000000000, 49.60000000000000142, 17.50000000000000000 ) ) ;
#3366 = ORIENTED_EDGE ( 'NONE', *, *, #3770, .T. ) ;
#3367 = EDGE_CURVE ( 'NONE', #2584, #1734, #1448, .T. ) ;
#3368 =( LENGTH_UNIT ( ) NAMED_UNIT ( * ) SI_UNIT ( .MILLI., .METRE. ) );
#3369 = EDGE_LOOP ( 'NONE', ( #3548, #2759, #3433, #1251 ) ) ;
#3370 = PRESENTATION_STYLE_ASSIGNMENT (( #2443 ) ) ;
#3371 = CARTESIAN_POINT ( 'NONE',  ( -28.90999999999853642, 33.00000000000000000, 12.55799999999995009 ) ) ;
#3372 = PRESENTATION_LAYER_ASSIGNMENT (  '', '', ( #646 ) ) ;
#3373 = FACE_OUTER_BOUND ( 'NONE', #3324, .T. ) ;
#3374 = STYLED_ITEM ( 'NONE', ( #1924 ), #410 ) ;
#3375 = DIRECTION ( 'NONE',  ( -1.000000000000000000, 0.000000000000000000, -2.262601074752079461E-32 ) ) ;
#3376 = EDGE_CURVE ( 'NONE', #1191, #3182, #752, .T. ) ;
#3377 =( NAMED_UNIT ( * ) PLANE_ANGLE_UNIT ( ) SI_UNIT ( $, .RADIAN. ) );
#3378 = VECTOR ( 'NONE', #1694, 1000.000000000000000 ) ;
#3379 = VERTEX_POINT ( 'NONE', #3737 ) ;
#3380 =( NAMED_UNIT ( * ) PLANE_ANGLE_UNIT ( ) SI_UNIT ( $, .RADIAN. ) );
#3381 = FACE_OUTER_BOUND ( 'NONE', #1503, .T. ) ;
#3382 = EDGE_LOOP ( 'NONE', ( #1796, #2887, #2210, #549 ) ) ;
#3383 = VECTOR ( 'NONE', #42, 1000.000000000000000 ) ;
#3384 = CARTESIAN_POINT ( 'NONE',  ( -40.49999999999999289, 6.268728515410834312, 9.671248654051884941 ) ) ;
#3385 = PRESENTATION_LAYER_ASSIGNMENT (  '', '', ( #3032 ) ) ;
#3386 = ORIENTED_EDGE ( 'NONE', *, *, #2679, .T. ) ;
#3387 = PRESENTATION_STYLE_ASSIGNMENT (( #1339 ) ) ;
#3388 = CARTESIAN_POINT ( 'NONE',  ( 42.49999999999999289, 7.399999999999990585, 6.599999999999997868 ) ) ;
#3389 = ADVANCED_FACE ( 'NONE', ( #2602 ), #1430, .T. ) ;
#3390 = CIRCLE ( 'NONE', #2356, 1.500000000000759393 ) ;
#3391 = DIRECTION ( 'NONE',  ( 1.000000000000000000, 0.000000000000000000, 0.000000000000000000 ) ) ;
#3392 =( NAMED_UNIT ( * ) SI_UNIT ( $, .STERADIAN. ) SOLID_ANGLE_UNIT ( ) );
#3393 = DIRECTION ( 'NONE',  ( 1.000000000000000000, 0.000000000000000000, 0.000000000000000000 ) ) ;
#3394 = COLOUR_RGB ( '',1.000000000000000000, 1.000000000000000000, 1.000000000000000000 ) ;
#3395 =( NAMED_UNIT ( * ) SI_UNIT ( $, .STERADIAN. ) SOLID_ANGLE_UNIT ( ) );
#3396 = EDGE_CURVE ( 'NONE', #1367, #3520, #2150, .T. ) ;
#3397 = VERTEX_POINT ( 'NONE', #909 ) ;
#3398 = DIRECTION ( 'NONE',  ( -1.000000000000000000, -1.982541115402065110E-16, -0.000000000000000000 ) ) ;
#3399 = LINE ( 'NONE', #768, #3616 ) ;
#3400 = CARTESIAN_POINT ( 'NONE',  ( 40.50000000000000000, 27.19999999999999929, 6.299999999999998934 ) ) ;
#3401 = UNCERTAINTY_MEASURE_WITH_UNIT (LENGTH_MEASURE( 1.000000000000000082E-05 ), #929, 'distance_accuracy_value', 'NONE');
#3402 = COLOUR_RGB ( '',1.000000000000000000, 1.000000000000000000, 1.000000000000000000 ) ;
#3403 = FILL_AREA_STYLE ('',( #1930 ) ) ;
#3404 = SURFACE_STYLE_USAGE ( .BOTH. , #1913 ) ;
#3405 = ADVANCED_FACE ( 'NONE', ( #3290 ), #321, .F. ) ;
#3406 = ORIENTED_EDGE ( 'NONE', *, *, #705, .T. ) ;
#3407 = AXIS2_PLACEMENT_3D ( 'NONE', #1881, #3411, #2299 ) ;
#3408 = CARTESIAN_POINT ( 'NONE',  ( -14.50000000000028777, 49.60000000000000142, -8.999999999999998224 ) ) ;
#3409 = UNCERTAINTY_MEASURE_WITH_UNIT (LENGTH_MEASURE( 1.000000000000000082E-05 ), #2249, 'distance_accuracy_value', 'NONE');
#3410 = VERTEX_POINT ( 'NONE', #1807 ) ;
#3411 = DIRECTION ( 'NONE',  ( 1.000000000000000000, 0.000000000000000000, 0.000000000000000000 ) ) ;
#3412 = SURFACE_SIDE_STYLE ('',( #796 ) ) ;
#3413 =( LENGTH_UNIT ( ) NAMED_UNIT ( * ) SI_UNIT ( .MILLI., .METRE. ) );
#3414 =( GEOMETRIC_REPRESENTATION_CONTEXT ( 3 ) GLOBAL_UNCERTAINTY_ASSIGNED_CONTEXT ( ( #443 ) ) GLOBAL_UNIT_ASSIGNED_CONTEXT ( ( #1628, #2274, #769 ) ) REPRESENTATION_CONTEXT ( 'NONE', 'WORKASPACE' ) );
#3415 =( GEOMETRIC_REPRESENTATION_CONTEXT ( 3 ) GLOBAL_UNCERTAINTY_ASSIGNED_CONTEXT ( ( #586 ) ) GLOBAL_UNIT_ASSIGNED_CONTEXT ( ( #849, #3024, #1207 ) ) REPRESENTATION_CONTEXT ( 'NONE', 'WORKASPACE' ) );
#3416 = EDGE_CURVE ( 'NONE', #2719, #125, #3835, .T. ) ;
#3417 = PRODUCT_DEFINITION_FORMATION_WITH_SPECIFIED_SOURCE ( 'ANY', '', #415, .NOT_KNOWN. ) ;
#3418 = ORIENTED_EDGE ( 'NONE', *, *, #265, .T. ) ;
#3419 = DIRECTION ( 'NONE',  ( 0.000000000000000000, 1.000000000000000000, -0.000000000000000000 ) ) ;
#3420 = CARTESIAN_POINT ( 'NONE',  ( 4.099999999999819345, 34.00000000000000000, 3.796405077356902400E-16 ) ) ;
#3421 = SURFACE_STYLE_FILL_AREA ( #2260 ) ;
#3422 = ORIENTED_EDGE ( 'NONE', *, *, #2635, .F. ) ;
#3423 = ADVANCED_FACE ( 'NONE', ( #19 ), #2453, .F. ) ;
#3424 = ORIENTED_EDGE ( 'NONE', *, *, #739, .T. ) ;
#3425 = FILL_AREA_STYLE ('',( #163 ) ) ;
#3426 = CARTESIAN_POINT ( 'NONE',  ( -40.90000000000000568, 0.000000000000000000, -15.90000000000000036 ) ) ;
#3427 =( LENGTH_UNIT ( ) NAMED_UNIT ( * ) SI_UNIT ( .MILLI., .METRE. ) );
#3428 =( LENGTH_UNIT ( ) NAMED_UNIT ( * ) SI_UNIT ( .MILLI., .METRE. ) );
#3429 = COLOUR_RGB ( '',1.000000000000000000, 1.000000000000000000, 1.000000000000000000 ) ;
#3430 = UNCERTAINTY_MEASURE_WITH_UNIT (LENGTH_MEASURE( 1.000000000000000082E-05 ), #3038, 'distance_accuracy_value', 'NONE');
#3431 = DIRECTION ( 'NONE',  ( 1.000000000000000000, 0.000000000000000000, -0.000000000000000000 ) ) ;
#3432 = VECTOR ( 'NONE', #3155, 1000.000000000000000 ) ;
#3433 = ORIENTED_EDGE ( 'NONE', *, *, #2099, .F. ) ;
#3434 = ADVANCED_FACE ( 'NONE', ( #2404 ), #272, .F. ) ;
#3435 = FILL_AREA_STYLE ('',( #1626 ) ) ;
#3437 = CARTESIAN_POINT ( 'NONE',  ( -40.90000000000000568, 8.768728515410835200, 17.50000000000000000 ) ) ;
#3436 = AXIS2_PLACEMENT_3D ( 'NONE', #433, #3727, #1396 ) ;
#3438 = ORIENTED_EDGE ( 'NONE', *, *, #399, .F. ) ;
#3439 = MECHANICAL_DESIGN_GEOMETRIC_PRESENTATION_REPRESENTATION (  '', ( #786 ), #1721 ) ;
#3440 = FILL_AREA_STYLE_COLOUR ( '', #677 ) ;
#3441 = VERTEX_POINT ( 'NONE', #2983 ) ;
#3442 = FILL_AREA_STYLE ('',( #1066 ) ) ;
#3443 = DIRECTION ( 'NONE',  ( 0.000000000000000000, 1.000000000000000000, -0.000000000000000000 ) ) ;
#3444 = CIRCLE ( 'NONE', #1039, 1.499999999999996225 ) ;
#3445 = PLANE ( 'NONE',  #2542 ) ;
#3446 = EDGE_CURVE ( 'NONE', #950, #707, #555, .T. ) ;
#3447 = VECTOR ( 'NONE', #2156, 1000.000000000000000 ) ;
#3448 =( NAMED_UNIT ( * ) PLANE_ANGLE_UNIT ( ) SI_UNIT ( $, .RADIAN. ) );
#3449 =( NAMED_UNIT ( * ) SI_UNIT ( $, .STERADIAN. ) SOLID_ANGLE_UNIT ( ) );
#3450 = DIRECTION ( 'NONE',  ( 0.000000000000000000, 0.000000000000000000, 1.000000000000000000 ) ) ;
#3451 = EDGE_CURVE ( 'NONE', #2047, #1188, #2994, .T. ) ;
#3452 =( NAMED_UNIT ( * ) PLANE_ANGLE_UNIT ( ) SI_UNIT ( $, .RADIAN. ) );
#3453 = DIRECTION ( 'NONE',  ( -6.308085367188390241E-16, -1.000000000000000000, -1.577021341797097560E-16 ) ) ;
#3454 = VERTEX_POINT ( 'NONE', #210 ) ;
#3455 = DIRECTION ( 'NONE',  ( 0.000000000000000000, 0.000000000000000000, 1.000000000000000000 ) ) ;
#3456 = DIRECTION ( 'NONE',  ( 0.000000000000000000, 1.000000000000000000, 1.141263127999853538E-16 ) ) ;
#3457 = SURFACE_SIDE_STYLE ('',( #3543 ) ) ;
#3458 = FILL_AREA_STYLE_COLOUR ( '', #2793 ) ;
#3459 = ORIENTED_EDGE ( 'NONE', *, *, #3696, .T. ) ;
#3460 = VECTOR ( 'NONE', #2512, 1000.000000000000000 ) ;
#3461 =( NAMED_UNIT ( * ) PLANE_ANGLE_UNIT ( ) SI_UNIT ( $, .RADIAN. ) );
#3462 = ORIENTED_EDGE ( 'NONE', *, *, #1192, .F. ) ;
#3463 = DIRECTION ( 'NONE',  ( 0.000000000000000000, -1.000000000000000000, 0.000000000000000000 ) ) ;
#3464 = LINE ( 'NONE', #505, #3327 ) ;
#3465 = PRESENTATION_STYLE_ASSIGNMENT (( #2103 ) ) ;
#3466 = SURFACE_STYLE_USAGE ( .BOTH. , #1398 ) ;
#3467 = AXIS2_PLACEMENT_3D ( 'NONE', #3129, #205, #3113 ) ;
#3468 = FILL_AREA_STYLE_COLOUR ( '', #2486 ) ;
#3469 = VERTEX_POINT ( 'NONE', #1762 ) ;
#3470 =( NAMED_UNIT ( * ) SI_UNIT ( $, .STERADIAN. ) SOLID_ANGLE_UNIT ( ) );
#3471 = ADVANCED_FACE ( 'NONE', ( #1204 ), #2386, .F. ) ;
#3472 = LINE ( 'NONE', #188, #16 ) ;
#3473 = VECTOR ( 'NONE', #2929, 1000.000000000000000 ) ;
#3474 = VERTEX_POINT ( 'NONE', #1021 ) ;
#3475 = MECHANICAL_DESIGN_GEOMETRIC_PRESENTATION_REPRESENTATION (  '', ( #2380 ), #3300 ) ;
#3476 = DIRECTION ( 'NONE',  ( 0.000000000000000000, 0.000000000000000000, -1.000000000000000000 ) ) ;
#3477 =( NAMED_UNIT ( * ) SI_UNIT ( $, .STERADIAN. ) SOLID_ANGLE_UNIT ( ) );
#3478 = ORIENTED_EDGE ( 'NONE', *, *, #1192, .T. ) ;
#3479 = CARTESIAN_POINT ( 'NONE',  ( 37.50000000000145661, 32.59999999999999432, 12.50000000000007816 ) ) ;
#3480 = ORIENTED_EDGE ( 'NONE', *, *, #1051, .T. ) ;
#3481 = PLANE ( 'NONE',  #232 ) ;
#3482 = PRESENTATION_STYLE_ASSIGNMENT (( #2113 ) ) ;
#3483 = DIRECTION ( 'NONE',  ( 1.000000000000000000, 0.000000000000000000, 0.000000000000000000 ) ) ;
#3484 = EDGE_CURVE ( 'NONE', #698, #3410, #3079, .T. ) ;
#3485 = FILL_AREA_STYLE ('',( #2054 ) ) ;
#3486 = ORIENTED_EDGE ( 'NONE', *, *, #3810, .F. ) ;
#3487 = DIRECTION ( 'NONE',  ( 0.000000000000000000, 0.8660254037844388186, 0.4999999999999997780 ) ) ;
#3488 = CARTESIAN_POINT ( 'NONE',  ( 40.90000000000000568, 33.00000000000000711, 17.50000000000000000 ) ) ;
#3489 = FILL_AREA_STYLE_COLOUR ( '', #3340 ) ;
#3490 = SURFACE_SIDE_STYLE ('',( #2941 ) ) ;
#3491 = SURFACE_STYLE_FILL_AREA ( #2125 ) ;
#3492 = UNCERTAINTY_MEASURE_WITH_UNIT (LENGTH_MEASURE( 1.000000000000000082E-05 ), #2309, 'distance_accuracy_value', 'NONE');
#3493 = ORIENTED_EDGE ( 'NONE', *, *, #1131, .T. ) ;
#3494 = EDGE_CURVE ( 'NONE', #311, #3355, #15, .T. ) ;
#3495 = STYLED_ITEM ( 'NONE', ( #2091 ), #140 ) ;
#3496 = DIRECTION ( 'NONE',  ( 1.000000000000000000, 0.000000000000000000, 0.000000000000000000 ) ) ;
#3497 =( NAMED_UNIT ( * ) PLANE_ANGLE_UNIT ( ) SI_UNIT ( $, .RADIAN. ) );
#3498 = VERTEX_POINT ( 'NONE', #3627 ) ;
#3499 = VECTOR ( 'NONE', #1882, 1000.000000000000000 ) ;
#3500 = DIRECTION ( 'NONE',  ( 1.000000000000000000, 0.000000000000000000, 0.000000000000000000 ) ) ;
#3501 = ORIENTED_EDGE ( 'NONE', *, *, #1075, .T. ) ;
#3502 = DIRECTION ( 'NONE',  ( 1.000000000000000000, 1.692687528183392866E-16, 0.000000000000000000 ) ) ;
#3503 =( NAMED_UNIT ( * ) SI_UNIT ( $, .STERADIAN. ) SOLID_ANGLE_UNIT ( ) );
#3504 = FILL_AREA_STYLE ('',( #797 ) ) ;
#3505 = CARTESIAN_POINT ( 'NONE',  ( -40.90000000000000568, 27.20713090160404946, 27.53354360001750223 ) ) ;
#3506 = DIRECTION ( 'NONE',  ( 9.912705577010320619E-17, -0.4999999999999997224, 0.8660254037844388186 ) ) ;
#3507 = VECTOR ( 'NONE', #1006, 1000.000000000000000 ) ;
#3508 = ORIENTED_EDGE ( 'NONE', *, *, #3780, .T. ) ;
#3509 =( NAMED_UNIT ( * ) SI_UNIT ( $, .STERADIAN. ) SOLID_ANGLE_UNIT ( ) );
#3510 = DIRECTION ( 'NONE',  ( 0.000000000000000000, 0.8988140655479072150, -0.4383300988675570831 ) ) ;
#3511 = ADVANCED_FACE ( 'NONE', ( #3641 ), #1863, .F. ) ;
#3512 = STYLED_ITEM ( 'NONE', ( #3172 ), #1182 ) ;
#3513 = EDGE_CURVE ( 'NONE', #599, #1526, #338, .T. ) ;
#3514 = MECHANICAL_DESIGN_GEOMETRIC_PRESENTATION_REPRESENTATION (  '', ( #1347 ), #589 ) ;
#3515 = ORIENTED_EDGE ( 'NONE', *, *, #3127, .F. ) ;
#3516 = AXIS2_PLACEMENT_3D ( 'NONE', #3171, #3133, #3431 ) ;
#3517 = CARTESIAN_POINT ( 'NONE',  ( -40.90000000000000568, 0.000000000000000000, 17.50000000000000000 ) ) ;
#3518 = EDGE_CURVE ( 'NONE', #1858, #3152, #1569, .T. ) ;
#3519 = SURFACE_SIDE_STYLE ('',( #2638 ) ) ;
#3520 = VERTEX_POINT ( 'NONE', #1586 ) ;
#3521 = VECTOR ( 'NONE', #567, 1000.000000000000000 ) ;
#3522 = UNCERTAINTY_MEASURE_WITH_UNIT (LENGTH_MEASURE( 1.000000000000000082E-05 ), #1990, 'distance_accuracy_value', 'NONE');
#3523 = ORIENTED_EDGE ( 'NONE', *, *, #522, .F. ) ;
#3524 = EDGE_CURVE ( 'NONE', #1295, #1864, #80, .T. ) ;
#3525 = PRESENTATION_LAYER_ASSIGNMENT (  '', '', ( #3279 ) ) ;
#3526 = FILL_AREA_STYLE ('',( #2608 ) ) ;
#3527 =( NAMED_UNIT ( * ) SI_UNIT ( $, .STERADIAN. ) SOLID_ANGLE_UNIT ( ) );
#3528 = CARTESIAN_POINT ( 'NONE',  ( 40.89999999999999858, 16.19999999999999929, 6.299999999999998934 ) ) ;
#3529 = PRESENTATION_STYLE_ASSIGNMENT (( #1212 ) ) ;
#3530 = EDGE_LOOP ( 'NONE', ( #2761, #3015, #1114, #939 ) ) ;
#3531 = FACE_OUTER_BOUND ( 'NONE', #2943, .T. ) ;
#3532 = DIRECTION ( 'NONE',  ( -0.000000000000000000, -0.000000000000000000, -1.000000000000000000 ) ) ;
#3533 = VECTOR ( 'NONE', #2613, 1000.000000000000000 ) ;
#3534 =( GEOMETRIC_REPRESENTATION_CONTEXT ( 3 ) GLOBAL_UNCERTAINTY_ASSIGNED_CONTEXT ( ( #3662 ) ) GLOBAL_UNIT_ASSIGNED_CONTEXT ( ( #2333, #2030, #1150 ) ) REPRESENTATION_CONTEXT ( 'NONE', 'WORKASPACE' ) );
#3535 = DIRECTION ( 'NONE',  ( -0.000000000000000000, 1.000000000000000000, -0.000000000000000000 ) ) ;
#3536 = CARTESIAN_POINT ( 'NONE',  ( -40.90000000000000568, 40.58267792232906856, 4.366416581095234228 ) ) ;
#3537 = CYLINDRICAL_SURFACE ( 'NONE', #2108, 1.000000000000002665 ) ;
#3538 = PRESENTATION_STYLE_ASSIGNMENT (( #2365 ) ) ;
#3539 = VERTEX_POINT ( 'NONE', #798 ) ;
#3540 = VECTOR ( 'NONE', #650, 1000.000000000000000 ) ;
#3541 = EDGE_CURVE ( 'NONE', #1814, #580, #2590, .T. ) ;
#3542 =( GEOMETRIC_REPRESENTATION_CONTEXT ( 3 ) GLOBAL_UNCERTAINTY_ASSIGNED_CONTEXT ( ( #312 ) ) GLOBAL_UNIT_ASSIGNED_CONTEXT ( ( #594, #2924, #1218 ) ) REPRESENTATION_CONTEXT ( 'NONE', 'WORKASPACE' ) );
#3543 = SURFACE_STYLE_FILL_AREA ( #1494 ) ;
#3544 = SURFACE_SIDE_STYLE ('',( #1705 ) ) ;
#3545 = ORIENTED_EDGE ( 'NONE', *, *, #1345, .F. ) ;
#3546 = CIRCLE ( 'NONE', #2808, 1.000000000000002665 ) ;
#3547 = CYLINDRICAL_SURFACE ( 'NONE', #283, 1.499999999999997780 ) ;
#3548 = ORIENTED_EDGE ( 'NONE', *, *, #1926, .T. ) ;
#3549 = DIRECTION ( 'NONE',  ( 0.000000000000000000, 0.000000000000000000, 1.000000000000000000 ) ) ;
#3550 = FILL_AREA_STYLE ('',( #2377 ) ) ;
#3551 = LINE ( 'NONE', #881, #494 ) ;
#3552 = UNCERTAINTY_MEASURE_WITH_UNIT (LENGTH_MEASURE( 1.000000000000000082E-05 ), #845, 'distance_accuracy_value', 'NONE');
#3553 =( NAMED_UNIT ( * ) PLANE_ANGLE_UNIT ( ) SI_UNIT ( $, .RADIAN. ) );
#3554 = ORIENTED_EDGE ( 'NONE', *, *, #2504, .F. ) ;
#3555 = FILL_AREA_STYLE ('',( #3261 ) ) ;
#3556 = CARTESIAN_POINT ( 'NONE',  ( -42.49999999999999289, 1.373899999999997679, 4.155000000000004690 ) ) ;
#3557 =( NAMED_UNIT ( * ) SI_UNIT ( $, .STERADIAN. ) SOLID_ANGLE_UNIT ( ) );
#3558 = DIRECTION ( 'NONE',  ( -0.000000000000000000, 1.000000000000000000, -0.000000000000000000 ) ) ;
#3559 = SURFACE_SIDE_STYLE ('',( #2385 ) ) ;
#3560 = DIRECTION ( 'NONE',  ( -1.000000000000000000, 1.982541115402065110E-16, 0.000000000000000000 ) ) ;
#3561 = EDGE_LOOP ( 'NONE', ( #972, #1683 ) ) ;
#3562 = EDGE_CURVE ( 'NONE', #3520, #2496, #1996, .T. ) ;
#3563 = ORIENTED_EDGE ( 'NONE', *, *, #1685, .T. ) ;
#3564 = AXIS2_PLACEMENT_3D ( 'NONE', #1225, #3310, #2133 ) ;
#3565 = DIRECTION ( 'NONE',  ( 2.005460665869141288E-16, -1.000000000000000000, 0.000000000000000000 ) ) ;
#3566 = PRESENTATION_STYLE_ASSIGNMENT (( #3031 ) ) ;
#3567 = VERTEX_POINT ( 'NONE', #860 ) ;
#3568 = DIRECTION ( 'NONE',  ( -0.000000000000000000, 1.000000000000000000, -0.000000000000000000 ) ) ;
#3569 =( LENGTH_UNIT ( ) NAMED_UNIT ( * ) SI_UNIT ( .MILLI., .METRE. ) );
#3570 = FACE_BOUND ( 'NONE', #55, .T. ) ;
#3571 = EDGE_CURVE ( 'NONE', #2408, #2454, #3837, .T. ) ;
#3572 = CARTESIAN_POINT ( 'NONE',  ( 40.90000000000000568, 33.00000000000000711, 17.50000000000000000 ) ) ;
#3573 = AXIS2_PLACEMENT_3D ( 'NONE', #2597, #1682, #2288 ) ;
#3574 = ORIENTED_EDGE ( 'NONE', *, *, #3696, .F. ) ;
#3575 = ORIENTED_EDGE ( 'NONE', *, *, #331, .F. ) ;
#3576 = FILL_AREA_STYLE_COLOUR ( '', #1118 ) ;
#3577 = LINE ( 'NONE', #2754, #1025 ) ;
#3578 = CARTESIAN_POINT ( 'NONE',  ( -40.49999999999999289, 7.695000000000005613, -5.540000000000013358 ) ) ;
#3579 = CARTESIAN_POINT ( 'NONE',  ( -28.90999999999853642, 32.59999999999999432, 12.55799999999995009 ) ) ;
#3580 = CARTESIAN_POINT ( 'NONE',  ( -40.49999999999999289, 6.169129092832155159, -8.668861643578827270 ) ) ;
#3581 = CARTESIAN_POINT ( 'NONE',  ( 37.50000000000145661, 33.00000000000000711, 11.00000000000008171 ) ) ;
#3582 = ORIENTED_EDGE ( 'NONE', *, *, #23, .T. ) ;
#3583 = PRESENTATION_LAYER_ASSIGNMENT (  '', '', ( #676 ) ) ;
#3584 = ADVANCED_FACE ( 'NONE', ( #3785 ), #506, .F. ) ;
#3585 = STYLED_ITEM ( 'NONE', ( #3653 ), #2279 ) ;
#3586 = FILL_AREA_STYLE_COLOUR ( '', #1491 ) ;
#3587 = ORIENTED_EDGE ( 'NONE', *, *, #1051, .F. ) ;
#3588 = SURFACE_STYLE_USAGE ( .BOTH. , #3603 ) ;
#3589 = LINE ( 'NONE', #941, #910 ) ;
#3590 = VECTOR ( 'NONE', #3084, 1000.000000000000000 ) ;
#3591 = DIRECTION ( 'NONE',  ( -0.000000000000000000, -0.000000000000000000, -1.000000000000000000 ) ) ;
#3592 = CARTESIAN_POINT ( 'NONE',  ( -14.50000000000013145, 47.59999999999999432, 3.999999999999998224 ) ) ;
#3593 = ORIENTED_EDGE ( 'NONE', *, *, #1117, .T. ) ;
#3594 = AXIS2_PLACEMENT_3D ( 'NONE', #3144, #431, #2818 ) ;
#3595 = EDGE_CURVE ( 'NONE', #1323, #743, #1714, .T. ) ;
#3596 = STYLED_ITEM ( 'NONE', ( #1333 ), #3211 ) ;
#3597 = ORIENTED_EDGE ( 'NONE', *, *, #3780, .F. ) ;
#3598 = FACE_OUTER_BOUND ( 'NONE', #3382, .T. ) ;
#3599 = FILL_AREA_STYLE ('',( #1874 ) ) ;
#3600 = CARTESIAN_POINT ( 'NONE',  ( -42.49999999999999289, 11.17610000000000170, -5.540000000000013358 ) ) ;
#3601 = ORIENTED_EDGE ( 'NONE', *, *, #3170, .T. ) ;
#3602 = VERTEX_POINT ( 'NONE', #246 ) ;
#3603 = SURFACE_SIDE_STYLE ('',( #3303 ) ) ;
#3604 = DIRECTION ( 'NONE',  ( 0.000000000000000000, 1.000000000000000000, 0.000000000000000000 ) ) ;
#3605 = CARTESIAN_POINT ( 'NONE',  ( -20.89999999999999858, 48.00000000000000000, 15.90000000000000036 ) ) ;
#3606 = DIRECTION ( 'NONE',  ( 0.000000000000000000, 0.000000000000000000, 1.000000000000000000 ) ) ;
#3607 = FILL_AREA_STYLE_COLOUR ( '', #3732 ) ;
#3608 =( NAMED_UNIT ( * ) SI_UNIT ( $, .STERADIAN. ) SOLID_ANGLE_UNIT ( ) );
#3609 = ORIENTED_EDGE ( 'NONE', *, *, #1099, .T. ) ;
#3610 = FILL_AREA_STYLE_COLOUR ( '', #369 ) ;
#3611 = ORIENTED_EDGE ( 'NONE', *, *, #1001, .F. ) ;
#3612 = FACE_OUTER_BOUND ( 'NONE', #2265, .T. ) ;
#3613 = DIRECTION ( 'NONE',  ( -1.000000000000000000, -1.982541115402065110E-16, -0.000000000000000000 ) ) ;
#3614 = SURFACE_STYLE_USAGE ( .BOTH. , #1811 ) ;
#3615 = DIRECTION ( 'NONE',  ( -2.005460665869141288E-16, 1.000000000000000000, 0.000000000000000000 ) ) ;
#3616 = VECTOR ( 'NONE', #1627, 1000.000000000000000 ) ;
#3617 = DIRECTION ( 'NONE',  ( 0.000000000000000000, 0.000000000000000000, 1.000000000000000000 ) ) ;
#3618 = ORIENTED_EDGE ( 'NONE', *, *, #2745, .F. ) ;
#3619 = AXIS2_PLACEMENT_3D ( 'NONE', #2146, #3168, #824 ) ;
#3620 = FILL_AREA_STYLE_COLOUR ( '', #2604 ) ;
#3621 = ORIENTED_EDGE ( 'NONE', *, *, #3725, .F. ) ;
#3622 = VECTOR ( 'NONE', #2726, 1000.000000000000000 ) ;
#3623 = CARTESIAN_POINT ( 'NONE',  ( -14.50000000000007816, 29.50000000000000355, 8.999999999999998224 ) ) ;
#3624 = VECTOR ( 'NONE', #468, 1000.000000000000000 ) ;
#3625 = PLANE ( 'NONE',  #3619 ) ;
#3626 = CARTESIAN_POINT ( 'NONE',  ( -14.50000000000007461, 29.50000000000000355, 10.00000000000000000 ) ) ;
#3627 = CARTESIAN_POINT ( 'NONE',  ( -20.89999999999999858, 33.00000000000000000, -15.89999999999999680 ) ) ;
#3628 = COLOUR_RGB ( '',1.000000000000000000, 1.000000000000000000, 1.000000000000000000 ) ;
#3629 = VECTOR ( 'NONE', #1546, 1000.000000000000000 ) ;
#3630 = ORIENTED_EDGE ( 'NONE', *, *, #275, .T. ) ;
#3631 = FILL_AREA_STYLE ('',( #2684 ) ) ;
#3632 = LINE ( 'NONE', #2191, #616 ) ;
#3633 = ORIENTED_EDGE ( 'NONE', *, *, #3416, .F. ) ;
#3634 = AXIS2_PLACEMENT_3D ( 'NONE', #2522, #1922, #2862 ) ;
#3635 = EDGE_CURVE ( 'NONE', #1989, #1594, #2031, .T. ) ;
#3636 = DIRECTION ( 'NONE',  ( 0.000000000000000000, -0.8660254037844383745, 0.5000000000000003331 ) ) ;
#3637 = ORIENTED_EDGE ( 'NONE', *, *, #2810, .T. ) ;
#3638 = CARTESIAN_POINT ( 'NONE',  ( -14.50000000000013145, 29.50000000000000355, 6.000000000000000000 ) ) ;
#3639 = STYLED_ITEM ( 'NONE', ( #2760 ), #2121 ) ;
#3640 = FILL_AREA_STYLE ('',( #3607 ) ) ;
#3641 = FACE_OUTER_BOUND ( 'NONE', #3667, .T. ) ;
#3642 = AXIS2_PLACEMENT_3D ( 'NONE', #123, #2535, #484 ) ;
#3643 = STYLED_ITEM ( 'NONE', ( #3716 ), #1671 ) ;
#3644 = AXIS2_PLACEMENT_3D ( 'NONE', #1406, #3558, #2712 ) ;
#3645 = EDGE_LOOP ( 'NONE', ( #1702, #1156, #1688, #2946, #1765, #1259 ) ) ;
#3646 = MECHANICAL_DESIGN_GEOMETRIC_PRESENTATION_REPRESENTATION (  '', ( #1612 ), #3829 ) ;
#3647 = EDGE_CURVE ( 'NONE', #1898, #1529, #375, .T. ) ;
#3648 = SURFACE_STYLE_FILL_AREA ( #440 ) ;
#3649 = DIRECTION ( 'NONE',  ( 0.000000000000000000, -0.8988140655479072150, 0.4383300988675571386 ) ) ;
#3650 = FILL_AREA_STYLE_COLOUR ( '', #2200 ) ;
#3651 = DIRECTION ( 'NONE',  ( -1.000000000000000000, -1.982541115402065110E-16, -0.000000000000000000 ) ) ;
#3652 = EDGE_LOOP ( 'NONE', ( #3757, #1646, #1229, #539 ) ) ;
#3653 = PRESENTATION_STYLE_ASSIGNMENT (( #412 ) ) ;
#3654 = ORIENTED_EDGE ( 'NONE', *, *, #2705, .T. ) ;
#3655 = DIRECTION ( 'NONE',  ( 0.000000000000000000, -1.000000000000000000, 0.000000000000000000 ) ) ;
#3656 = DIRECTION ( 'NONE',  ( 0.000000000000000000, 0.000000000000000000, 1.000000000000000000 ) ) ;
#3657 = COLOUR_RGB ( '',1.000000000000000000, 1.000000000000000000, 1.000000000000000000 ) ;
#3658 = DIRECTION ( 'NONE',  ( -0.000000000000000000, -0.000000000000000000, -1.000000000000000000 ) ) ;
#3659 =( LENGTH_UNIT ( ) NAMED_UNIT ( * ) SI_UNIT ( .MILLI., .METRE. ) );
#3660 = ORIENTED_EDGE ( 'NONE', *, *, #2930, .T. ) ;
#3661 = PRESENTATION_STYLE_ASSIGNMENT (( #2207 ) ) ;
#3662 = UNCERTAINTY_MEASURE_WITH_UNIT (LENGTH_MEASURE( 1.000000000000000082E-05 ), #2333, 'distance_accuracy_value', 'NONE');
#3663 = SURFACE_STYLE_USAGE ( .BOTH. , #1988 ) ;
#3664 =( NAMED_UNIT ( * ) SI_UNIT ( $, .STERADIAN. ) SOLID_ANGLE_UNIT ( ) );
#3665 = ORIENTED_EDGE ( 'NONE', *, *, #1359, .F. ) ;
#3666 = SURFACE_STYLE_FILL_AREA ( #1955 ) ;
#3667 = EDGE_LOOP ( 'NONE', ( #482, #2598, #1213, #3724 ) ) ;
#3668 =( NAMED_UNIT ( * ) SI_UNIT ( $, .STERADIAN. ) SOLID_ANGLE_UNIT ( ) );
#3669 = AXIS2_PLACEMENT_3D ( 'NONE', #2740, #1788, #3008 ) ;
#3670 = DIRECTION ( 'NONE',  ( 0.000000000000000000, -1.502314598737159031E-16, 1.000000000000000000 ) ) ;
#3671 = ADVANCED_FACE ( 'NONE', ( #3804 ), #1695, .F. ) ;
#3672 = FILL_AREA_STYLE ('',( #1678 ) ) ;
#3673 = VECTOR ( 'NONE', #2595, 1000.000000000000114 ) ;
#3674 = VECTOR ( 'NONE', #659, 1000.000000000000000 ) ;
#3675 = FACE_OUTER_BOUND ( 'NONE', #3706, .T. ) ;
#3676 = EDGE_CURVE ( 'NONE', #2454, #2408, #3773, .T. ) ;
#3677 = COLOUR_RGB ( '',1.000000000000000000, 1.000000000000000000, 1.000000000000000000 ) ;
#3678 = VECTOR ( 'NONE', #1994, 1000.000000000000114 ) ;
#3679 = ORIENTED_EDGE ( 'NONE', *, *, #1566, .F. ) ;
#3680 = CARTESIAN_POINT ( 'NONE',  ( -40.90000000000000568, 8.768728515410838753, 14.00137567297407237 ) ) ;
#3681 =( NAMED_UNIT ( * ) PLANE_ANGLE_UNIT ( ) SI_UNIT ( $, .RADIAN. ) );
#3682 = SURFACE_STYLE_FILL_AREA ( #3403 ) ;
#3683 = VERTEX_POINT ( 'NONE', #51 ) ;
#3684 = MECHANICAL_DESIGN_GEOMETRIC_PRESENTATION_REPRESENTATION (  '', ( #3512 ), #1477 ) ;
#3685 = CARTESIAN_POINT ( 'NONE',  ( 40.89999999999999858, 7.399999999999990585, 6.599999999999997868 ) ) ;
#3686 = STYLED_ITEM ( 'NONE', ( #2392 ), #1421 ) ;
#3687 = ORIENTED_EDGE ( 'NONE', *, *, #343, .F. ) ;
#3688 = DIRECTION ( 'NONE',  ( 1.000000000000000000, 0.000000000000000000, 0.000000000000000000 ) ) ;
#3689 = SURFACE_STYLE_USAGE ( .BOTH. , #3412 ) ;
#3690 = COLOUR_RGB ( '',1.000000000000000000, 1.000000000000000000, 1.000000000000000000 ) ;
#3691 = CARTESIAN_POINT ( 'NONE',  ( -14.50000000000023448, 49.60000000000000142, -5.000000000000000000 ) ) ;
#3692 = UNCERTAINTY_MEASURE_WITH_UNIT (LENGTH_MEASURE( 1.000000000000000082E-05 ), #2879, 'distance_accuracy_value', 'NONE');
#3693 = VECTOR ( 'NONE', #2611, 1000.000000000000000 ) ;
#3694 = SURFACE_STYLE_FILL_AREA ( #3116 ) ;
#3695 = ORIENTED_EDGE ( 'NONE', *, *, #1964, .F. ) ;
#3696 = EDGE_CURVE ( 'NONE', #3238, #1814, #915, .T. ) ;
#3697 = COLOUR_RGB ( '',1.000000000000000000, 1.000000000000000000, 1.000000000000000000 ) ;
#3698 = FACE_OUTER_BOUND ( 'NONE', #1511, .T. ) ;
#3699 = FACE_OUTER_BOUND ( 'NONE', #2857, .T. ) ;
#3700 = STYLED_ITEM ( 'NONE', ( #78 ), #2686 ) ;
#3701 = DIRECTION ( 'NONE',  ( -1.000000000000000000, -1.982541115402065110E-16, 0.000000000000000000 ) ) ;
#3702 = ORIENTED_EDGE ( 'NONE', *, *, #58, .F. ) ;
#3703 = COLOUR_RGB ( '',1.000000000000000000, 1.000000000000000000, 1.000000000000000000 ) ;
#3704 = DIRECTION ( 'NONE',  ( 0.000000000000000000, 0.000000000000000000, -1.000000000000000000 ) ) ;
#3705 = UNCERTAINTY_MEASURE_WITH_UNIT (LENGTH_MEASURE( 1.000000000000000082E-05 ), #2780, 'distance_accuracy_value', 'NONE');
#3706 = EDGE_LOOP ( 'NONE', ( #102, #828, #75, #3386, #1248, #1244, #1538, #3270 ) ) ;
#3707 = CARTESIAN_POINT ( 'NONE',  ( 40.89999999999999858, 3.753310793477092287E-15, -6.299999999999999822 ) ) ;
#3708 = LINE ( 'NONE', #2267, #3378 ) ;
#3709 = FACE_OUTER_BOUND ( 'NONE', #2416, .T. ) ;
#3710 = STYLED_ITEM ( 'NONE', ( #25 ), #3115 ) ;
#3711 = STYLED_ITEM ( 'NONE', ( #3005 ), #3405 ) ;
#3712 = DIRECTION ( 'NONE',  ( 1.000000000000000000, 0.000000000000000000, 0.000000000000000000 ) ) ;
#3713 = DIRECTION ( 'NONE',  ( 0.000000000000000000, 0.000000000000000000, -1.000000000000000000 ) ) ;
#3714 = EDGE_CURVE ( 'NONE', #1983, #2160, #3242, .T. ) ;
#3715 = VECTOR ( 'NONE', #1175, 1000.000000000000000 ) ;
#3716 = PRESENTATION_STYLE_ASSIGNMENT (( #456 ) ) ;
#3717 = ORIENTED_EDGE ( 'NONE', *, *, #852, .F. ) ;
#3718 = CARTESIAN_POINT ( 'NONE',  ( -40.90000000000000568, 33.00000000000000000, 17.50000000000000000 ) ) ;
#3719 = EDGE_CURVE ( 'NONE', #2160, #1064, #2688, .T. ) ;
#3720 = LINE ( 'NONE', #790, #3057 ) ;
#3721 = SHAPE_DEFINITION_REPRESENTATION ( #3154, #477 ) ;
#3722 = ORIENTED_EDGE ( 'NONE', *, *, #385, .T. ) ;
#3723 =( NAMED_UNIT ( * ) SI_UNIT ( $, .STERADIAN. ) SOLID_ANGLE_UNIT ( ) );
#3724 = ORIENTED_EDGE ( 'NONE', *, *, #2884, .F. ) ;
#3725 = EDGE_CURVE ( 'NONE', #1163, #427, #1262, .T. ) ;
#3726 = LINE ( 'NONE', #1377, #3830 ) ;
#3727 = DIRECTION ( 'NONE',  ( -1.660022465049576262E-16, 1.000000000000000000, -0.000000000000000000 ) ) ;
#3728 = DIRECTION ( 'NONE',  ( -1.000000000000000000, -1.982541115402065110E-16, -0.000000000000000000 ) ) ;
#3729 =( NAMED_UNIT ( * ) SI_UNIT ( $, .STERADIAN. ) SOLID_ANGLE_UNIT ( ) );
#3730 = DIRECTION ( 'NONE',  ( -1.000000000000000000, 0.000000000000000000, -0.000000000000000000 ) ) ;
#3731 = SURFACE_SIDE_STYLE ('',( #1038 ) ) ;
#3732 = COLOUR_RGB ( '',1.000000000000000000, 1.000000000000000000, 1.000000000000000000 ) ;
#3733 = ORIENTED_EDGE ( 'NONE', *, *, #2830, .F. ) ;
#3734 = EDGE_CURVE ( 'NONE', #2366, #2932, #2114, .T. ) ;
#3735 = DIRECTION ( 'NONE',  ( -0.000000000000000000, 1.000000000000000000, -0.000000000000000000 ) ) ;
#3736 = CIRCLE ( 'NONE', #401, 1.499999999999996225 ) ;
#3737 = CARTESIAN_POINT ( 'NONE',  ( -40.90000000000000568, 1.373899999999992572, 4.155000000000004690 ) ) ;
#3738 = LINE ( 'NONE', #2240, #474 ) ;
#3739 = UNCERTAINTY_MEASURE_WITH_UNIT (LENGTH_MEASURE( 1.000000000000000082E-05 ), #2637, 'distance_accuracy_value', 'NONE');
#3740 = ORIENTED_EDGE ( 'NONE', *, *, #2836, .F. ) ;
#3741 = COLOUR_RGB ( '',1.000000000000000000, 1.000000000000000000, 1.000000000000000000 ) ;
#3742 = ORIENTED_EDGE ( 'NONE', *, *, #79, .T. ) ;
#3743 = MECHANICAL_DESIGN_GEOMETRIC_PRESENTATION_REPRESENTATION (  '', ( #1173 ), #465 ) ;
#3744 = DIRECTION ( 'NONE',  ( -0.000000000000000000, -0.000000000000000000, -1.000000000000000000 ) ) ;
#3745 = CARTESIAN_POINT ( 'NONE',  ( -40.49999999999999289, 6.169129092832154271, 8.668861643578832599 ) ) ;
#3746 = EDGE_CURVE ( 'NONE', #1579, #3498, #2993, .T. ) ;
#3747 = COLOUR_RGB ( '',1.000000000000000000, 1.000000000000000000, 1.000000000000000000 ) ;
#3748 = EDGE_LOOP ( 'NONE', ( #1106, #1803, #3508, #3733 ) ) ;
#3749 = SURFACE_STYLE_FILL_AREA ( #3672 ) ;
#3750 = DIRECTION ( 'NONE',  ( -0.000000000000000000, 0.000000000000000000, 1.000000000000000000 ) ) ;
#3751 = DIRECTION ( 'NONE',  ( 0.000000000000000000, 0.000000000000000000, -1.000000000000000000 ) ) ;
#3752 = FILL_AREA_STYLE ('',( #1700 ) ) ;
#3753 = ORIENTED_EDGE ( 'NONE', *, *, #2830, .T. ) ;
#3754 = PRESENTATION_STYLE_ASSIGNMENT (( #1164 ) ) ;
#3755 = FILL_AREA_STYLE_COLOUR ( '', #1820 ) ;
#3756 = EDGE_CURVE ( 'NONE', #2744, #2778, #1211, .T. ) ;
#3757 = ORIENTED_EDGE ( 'NONE', *, *, #3248, .F. ) ;
#3758 = AXIS2_PLACEMENT_3D ( 'NONE', #2580, #3735, #3455 ) ;
#3759 = AXIS2_PLACEMENT_3D ( 'NONE', #3195, #850, #2044 ) ;
#3760 = PRESENTATION_LAYER_ASSIGNMENT (  '', '', ( #2985 ) ) ;
#3761 = VERTEX_POINT ( 'NONE', #3528 ) ;
#3762 = FACE_OUTER_BOUND ( 'NONE', #2289, .T. ) ;
#3763 =( NAMED_UNIT ( * ) SI_UNIT ( $, .STERADIAN. ) SOLID_ANGLE_UNIT ( ) );
#3764 = AXIS2_PLACEMENT_3D ( 'NONE', #1324, #143, #3688 ) ;
#3765 = FACE_OUTER_BOUND ( 'NONE', #1474, .T. ) ;
#3766 = ORIENTED_EDGE ( 'NONE', *, *, #3518, .F. ) ;
#3767 = LINE ( 'NONE', #3809, #1878 ) ;
#3768 =( GEOMETRIC_REPRESENTATION_CONTEXT ( 3 ) GLOBAL_UNCERTAINTY_ASSIGNED_CONTEXT ( ( #1950 ) ) GLOBAL_UNIT_ASSIGNED_CONTEXT ( ( #2434, #2111, #1514 ) ) REPRESENTATION_CONTEXT ( 'NONE', 'WORKASPACE' ) );
#3769 = PLANE ( 'NONE',  #3199 ) ;
#3770 = EDGE_CURVE ( 'NONE', #1492, #1983, #310, .T. ) ;
#3771 =( GEOMETRIC_REPRESENTATION_CONTEXT ( 3 ) GLOBAL_UNCERTAINTY_ASSIGNED_CONTEXT ( ( #2394 ) ) GLOBAL_UNIT_ASSIGNED_CONTEXT ( ( #810, #1764, #3477 ) ) REPRESENTATION_CONTEXT ( 'NONE', 'WORKASPACE' ) );
#3772 = FACE_OUTER_BOUND ( 'NONE', #1691, .T. ) ;
#3773 = CIRCLE ( 'NONE', #2319, 3.099999999999999645 ) ;
#3774 = VERTEX_POINT ( 'NONE', #2667 ) ;
#3775 = STYLED_ITEM ( 'NONE', ( #1887 ), #3511 ) ;
#3776 = FACE_OUTER_BOUND ( 'NONE', #1376, .T. ) ;
#3777 = SURFACE_STYLE_USAGE ( .BOTH. , #3519 ) ;
#3778 = PRESENTATION_STYLE_ASSIGNMENT (( #559 ) ) ;
#3779 = VERTEX_POINT ( 'NONE', #3581 ) ;
#3780 = EDGE_CURVE ( 'NONE', #3152, #1852, #3546, .T. ) ;
#3781 = UNCERTAINTY_MEASURE_WITH_UNIT (LENGTH_MEASURE( 1.000000000000000082E-05 ), #610, 'distance_accuracy_value', 'NONE');
#3782 = ORIENTED_EDGE ( 'NONE', *, *, #3451, .F. ) ;
#3783 = DIRECTION ( 'NONE',  ( -1.660022465049576262E-16, 1.000000000000000000, -0.000000000000000000 ) ) ;
#3784 = SURFACE_SIDE_STYLE ('',( #2072 ) ) ;
#3785 = FACE_OUTER_BOUND ( 'NONE', #1785, .T. ) ;
#3786 = ORIENTED_EDGE ( 'NONE', *, *, #2819, .F. ) ;
#3787 = CARTESIAN_POINT ( 'NONE',  ( 42.49999999999999289, 0.000000000000000000, 6.599999999999997868 ) ) ;
#3788 = FACE_BOUND ( 'NONE', #3561, .T. ) ;
#3789 = LINE ( 'NONE', #905, #2668 ) ;
#3790 = VECTOR ( 'NONE', #3029, 1000.000000000000000 ) ;
#3791 = SURFACE_STYLE_FILL_AREA ( #907 ) ;
#3792 = UNCERTAINTY_MEASURE_WITH_UNIT (LENGTH_MEASURE( 1.000000000000000082E-05 ), #1141, 'distance_accuracy_value', 'NONE');
#3793 = ORIENTED_EDGE ( 'NONE', *, *, #3396, .T. ) ;
#3794 = EDGE_CURVE ( 'NONE', #3292, #2625, #2415, .T. ) ;
#3795 = FILL_AREA_STYLE_COLOUR ( '', #2823 ) ;
#3796 = FACE_BOUND ( 'NONE', #3348, .T. ) ;
#3797 = CIRCLE ( 'NONE', #2101, 1.499999999999997780 ) ;
#3798 = ORIENTED_EDGE ( 'NONE', *, *, #3170, .F. ) ;
#3799 = CIRCLE ( 'NONE', #3135, 2.599999999999998312 ) ;
#3800 =( NAMED_UNIT ( * ) SI_UNIT ( $, .STERADIAN. ) SOLID_ANGLE_UNIT ( ) );
#3801 = EDGE_LOOP ( 'NONE', ( #178, #924, #2166, #2337 ) ) ;
#3802 = DIRECTION ( 'NONE',  ( -1.692687528183392866E-16, 1.000000000000000000, -0.000000000000000000 ) ) ;
#3803 = FACE_OUTER_BOUND ( 'NONE', #387, .T. ) ;
#3804 = FACE_OUTER_BOUND ( 'NONE', #2938, .T. ) ;
#3805 = CIRCLE ( 'NONE', #3325, 1.499999999999996225 ) ;
#3806 =( NAMED_UNIT ( * ) SI_UNIT ( $, .STERADIAN. ) SOLID_ANGLE_UNIT ( ) );
#3807 =( GEOMETRIC_REPRESENTATION_CONTEXT ( 3 ) GLOBAL_UNCERTAINTY_ASSIGNED_CONTEXT ( ( #1662 ) ) GLOBAL_UNIT_ASSIGNED_CONTEXT ( ( #545, #1712, #3503 ) ) REPRESENTATION_CONTEXT ( 'NONE', 'WORKASPACE' ) );
#3808 = VERTEX_POINT ( 'NONE', #1836 ) ;
#3809 = CARTESIAN_POINT ( 'NONE',  ( -42.49999999999999289, 3.768728515410833868, -11.11462432702600012 ) ) ;
#3810 = EDGE_CURVE ( 'NONE', #2817, #3329, #3551, .T. ) ;
#3811 = DIRECTION ( 'NONE',  ( 0.000000000000000000, 0.000000000000000000, 1.000000000000000000 ) ) ;
#3812 = DIRECTION ( 'NONE',  ( -0.000000000000000000, 1.000000000000000000, -0.000000000000000000 ) ) ;
#3813 = DIRECTION ( 'NONE',  ( -1.660022465049576262E-16, 1.000000000000000000, -0.000000000000000000 ) ) ;
#3814 = DIRECTION ( 'NONE',  ( 0.000000000000000000, 0.000000000000000000, 1.000000000000000000 ) ) ;
#3815 = ORIENTED_EDGE ( 'NONE', *, *, #1589, .F. ) ;
#3816 = AXIS2_PLACEMENT_3D ( 'NONE', #3358, #639, #1597 ) ;
#3817 =( LENGTH_UNIT ( ) NAMED_UNIT ( * ) SI_UNIT ( .MILLI., .METRE. ) );
#3818 = EDGE_CURVE ( 'NONE', #3567, #379, #2203, .T. ) ;
#3819 = ORIENTED_EDGE ( 'NONE', *, *, #1926, .F. ) ;
#3820 = MECHANICAL_DESIGN_GEOMETRIC_PRESENTATION_REPRESENTATION (  '', ( #676 ), #994 ) ;
#3821 = ORIENTED_EDGE ( 'NONE', *, *, #961, .T. ) ;
#3822 = COLOUR_RGB ( '',1.000000000000000000, 1.000000000000000000, 1.000000000000000000 ) ;
#3824 = DIRECTION ( 'NONE',  ( 9.912705577010331712E-17, -0.5000000000000003331, 0.8660254037844385966 ) ) ;
#3823 = MECHANICAL_DESIGN_GEOMETRIC_PRESENTATION_REPRESENTATION (  '', ( #32 ), #2059 ) ;
#3825 = LINE ( 'NONE', #1174, #341 ) ;
#3826 = CARTESIAN_POINT ( 'NONE',  ( -28.91000000000001791, 32.59999999999999432, -14.05800000000075478 ) ) ;
#3827 = ORIENTED_EDGE ( 'NONE', *, *, #265, .F. ) ;
#3828 =( LENGTH_UNIT ( ) NAMED_UNIT ( * ) SI_UNIT ( .MILLI., .METRE. ) );
#3829 =( GEOMETRIC_REPRESENTATION_CONTEXT ( 3 ) GLOBAL_UNCERTAINTY_ASSIGNED_CONTEXT ( ( #561 ) ) GLOBAL_UNIT_ASSIGNED_CONTEXT ( ( #3659, #1598, #3019 ) ) REPRESENTATION_CONTEXT ( 'NONE', 'WORKASPACE' ) );
#3830 = VECTOR ( 'NONE', #1938, 1000.000000000000000 ) ;
#3831 = SURFACE_STYLE_FILL_AREA ( #2957 ) ;
#3832 = EDGE_CURVE ( 'NONE', #1992, #707, #3844, .T. ) ;
#3833 = DIRECTION ( 'NONE',  ( -0.000000000000000000, 1.000000000000000000, -0.000000000000000000 ) ) ;
#3834 = VERTEX_POINT ( 'NONE', #3600 ) ;
#3835 = CIRCLE ( 'NONE', #2254, 1.000000000000000888 ) ;
#3836 = ORIENTED_EDGE ( 'NONE', *, *, #1131, .F. ) ;
#3837 = CIRCLE ( 'NONE', #1754, 3.099999999999999645 ) ;
#3838 = EDGE_CURVE ( 'NONE', #44, #413, #585, .T. ) ;
#3839 = SURFACE_SIDE_STYLE ('',( #647 ) ) ;
#3840 =( LENGTH_UNIT ( ) NAMED_UNIT ( * ) SI_UNIT ( .MILLI., .METRE. ) );
#3841 = CARTESIAN_POINT ( 'NONE',  ( -40.90000000000000568, 7.694999999999996732, 5.540000000000003588 ) ) ;
#3842 =( NAMED_UNIT ( * ) PLANE_ANGLE_UNIT ( ) SI_UNIT ( $, .RADIAN. ) );
#3843 = LINE ( 'NONE', #2970, #2962 ) ;
#3844 = LINE ( 'NONE', #1517, #168 ) ;
#3845 = UNCERTAINTY_MEASURE_WITH_UNIT (LENGTH_MEASURE( 1.000000000000000082E-05 ), #2582, 'distance_accuracy_value', 'NONE');
#3846 = EDGE_CURVE ( 'NONE', #2405, #2976, #954, .T. ) ;
#3847 = DIRECTION ( 'NONE',  ( 0.000000000000000000, 0.000000000000000000, 1.000000000000000000 ) ) ;
#3848 = ORIENTED_EDGE ( 'NONE', *, *, #3647, .F. ) ;
#3849 = DIRECTION ( 'NONE',  ( -0.000000000000000000, 1.000000000000000000, -0.000000000000000000 ) ) ;
#3850 = CARTESIAN_POINT ( 'NONE',  ( -22.50000000000000000, 34.60000000000000142, 17.50000000000000000 ) ) ;
#3851 = CYLINDRICAL_SURFACE ( 'NONE', #3758, 1.000000000000002665 ) ;
#3852 = CARTESIAN_POINT ( 'NONE',  ( -14.50000000000028777, 47.59999999999999432, -8.999999999999998224 ) ) ;
#3853 = CARTESIAN_POINT ( 'NONE',  ( 40.49999999999999289, 7.399999999999990585, 6.599999999999997868 ) ) ;
#3854 =( NAMED_UNIT ( * ) PLANE_ANGLE_UNIT ( ) SI_UNIT ( $, .RADIAN. ) );
#3855 = NEXT_ASSEMBLY_USAGE_OCCURRENCE ( 'NAUO1', ' ', ' ', #1186, #3243, $ ) ;
ENDSEC;
END-ISO-10303-21;
